13.4,13.566000000000008,0.16600000000000747,Evaluación
12.200000000000001,12.355000000000016,0.15500000000001535,Evaluación
14.8,14.659999999999984,0.14000000000001656,Evaluación
14.200000000000001,14.260000000000014,0.06000000000001293,Evaluación
14.0,14.015999999999998,0.015999999999998238,Evaluación
14.200000000000001,14.058000000000014,0.14199999999998703,Evaluación
13.4,13.578000000000001,0.17800000000000082,Evaluación
13.200000000000001,13.428000000000015,0.22800000000001397,Evaluación
13.8,13.80650000000001,0.00650000000000972,Evaluación
14.4,14.482000000000012,0.0820000000000114,Evaluación
13.600000000000001,13.541999999999991,0.05800000000001049,Evaluación
14.200000000000001,14.046000000000014,0.15399999999998748,Evaluación
14.0,14.04174285714287,0.04174285714286974,Evaluación
13.200000000000001,13.136000000000019,0.0639999999999823,Evaluación
13.0,12.841999999999995,0.1580000000000048,Evaluación
12.8,12.77300000000001,0.026999999999990365,Evaluación
12.0,12.036000000000001,0.036000000000001364,Evaluación
13.0,13.161400000000006,0.16140000000000576,Evaluación
13.4,13.270000000000008,0.1299999999999919,Evaluación
13.200000000000001,12.716000000000003,0.4839999999999982,Evaluación
13.8,13.921999999999978,0.1219999999999768,Evaluación
14.4,14.284000000000017,0.11599999999998367,Evaluación
13.200000000000001,13.248000000000015,0.048000000000014253,Evaluación
13.200000000000001,12.887999999999998,0.31200000000000294,Evaluación
12.600000000000001,12.623999999999999,0.023999999999997357,Evaluación
12.8,12.60146666666667,0.19853333333333012,Evaluación
13.0,13.125999999999998,0.12599999999999767,Evaluación
14.200000000000001,13.99100000000001,0.20899999999999075,Evaluación
13.200000000000001,13.336000000000018,0.136000000000017,Evaluación
12.8,12.685999999999996,0.11400000000000432,Evaluación
12.600000000000001,12.902000000000003,0.3020000000000014,Evaluación
13.8,13.860000000000007,0.060000000000005826,Evaluación
13.4,13.245000000000005,0.1549999999999958,Evaluación
12.200000000000001,12.154000000000005,0.04599999999999582,Evaluación
13.600000000000001,13.408999999999994,0.19100000000000783,Evaluación
12.200000000000001,12.388000000000012,0.18800000000001127,Evaluación
12.8,12.77199999999998,0.02800000000002001,Evaluación
13.4,13.38400000000001,0.015999999999991132,Evaluación
12.600000000000001,12.608999999999998,0.008999999999996788,Evaluación
12.8,12.783333333333319,0.016666666666681706,Evaluación
13.4,13.334000000000005,0.0659999999999954,Evaluación
13.0,13.732000000000003,0.7320000000000029,Evaluación
12.8,12.85599999999998,0.05599999999997962,Evaluación
14.0,13.974,0.0259999999999998,Evaluación
13.600000000000001,13.418000000000005,0.18199999999999683,Evaluación
13.0,12.757400000000011,0.24259999999998882,Evaluación
13.600000000000001,13.443999999999992,0.15600000000000946,Evaluación
12.8,12.827999999999989,0.027999999999988034,Evaluación
13.600000000000001,13.525999999999994,0.07400000000000695,Evaluación
12.600000000000001,12.608000000000002,0.008000000000000895,Evaluación
12.8,13.046000000000006,0.24600000000000577,Evaluación
12.8,12.89000000000001,0.09000000000000874,Evaluación
13.4,13.458000000000002,0.058000000000001606,Evaluación
13.4,13.34,0.0600000000000005,Evaluación
13.200000000000001,13.254000000000014,0.054000000000012705,Evaluación
14.4,14.335333333333345,0.0646666666666551,Evaluación
13.0,13.189999999999992,0.1899999999999924,Evaluación
14.200000000000001,14.13000000000001,0.0699999999999914,Evaluación
13.200000000000001,13.078500000000012,0.12149999999998862,Evaluación
13.600000000000001,13.71599999999999,0.115999999999989,Evaluación
14.0,13.847999999999997,0.1520000000000028,Evaluación
12.4,12.470666666666668,0.07066666666666777,Evaluación
13.600000000000001,13.489999999999993,0.11000000000000831,Evaluación
13.4,13.296000000000008,0.1039999999999921,Evaluación
14.200000000000001,14.341333333333344,0.14133333333334264,Evaluación
13.600000000000001,13.585999999999991,0.014000000000010004,Evaluación
13.8,13.699999999999989,0.10000000000001208,Evaluación
14.0,13.864666666666666,0.13533333333333353,Evaluación
13.8,13.977999999999986,0.17799999999998484,Evaluación
13.0,13.26200000000001,0.26200000000000934,Evaluación
14.0,13.941066666666666,0.05893333333333395,Evaluación
14.200000000000001,14.238000000000008,0.03800000000000736,Evaluación
13.0,12.944000000000003,0.055999999999997385,Evaluación
14.4,14.402000000000008,0.0020000000000077733,Evaluación
13.8,13.709999999999987,0.09000000000001407,Evaluación
13.200000000000001,13.106000000000009,0.09399999999999231,Evaluación
13.600000000000001,13.395200000000006,0.2047999999999952,Evaluación
13.0,13.060000000000002,0.060000000000002274,Evaluación
12.8,12.892999999999988,0.09299999999998754,Evaluación
12.0,12.229999999999997,0.22999999999999687,Evaluación
13.0,13.155333333333326,0.155333333333326,Evaluación
13.200000000000001,13.148000000000014,0.05199999999998717,Evaluación
14.8,14.619999999999987,0.18000000000001393,Evaluación
12.4,12.580000000000007,0.18000000000000682,Evaluación
14.0,13.828,0.1720000000000006,Evaluación
13.8,13.791999999999984,0.008000000000016882,Evaluación
13.4,13.304000000000004,0.09599999999999653,Evaluación
12.8,13.067999999999989,0.26799999999998825,Evaluación
14.200000000000001,13.917999999999997,0.2820000000000036,Evaluación
13.600000000000001,13.797999999999988,0.1979999999999862,Evaluación
12.8,12.940000000000005,0.14000000000000412,Evaluación
12.600000000000001,13.366000000000007,0.7660000000000053,Evaluación
14.200000000000001,13.900700000000008,0.29929999999999346,Evaluación
13.8,13.943666666666672,0.14366666666667172,Evaluación
13.600000000000001,13.511999999999992,0.08800000000000985,Evaluación
12.4,12.558000000000007,0.15800000000000658,Evaluación
13.600000000000001,13.60199999999999,0.0019999999999882334,Evaluación
13.200000000000001,13.234400000000011,0.03440000000001042,Evaluación
12.8,12.849999999999982,0.04999999999998117,Evaluación
13.4,13.524000000000008,0.12400000000000766,Evaluación
13.0,12.984333333333334,0.015666666666666273,Evaluación
13.0,13.300999999999998,0.3009999999999984,Evaluación
13.8,13.92,0.11999999999999922,Evaluación
12.600000000000001,12.665999999999997,0.0659999999999954,Evaluación
14.4,14.22200000000001,0.17799999999999017,Evaluación
13.8,13.813399999999985,0.013399999999984757,Evaluación
13.4,13.326000000000006,0.07399999999999451,Evaluación
13.8,13.409666666666663,0.39033333333333786,Evaluación
12.600000000000001,12.588,0.012000000000002231,Evaluación
13.4,13.266966666666669,0.13303333333333178,Evaluación
13.200000000000001,13.510666666666658,0.3106666666666573,Evaluación
12.8,12.771999999999982,0.028000000000018233,Evaluación
14.600000000000001,14.585999999999988,0.014000000000013557,Evaluación
12.600000000000001,12.862000000000002,0.26200000000000045,Evaluación
13.0,13.070000000000007,0.07000000000000739,Evaluación
14.600000000000001,14.591999999999992,0.008000000000009777,Evaluación
14.0,13.777333333333331,0.2226666666666688,Evaluación
13.600000000000001,13.463999999999992,0.1360000000000099,Evaluación
13.0,13.378933333333327,0.3789333333333271,Evaluación
14.200000000000001,14.306000000000013,0.1060000000000123,Evaluación
12.8,12.861999999999991,0.06199999999999051,Evaluación
13.600000000000001,13.40205714285715,0.1979428571428521,Evaluación
13.8,13.66,0.14000000000000057,Evaluación
13.8,13.811999999999989,0.01199999999998802,Evaluación
13.8,13.844099999999996,0.04409999999999492,Evaluación
13.4,13.416000000000006,0.016000000000005343,Evaluación
13.600000000000001,13.631666666666653,0.03166666666665208,Evaluación
12.8,12.855999999999984,0.055999999999983174,Evaluación
13.200000000000001,13.170000000000016,0.02999999999998515,Evaluación
12.600000000000001,12.563999999999995,0.03600000000000669,Evaluación
13.200000000000001,13.326000000000013,0.12600000000001188,Evaluación
13.200000000000001,13.28570000000001,0.0857000000000081,Evaluación
13.4,13.049999999999994,0.35000000000000675,Evaluación
13.0,13.056000000000004,0.05600000000000449,Evaluación
13.600000000000001,13.591999999999992,0.008000000000009777,Evaluación
13.600000000000001,13.940000000000007,0.3400000000000052,Evaluación
13.0,13.030000000000003,0.030000000000002913,Evaluación
14.200000000000001,14.220000000000022,0.02000000000002089,Evaluación
13.0,13.027999999999997,0.027999999999996916,Evaluación
12.8,12.741999999999987,0.05800000000001404,Evaluación
14.4,14.098000000000013,0.30199999999998717,Evaluación
13.0,13.231999999999998,0.23199999999999754,Evaluación
13.200000000000001,13.550000000000018,0.3500000000000174,Evaluación
12.200000000000001,12.315333333333347,0.11533333333334639,Evaluación
13.600000000000001,14.026,0.4259999999999984,Evaluación
13.8,13.68399999999998,0.11600000000002098,Evaluación
14.4,14.297600000000012,0.10239999999998872,Evaluación
14.200000000000001,14.102000000000016,0.09799999999998477,Evaluación
14.0,13.968999999999994,0.03100000000000591,Evaluación
13.600000000000001,13.631000000000013,0.03100000000001124,Evaluación
13.4,13.496666666666671,0.09666666666667112,Evaluación
13.600000000000001,13.432000000000006,0.1679999999999957,Evaluación
13.600000000000001,13.439999999999996,0.16000000000000547,Evaluación
14.4,14.516000000000005,0.11600000000000499,Evaluación
13.0,13.074133333333334,0.07413333333333405,Evaluación
13.200000000000001,13.156000000000015,0.04399999999998627,Evaluación
13.0,13.118000000000006,0.11800000000000566,Evaluación
13.4,13.870000000000013,0.4700000000000131,Evaluación
13.200000000000001,13.144000000000016,0.05599999999998495,Evaluación
13.8,13.897999999999984,0.09799999999998299,Evaluación
13.200000000000001,13.068000000000008,0.13199999999999257,Evaluación
13.8,13.733999999999986,0.06600000000001494,Evaluación
13.4,13.486000000000008,0.0860000000000074,Evaluación
13.200000000000001,13.080000000000014,0.11999999999998678,Evaluación
14.200000000000001,14.214000000000024,0.014000000000022439,Evaluación
14.0,13.980000000000008,0.019999999999992468,Evaluación
14.200000000000001,13.974000000000016,0.22599999999998488,Evaluación
13.200000000000001,12.560000000000002,0.6399999999999988,Evaluación
13.4,13.829999999999995,0.4299999999999944,Evaluación
13.200000000000001,13.248000000000012,0.0480000000000107,Evaluación
14.4,14.292000000000007,0.10799999999999343,Evaluación
13.600000000000001,13.519999999999998,0.08000000000000362,Evaluación
13.8,13.702,0.09800000000000075,Evaluación
14.200000000000001,14.168000000000022,0.03199999999997871,Evaluación
14.0,14.164000000000001,0.16400000000000148,Evaluación
13.4,13.343000000000007,0.05699999999999328,Evaluación
13.8,13.75599999999998,0.04400000000002002,Evaluación
13.0,13.385333333333334,0.3853333333333335,Evaluación
13.0,13.162199999999999,0.16219999999999857,Evaluación
12.8,12.623999999999999,0.17600000000000193,Evaluación
12.600000000000001,12.653066666666659,0.05306666666665727,Evaluación
13.8,13.828000000000005,0.02800000000000402,Evaluación
12.8,12.797999999999984,0.002000000000016655,Evaluación
14.4,14.28266666666668,0.11733333333332041,Evaluación
12.600000000000001,12.755999999999995,0.15599999999999348,Evaluación
12.8,12.931999999999999,0.1319999999999979,Evaluación
12.8,12.59999999999999,0.20000000000000995,Evaluación
13.4,13.095400000000007,0.30459999999999354,Evaluación
14.200000000000001,14.152666666666681,0.04733333333332013,Evaluación
14.0,14.133999999999988,0.1339999999999879,Evaluación
12.200000000000001,12.204000000000008,0.004000000000006665,Evaluación
13.4,13.403333333333334,0.0033333333333338544,Evaluación
14.4,14.040000000000006,0.3599999999999941,Evaluación
13.200000000000001,13.28000000000002,0.08000000000001961,Evaluación
14.0,13.980000000000002,0.019999999999997797,Evaluación
13.4,13.418000000000008,0.018000000000007788,Evaluación
13.4,13.042000000000003,0.357999999999997,Evaluación
14.200000000000001,14.15533333333335,0.0446666666666502,Evaluación
13.200000000000001,12.865999999999996,0.33400000000000496,Evaluación
13.600000000000001,13.474800000000009,0.12519999999999243,Evaluación
14.8,14.629999999999985,0.17000000000001592,Evaluación
12.8,12.957999999999988,0.15799999999998704,Evaluación
13.0,13.113566666666673,0.11356666666667259,Evaluación
13.200000000000001,13.352666666666675,0.15266666666667383,Evaluación
13.200000000000001,13.346319047619051,0.14631904761905012,Evaluación
13.600000000000001,13.479999999999995,0.12000000000000632,Evaluación
13.4,13.408000000000007,0.008000000000006224,Evaluación
14.8,14.60999999999999,0.19000000000001016,Evaluación
14.8,14.539999999999997,0.26000000000000334,Evaluación
12.4,12.588,0.18799999999999883,Evaluación
13.200000000000001,13.361466666666677,0.16146666666667642,Evaluación
13.8,13.679999999999993,0.1200000000000081,Evaluación
13.600000000000001,13.691999999999986,0.09199999999998454,Evaluación
13.200000000000001,13.14600000000002,0.05399999999998073,Evaluación
13.600000000000001,13.742666666666656,0.1426666666666545,Evaluación
13.8,13.813999999999982,0.013999999999981583,Evaluación
13.4,13.466000000000006,0.06600000000000605,Evaluación
15.0,14.443333333333337,0.5566666666666631,Evaluación
12.0,12.122000000000003,0.12200000000000344,Evaluación
13.200000000000001,13.050000000000013,0.14999999999998792,Evaluación
14.600000000000001,14.617999999999988,0.01799999999998647,Evaluación
13.600000000000001,13.953999999999992,0.3539999999999903,Evaluación
12.4,12.356800000000007,0.043199999999993466,Evaluación
12.4,12.29,0.11000000000000121,Evaluación
13.0,13.058000000000002,0.058000000000001606,Evaluación
13.8,13.82799999999998,0.027999999999979153,Evaluación
12.8,12.805999999999983,0.005999999999982464,Evaluación
13.4,13.441933333333337,0.041933333333336265,Evaluación
14.0,13.906000000000006,0.09399999999999409,Evaluación
14.0,13.877999999999995,0.12200000000000522,Evaluación
13.8,13.366000000000001,0.4339999999999993,Evaluación
12.200000000000001,12.403999999999991,0.20399999999998997,Evaluación
13.8,13.899333333333315,0.0993333333333144,Evaluación
12.600000000000001,12.647000000000007,0.047000000000005926,Evaluación
13.4,13.60200000000001,0.20200000000000884,Evaluación
13.0,13.172,0.1720000000000006,Evaluación
13.200000000000001,13.178000000000015,0.02199999999998603,Evaluación
12.600000000000001,12.72733333333333,0.12733333333332908,Evaluación
13.600000000000001,13.615999999999994,0.01599999999999291,Evaluación
13.0,12.829999999999998,0.1700000000000017,Evaluación
13.4,13.807999999999982,0.4079999999999817,Evaluación
13.600000000000001,13.611999999999988,0.011999999999986244,Evaluación
12.8,12.951999999999984,0.15199999999998326,Evaluación
14.200000000000001,14.262000000000025,0.06200000000002426,Evaluación
13.8,13.704499999999989,0.09550000000001191,Evaluación
13.4,13.430000000000016,0.030000000000015348,Evaluación
13.0,13.208000000000002,0.20800000000000196,Evaluación
13.600000000000001,13.765999999999993,0.1659999999999915,Evaluación
13.4,13.398000000000001,0.0019999999999988916,Evaluación
13.4,13.280000000000012,0.11999999999998856,Evaluación
13.200000000000001,13.222000000000014,0.022000000000012676,Evaluación
14.0,14.008000000000006,0.008000000000006224,Evaluación
13.0,12.845999999999997,0.15400000000000347,Evaluación
13.8,13.713999999999992,0.08600000000000918,Evaluación
13.0,12.85999999999999,0.14000000000000945,Evaluación
12.600000000000001,12.605999999999996,0.005999999999994898,Evaluación
13.4,13.306000000000008,0.09399999999999231,Evaluación
13.0,12.838000000000001,0.16199999999999903,Evaluación
13.200000000000001,13.22400000000002,0.024000000000018673,Evaluación
13.200000000000001,13.190000000000005,0.009999999999996234,Evaluación
13.8,13.817999999999984,0.01799999999998292,Evaluación
12.600000000000001,12.578000000000001,0.02200000000000024,Evaluación
13.0,12.918000000000001,0.08199999999999896,Evaluación
13.4,14.027999999999997,0.6279999999999966,Evaluación
13.8,13.81399999999998,0.013999999999979806,Evaluación
13.0,12.515999999999998,0.48400000000000176,Evaluación
13.0,12.935999999999993,0.06400000000000716,Evaluación
13.0,12.993999999999994,0.0060000000000055564,Evaluación
13.4,13.528000000000004,0.12800000000000367,Evaluación
13.200000000000001,13.39400000000001,0.19400000000000972,Evaluación
14.4,14.362000000000005,0.03799999999999493,Evaluación
13.200000000000001,13.083000000000013,0.11699999999998845,Evaluación
13.0,13.078733333333332,0.07873333333333221,Evaluación
13.8,13.807999999999982,0.007999999999981355,Evaluación
13.600000000000001,13.719999999999994,0.11999999999999211,Evaluación
12.8,12.76499999999998,0.03500000000002146,Evaluación
13.8,14.099199999999996,0.29919999999999547,Evaluación
11.8,11.919999999999986,0.11999999999998501,Evaluación
13.600000000000001,13.62599999999999,0.025999999999989143,Evaluación
12.0,12.633999999999991,0.6339999999999915,Evaluación
12.4,12.817333333333337,0.4173333333333371,Evaluación
13.4,13.476,0.07600000000000051,Evaluación
13.600000000000001,13.582671428571423,0.017328571428578243,Evaluación
12.8,12.861999999999991,0.06199999999999051,Evaluación
13.0,12.955999999999996,0.044000000000004036,Evaluación
13.0,13.121999999999998,0.12199999999999811,Evaluación
12.600000000000001,12.70599999999999,0.10599999999998921,Evaluación
14.0,13.724000000000004,0.27599999999999625,Evaluación
13.200000000000001,13.202000000000021,0.002000000000020208,Evaluación
13.600000000000001,13.497999999999992,0.1020000000000092,Evaluación
13.200000000000001,13.34799999999999,0.14799999999998903,Evaluación
12.600000000000001,12.592,0.008000000000000895,Evaluación
13.200000000000001,13.302000000000016,0.10200000000001452,Evaluación
13.0,13.334999999999994,0.33499999999999375,Evaluación
13.200000000000001,13.080000000000007,0.11999999999999389,Evaluación
13.4,13.374000000000013,0.025999999999987367,Evaluación
13.200000000000001,13.319000000000008,0.11900000000000688,Evaluación
12.600000000000001,12.907999999999994,0.3079999999999927,Evaluación
13.200000000000001,13.154000000000018,0.04599999999998339,Evaluación
13.4,13.431142857142868,0.031142857142867797,Evaluación
14.200000000000001,14.324000000000014,0.12400000000001299,Evaluación
13.4,13.406000000000008,0.006000000000007333,Evaluación
13.8,13.777999999999984,0.02200000000001623,Evaluación
13.4,13.463999999999992,0.06399999999999118,Evaluación
14.4,14.258000000000012,0.1419999999999888,Evaluación
14.0,14.165999999999995,0.16599999999999504,Evaluación
13.4,13.502000000000002,0.10200000000000209,Evaluación
12.8,13.013999999999987,0.2139999999999862,Evaluación
13.4,13.545999999999994,0.1459999999999937,Evaluación
13.8,13.699999999999983,0.10000000000001741,Evaluación
13.600000000000001,13.643999999999995,0.04399999999999338,Evaluación
12.600000000000001,12.806000000000004,0.20600000000000307,Evaluación
13.600000000000001,13.485999999999995,0.1140000000000061,Evaluación
14.0,13.849999999999998,0.15000000000000213,Evaluación
13.200000000000001,13.35200000000001,0.15200000000000813,Evaluación
13.600000000000001,13.578000000000015,0.02199999999998603,Evaluación
13.4,13.29000000000001,0.10999999999999055,Evaluación
13.8,13.863999999999983,0.0639999999999823,Evaluación
13.200000000000001,13.382,0.1819999999999986,Evaluación
13.600000000000001,13.468000000000002,0.13199999999999967,Evaluación
13.8,13.777999999999986,0.022000000000014452,Evaluación
14.0,13.993200000000002,0.006799999999998363,Evaluación
14.8,14.653999999999987,0.14600000000001323,Evaluación
14.0,13.869333333333342,0.1306666666666576,Evaluación
13.200000000000001,13.250000000000005,0.05000000000000426,Evaluación
13.8,13.343999999999996,0.45600000000000485,Evaluación
12.8,12.877999999999984,0.07799999999998342,Evaluación
12.4,12.727828571428569,0.3278285714285687,Evaluación
14.0,14.203999999999999,0.20399999999999885,Evaluación
13.600000000000001,13.749999999999995,0.14999999999999325,Evaluación
13.0,12.966000000000001,0.03399999999999892,Evaluación
13.0,12.933999999999996,0.06600000000000428,Evaluación
14.200000000000001,13.898000000000017,0.3019999999999836,Evaluación
13.200000000000001,12.76866666666666,0.4313333333333418,Evaluación
12.200000000000001,12.348000000000015,0.1480000000000139,Evaluación
13.4,13.694666666666675,0.29466666666667507,Evaluación
13.0,13.078000000000001,0.07800000000000118,Evaluación
13.0,13.068000000000001,0.06800000000000139,Evaluación
13.0,13.095999999999998,0.09599999999999831,Evaluación
14.600000000000001,14.305499999999997,0.29450000000000465,Evaluación
12.4,12.515999999999998,0.11599999999999788,Evaluación
12.0,12.112,0.1120000000000001,Evaluación
12.200000000000001,12.31600000000002,0.1160000000000192,Evaluación
13.4,13.294000000000004,0.10599999999999632,Evaluación
14.0,14.064033333333342,0.0640333333333416,Evaluación
13.8,13.925999999999988,0.125999999999987,Evaluación
13.200000000000001,13.42600000000001,0.22600000000000975,Evaluación
12.8,12.749666666666654,0.050333333333346886,Evaluación
13.600000000000001,13.48799999999999,0.11200000000001076,Evaluación
13.4,13.094000000000001,0.30599999999999916,Evaluación
12.8,12.84199999999998,0.0419999999999785,Evaluación
13.0,12.680000000000001,0.3199999999999985,Evaluación
13.200000000000001,13.154914285714304,0.04508571428569752,Evaluación
12.600000000000001,12.573999999999998,0.026000000000003354,Evaluación
13.600000000000001,13.541999999999994,0.058000000000006935,Evaluación
13.200000000000001,13.31600000000001,0.11600000000000854,Evaluación
12.600000000000001,12.813999999999995,0.2139999999999933,Evaluación
12.600000000000001,12.727999999999993,0.12799999999999123,Evaluación
14.0,13.974000000000004,0.02599999999999625,Evaluación
13.600000000000001,13.405999999999997,0.1940000000000044,Evaluación
13.200000000000001,13.158000000000015,0.041999999999985604,Evaluación
12.600000000000001,12.64266666666666,0.042666666666658415,Evaluación
13.4,13.412000000000003,0.012000000000002231,Evaluación
12.4,12.378000000000002,0.021999999999998465,Evaluación
14.200000000000001,13.98933333333333,0.2106666666666719,Evaluación
14.4,14.204466666666669,0.19553333333333178,Evaluación
14.4,14.410000000000007,0.010000000000006892,Evaluación
13.600000000000001,13.763999999999992,0.16399999999999082,Evaluación
13.200000000000001,13.224000000000023,0.024000000000022226,Evaluación
14.0,14.08866666666667,0.08866666666667022,Evaluación
13.200000000000001,13.044000000000018,0.15599999999998282,Evaluación
14.4,14.100000000000014,0.2999999999999865,Evaluación
12.8,12.80999999999998,0.00999999999997847,Evaluación
12.600000000000001,12.503333333333341,0.09666666666666046,Evaluación
12.200000000000001,12.418000000000015,0.21800000000001418,Evaluación
12.4,12.616000000000003,0.21600000000000286,Evaluación
13.600000000000001,13.6304,0.03039999999999843,Evaluación
13.600000000000001,13.646999999999986,0.04699999999998461,Evaluación
12.600000000000001,12.991499999999998,0.3914999999999971,Evaluación
14.0,14.084000000000001,0.0840000000000014,Evaluación
13.600000000000001,13.496000000000011,0.10399999999999032,Evaluación
14.4,14.191166666666675,0.20883333333332565,Evaluación
13.4,13.183999999999996,0.21600000000000463,Evaluación
12.200000000000001,12.39000000000001,0.19000000000000838,Evaluación
13.8,13.92599999999998,0.1259999999999799,Evaluación
12.200000000000001,12.266000000000012,0.06600000000001138,Evaluación
15.0,14.778000000000002,0.22199999999999775,Evaluación
13.600000000000001,13.733999999999996,0.133999999999995,Evaluación
13.0,13.027999999999999,0.027999999999998693,Evaluación
13.4,13.126000000000003,0.27399999999999736,Evaluación
15.0,14.731999999999998,0.26800000000000246,Evaluación
12.8,12.717999999999988,0.08200000000001317,Evaluación
14.0,14.217333333333347,0.2173333333333467,Evaluación
13.4,13.654000000000002,0.25400000000000134,Evaluación
12.600000000000001,12.522666666666659,0.07733333333334258,Evaluación
13.0,12.965499999999999,0.03450000000000131,Evaluación
13.4,13.499333333333341,0.09933333333334105,Evaluación
13.4,13.483666666666666,0.08366666666666589,Evaluación
12.600000000000001,12.518666666666666,0.08133333333333503,Evaluación
13.200000000000001,13.220000000000013,0.020000000000012008,Evaluación
13.0,12.913999999999998,0.08600000000000207,Evaluación
13.4,13.561999999999994,0.1619999999999937,Evaluación
13.8,13.909999999999986,0.10999999999998522,Evaluación
13.200000000000001,12.872000000000016,0.3279999999999852,Evaluación
12.8,12.793999999999981,0.006000000000019767,Evaluación
14.600000000000001,14.461999999999989,0.13800000000001234,Evaluación
13.200000000000001,13.35950476190477,0.1595047619047687,Evaluación
13.600000000000001,13.768999999999988,0.16899999999998627,Evaluación
14.0,13.472000000000003,0.5279999999999969,Evaluación
13.8,13.879999999999985,0.07999999999998408,Evaluación
13.4,13.114666666666663,0.28533333333333744,Evaluación
12.4,12.492000000000003,0.0920000000000023,Evaluación
13.600000000000001,13.527999999999995,0.07200000000000628,Evaluación
14.4,14.250000000000007,0.14999999999999325,Evaluación
13.8,14.232000000000001,0.4320000000000004,Evaluación
13.200000000000001,13.278000000000015,0.07800000000001361,Evaluación
14.0,14.003999999999998,0.003999999999997783,Evaluación
14.200000000000001,14.21200000000002,0.012000000000018218,Evaluación
13.0,13.068333333333342,0.06833333333334224,Evaluación
14.0,13.903999999999996,0.09600000000000364,Evaluación
13.0,13.72000000000001,0.7200000000000095,Evaluación
12.4,12.394000000000004,0.005999999999996675,Evaluación
12.4,11.909999999999986,0.4900000000000144,Evaluación
14.0,13.966000000000006,0.03399999999999359,Evaluación
13.200000000000001,12.876838095238098,0.32316190476190343,Evaluación
13.4,12.62,0.7800000000000011,Evaluación
14.4,14.286000000000007,0.11399999999999366,Evaluación
13.200000000000001,13.044000000000016,0.1559999999999846,Evaluación
13.600000000000001,13.713999999999992,0.11399999999999011,Evaluación
12.4,12.412,0.012000000000000455,Evaluación
12.8,12.813999999999982,0.013999999999981583,Evaluación
13.0,12.718300000000013,0.2816999999999865,Evaluación
13.200000000000001,13.00633333333333,0.19366666666667065,Evaluación
12.8,12.865999999999984,0.06599999999998296,Evaluación
13.4,13.370000000000012,0.029999999999988702,Evaluación
13.8,13.102999999999998,0.6970000000000027,Evaluación
13.600000000000001,13.591999999999995,0.008000000000006224,Evaluación
12.8,12.843999999999994,0.04399999999999338,Evaluación
13.600000000000001,13.533999999999994,0.06600000000000783,Evaluación
12.8,12.826,0.0259999999999998,Evaluación
14.200000000000001,14.112000000000016,0.08799999999998498,Evaluación
12.200000000000001,12.236000000000017,0.036000000000015575,Evaluación
13.600000000000001,13.56199999999999,0.038000000000010914,Evaluación
14.600000000000001,14.445999999999987,0.15400000000001413,Evaluación
12.8,12.595999999999986,0.20400000000001484,Evaluación
14.4,14.527999999999986,0.1279999999999859,Evaluación
13.0,12.835999999999997,0.16400000000000325,Evaluación
13.600000000000001,13.378000000000007,0.2219999999999942,Evaluación
14.200000000000001,14.084000000000017,0.11599999999998367,Evaluación
13.0,13.026,0.0259999999999998,Evaluación
13.200000000000001,13.04800000000001,0.15199999999999037,Evaluación
12.600000000000001,12.422,0.17800000000000082,Evaluación
14.8,14.817999999999984,0.01799999999998292,Evaluación
13.200000000000001,13.176000000000018,0.023999999999983146,Evaluación
12.600000000000001,12.421999999999995,0.17800000000000615,Evaluación
14.4,14.286000000000017,0.113999999999983,Evaluación
13.8,13.601999999999986,0.1980000000000146,Evaluación
13.4,13.200866666666666,0.19913333333333405,Evaluación
13.200000000000001,13.198000000000018,0.0019999999999829043,Evaluación
12.8,12.919999999999991,0.11999999999999034,Evaluación
13.4,13.382000000000007,0.017999999999993577,Evaluación
13.8,13.621999999999984,0.1780000000000168,Evaluación
13.0,12.946766666666658,0.0532333333333419,Evaluación
12.8,12.943999999999983,0.14399999999998236,Evaluación
13.0,13.062000000000005,0.06200000000000472,Evaluación
14.4,14.272000000000016,0.12799999999998413,Evaluación
13.200000000000001,13.33000000000001,0.13000000000000966,Evaluación
13.200000000000001,13.288000000000018,0.08800000000001695,Evaluación
13.4,13.72733333333333,0.32733333333333015,Evaluación
13.8,13.64680000000001,0.15319999999999112,Evaluación
13.8,13.867999999999984,0.06799999999998363,Evaluación
13.600000000000001,13.927733333333327,0.32773333333332566,Evaluación
12.200000000000001,12.570844444444448,0.3708444444444474,Evaluación
12.600000000000001,12.733999999999998,0.1339999999999968,Evaluación
12.600000000000001,12.546,0.054000000000002046,Evaluación
13.600000000000001,13.697999999999995,0.09799999999999365,Evaluación
12.600000000000001,12.316,0.2840000000000007,Evaluación
13.200000000000001,12.981500000000015,0.21849999999998637,Evaluación
13.0,12.999999999999998,1.7763568394002505e-15,Evaluación
13.600000000000001,13.691999999999991,0.09199999999998987,Evaluación
13.200000000000001,13.234000000000014,0.03400000000001313,Evaluación
13.200000000000001,13.194000000000019,0.005999999999982464,Evaluación
14.0,13.940366666666664,0.05963333333333587,Evaluación
12.200000000000001,12.174000000000012,0.025999999999989143,Evaluación
12.200000000000001,12.346000000000014,0.14600000000001323,Evaluación
14.200000000000001,14.330000000000018,0.13000000000001677,Evaluación
13.4,13.623666666666672,0.2236666666666718,Evaluación
14.0,13.842,0.15799999999999947,Evaluación
13.8,13.869999999999989,0.06999999999998785,Evaluación
13.0,13.003999999999998,0.003999999999997783,Evaluación
12.200000000000001,12.10200000000001,0.09799999999999187,Evaluación
13.600000000000001,13.254000000000017,0.3459999999999841,Evaluación
14.8,14.703999999999986,0.0960000000000143,Evaluación
13.4,13.456000000000003,0.056000000000002714,Evaluación
14.0,13.769999999999998,0.2300000000000022,Evaluación
11.8,12.00999999999999,0.20999999999998842,Evaluación
12.8,12.824000000000002,0.02400000000000091,Evaluación
13.200000000000001,13.204000000000017,0.004000000000015547,Evaluación
12.600000000000001,12.771999999999997,0.17199999999999527,Evaluación
12.200000000000001,12.494600000000007,0.2946000000000062,Evaluación
13.600000000000001,13.702499999999993,0.10249999999999204,Evaluación
13.0,13.266000000000012,0.26600000000001245,Evaluación
13.8,13.949999999999974,0.1499999999999737,Evaluación
13.600000000000001,13.458000000000013,0.1419999999999888,Evaluación
13.8,13.643999999999988,0.15600000000001302,Evaluación
13.4,13.340000000000007,0.05999999999999339,Evaluación
14.0,13.994000000000005,0.005999999999994898,Evaluación
13.600000000000001,13.605999999999993,0.005999999999991346,Evaluación
13.4,13.20933333333334,0.19066666666665988,Evaluación
13.4,13.474000000000006,0.07400000000000517,Evaluación
15.0,14.775399999999998,0.22460000000000235,Evaluación
12.600000000000001,12.888000000000007,0.2880000000000056,Evaluación
14.0,14.064000000000007,0.06400000000000716,Evaluación
14.0,13.633657142857146,0.366342857142854,Evaluación
12.8,12.955999999999987,0.15599999999998637,Evaluación
11.8,12.083999999999985,0.2839999999999847,Evaluación
12.600000000000001,12.515999999999996,0.08400000000000496,Evaluación
13.4,13.308000000000007,0.09199999999999342,Evaluación
13.600000000000001,13.92736666666667,0.32736666666666814,Evaluación
13.600000000000001,13.551999999999998,0.048000000000003595,Evaluación
13.200000000000001,13.280000000000015,0.08000000000001428,Evaluación
12.200000000000001,12.196000000000017,0.003999999999983572,Evaluación
14.0,13.864000000000003,0.13599999999999746,Evaluación
13.0,13.127999999999997,0.12799999999999656,Evaluación
12.8,12.729199999999992,0.07080000000000908,Evaluación
13.8,13.853999999999985,0.05399999999998428,Evaluación
12.8,12.953999999999983,0.15399999999998215,Evaluación
12.200000000000001,12.311333333333348,0.11133333333334683,Evaluación
12.8,12.897999999999985,0.09799999999998477,Evaluación
13.600000000000001,13.750000000000002,0.15000000000000036,Evaluación
13.4,13.711599999999999,0.31159999999999854,Evaluación
12.4,12.320000000000007,0.07999999999999297,Evaluación
13.200000000000001,13.206000000000016,0.006000000000014438,Evaluación
14.4,14.420000000000005,0.020000000000004903,Evaluación
13.600000000000001,12.493999999999998,1.1060000000000034,Evaluación
14.200000000000001,13.740666666666655,0.4593333333333458,Evaluación
13.0,13.042,0.041999999999999815,Evaluación
13.600000000000001,13.582,0.018000000000000682,Evaluación
13.0,13.47399999999999,0.47399999999998954,Evaluación
12.8,12.753999999999987,0.046000000000013586,Evaluación
13.0,13.08,0.08000000000000007,Evaluación
13.0,13.154000000000002,0.1540000000000017,Evaluación
14.600000000000001,14.54399999999999,0.056000000000011596,Evaluación
14.4,14.211999999999996,0.18800000000000416,Evaluación
12.8,13.078333333333342,0.2783333333333413,Evaluación
13.8,13.92899999999998,0.12899999999998002,Evaluación
13.8,13.833999999999982,0.033999999999981156,Evaluación
14.0,14.012000000000002,0.012000000000002231,Evaluación
13.600000000000001,13.151999999999996,0.4480000000000057,Evaluación
15.0,14.829999999999993,0.17000000000000703,Evaluación
13.4,13.23200000000001,0.16799999999999038,Evaluación
13.8,13.731999999999985,0.0680000000000156,Evaluación
14.200000000000001,14.062000000000019,0.13799999999998214,Evaluación
13.200000000000001,13.010000000000002,0.1899999999999995,Evaluación
13.0,13.108000000000002,0.10800000000000232,Evaluación
14.0,13.648000000000009,0.35199999999999143,Evaluación
13.200000000000001,12.902000000000017,0.29799999999998406,Evaluación
14.8,14.549999999999981,0.25000000000001954,Evaluación
13.200000000000001,13.17200000000002,0.02799999999998093,Evaluación
13.600000000000001,13.794999999999995,0.19499999999999318,Evaluación
13.600000000000001,13.528999999999991,0.07100000000001039,Evaluación
12.4,12.791999999999994,0.39199999999999413,Evaluación
14.200000000000001,14.014000000000017,0.18599999999998396,Evaluación
12.600000000000001,12.687999999999995,0.08799999999999386,Evaluación
13.8,13.725999999999985,0.07400000000001583,Evaluación
14.200000000000001,14.031200000000007,0.16879999999999384,Evaluación
13.200000000000001,12.976000000000017,0.2239999999999842,Evaluación
12.8,12.941999999999984,0.14199999999998347,Evaluación
13.0,12.892000000000001,0.10799999999999876,Evaluación
13.8,13.691999999999986,0.10800000000001475,Evaluación
13.200000000000001,13.238000000000016,0.03800000000001447,Evaluación
13.4,13.49000000000001,0.09000000000001052,Evaluación
13.0,13.155999999999999,0.1559999999999988,Evaluación
13.0,13.110000000000005,0.11000000000000476,Evaluación
13.4,13.315500000000009,0.08449999999999136,Evaluación
13.200000000000001,13.24200000000002,0.042000000000019355,Evaluación
13.8,13.779999999999989,0.020000000000012008,Evaluación
12.8,12.743999999999998,0.056000000000002714,Evaluación
14.0,13.937399999999993,0.06260000000000687,Evaluación
13.600000000000001,13.525999999999987,0.07400000000001405,Evaluación
13.600000000000001,13.607999999999997,0.007999999999995566,Evaluación
13.8,13.696999999999987,0.10300000000001397,Evaluación
13.600000000000001,13.195999999999987,0.4040000000000141,Evaluación
14.0,13.924,0.07600000000000051,Evaluación
13.4,13.060000000000016,0.33999999999998387,Evaluación
14.4,13.996800000000016,0.403199999999984,Evaluación
13.8,13.459000000000005,0.34099999999999575,Evaluación
13.8,13.79999999999999,1.0658141036401503e-14,Evaluación
12.8,12.937999999999988,0.13799999999998747,Evaluación
12.600000000000001,12.685999999999995,0.08599999999999319,Evaluación
14.0,13.874333333333333,0.12566666666666748,Evaluación
14.0,13.93086666666667,0.06913333333332972,Evaluación
13.200000000000001,13.228000000000016,0.02800000000001468,Evaluación
14.0,14.046,0.045999999999999375,Evaluación
13.200000000000001,13.01800000000002,0.18199999999998084,Evaluación
13.600000000000001,13.700999999999992,0.10099999999999021,Evaluación
12.200000000000001,12.196000000000016,0.003999999999985349,Evaluación
14.4,14.492000000000012,0.09200000000001118,Evaluación
13.8,14.139999999999992,0.339999999999991,Evaluación
12.600000000000001,13.174000000000012,0.5740000000000105,Evaluación
14.4,14.330000000000014,0.06999999999998607,Evaluación
13.0,12.895999999999994,0.10400000000000631,Evaluación
14.8,14.751999999999983,0.048000000000017806,Evaluación
12.4,12.62428571428572,0.22428571428572042,Evaluación
13.0,13.144000000000004,0.14400000000000368,Evaluación
13.600000000000001,13.737999999999994,0.1379999999999928,Evaluación
13.200000000000001,13.195000000000011,0.0049999999999901235,Evaluación
14.200000000000001,14.04174285714287,0.15825714285713133,Evaluación
12.4,12.552,0.15199999999999925,Evaluación
13.0,13.12,0.11999999999999922,Evaluación
13.600000000000001,13.496000000000002,0.1039999999999992,Evaluación
14.0,13.252000000000017,0.7479999999999833,Evaluación
13.4,13.542000000000007,0.14200000000000657,Evaluación
12.600000000000001,12.607000000000001,0.006999999999999673,Evaluación
12.600000000000001,12.498000000000001,0.10200000000000031,Evaluación
13.8,13.97816666666665,0.17816666666664993,Evaluación
13.200000000000001,13.184000000000017,0.015999999999984027,Evaluación
14.0,13.967000000000006,0.032999999999994145,Evaluación
12.600000000000001,12.689999999999998,0.0899999999999963,Evaluación
14.4,14.474000000000013,0.07400000000001228,Evaluación
13.0,12.919999999999993,0.08000000000000718,Evaluación
13.4,13.201000000000008,0.19899999999999274,Evaluación
12.600000000000001,13.05216666666666,0.45216666666665795,Evaluación
13.0,12.927999999999997,0.07200000000000273,Evaluación
13.4,13.85599999999999,0.45599999999998886,Evaluación
13.600000000000001,13.78199999999999,0.18199999999998795,Evaluación
12.600000000000001,12.729999999999988,0.12999999999998657,Evaluación
12.8,12.919999999999986,0.11999999999998501,Evaluación
14.600000000000001,14.53799999999999,0.06200000000001182,Evaluación
13.200000000000001,13.132000000000016,0.0679999999999854,Evaluación
13.200000000000001,13.34000000000001,0.14000000000000945,Evaluación
13.200000000000001,13.337000000000016,0.13700000000001467,Evaluación
13.8,13.801999999999985,0.0019999999999846807,Evaluación
11.8,11.855999999999979,0.055999999999977845,Evaluación
13.600000000000001,13.665499999999998,0.06549999999999656,Evaluación
13.4,13.534400000000007,0.13440000000000651,Evaluación
12.8,12.895999999999983,0.09599999999998232,Evaluación
13.0,13.114000000000003,0.11400000000000254,Evaluación
13.600000000000001,13.561999999999994,0.03800000000000736,Evaluación
14.0,14.196200000000008,0.19620000000000815,Evaluación
12.4,12.386000000000001,0.013999999999999346,Evaluación
14.4,13.883999999999993,0.5160000000000071,Evaluación
12.4,12.434000000000001,0.034000000000000696,Evaluación
13.600000000000001,13.519999999999998,0.08000000000000362,Evaluación
13.8,13.675999999999982,0.12400000000001832,Evaluación
14.600000000000001,14.571999999999992,0.02800000000000935,Evaluación
13.8,13.729999999999983,0.07000000000001805,Evaluación
13.4,13.506000000000006,0.1060000000000052,Evaluación
13.0,13.044000000000004,0.044000000000004036,Evaluación
12.600000000000001,12.641066666666672,0.041066666666671026,Evaluación
13.200000000000001,13.138000000000016,0.06199999999998518,Evaluación
13.200000000000001,13.206000000000016,0.006000000000014438,Evaluación
14.0,14.211333333333336,0.21133333333333582,Evaluación
13.8,13.662999999999988,0.1370000000000129,Evaluación
14.0,13.422500000000003,0.577499999999997,Evaluación
13.4,13.366742857142862,0.03325714285713843,Evaluación
14.600000000000001,14.579999999999986,0.02000000000001556,Evaluación
13.200000000000001,13.160000000000016,0.039999999999984936,Evaluación
14.0,14.054000000000004,0.05400000000000382,Evaluación
13.4,13.34066666666668,0.05933333333332058,Evaluación
12.0,12.335999999999995,0.33599999999999497,Evaluación
13.0,12.977999999999998,0.022000000000002018,Evaluación
12.600000000000001,12.51533333333333,0.08466666666667066,Evaluación
14.4,14.32850000000001,0.07149999999998968,Evaluación
12.4,12.698000000000011,0.2980000000000107,Evaluación
14.0,13.716000000000006,0.2839999999999936,Evaluación
14.0,14.005999999999998,0.005999999999998451,Evaluación
12.8,12.979999999999992,0.17999999999999083,Evaluación
12.8,12.903999999999987,0.10399999999998677,Evaluación
13.4,13.532000000000007,0.13200000000000678,Evaluación
12.8,12.875999999999987,0.0759999999999863,Evaluación
14.4,14.22600000000001,0.1739999999999906,Evaluación
13.200000000000001,13.501999999999995,0.3019999999999943,Evaluación
13.200000000000001,13.40800000000001,0.20800000000000907,Evaluación
14.200000000000001,14.108000000000013,0.09199999999998809,Evaluación
13.200000000000001,13.166000000000018,0.03399999999998293,Evaluación
12.8,12.785999999999994,0.014000000000006452,Evaluación
13.200000000000001,13.308000000000014,0.10800000000001297,Evaluación
12.4,12.480000000000004,0.08000000000000362,Evaluación
14.0,14.011999999999999,0.011999999999998678,Evaluación
13.8,13.759999999999986,0.040000000000015135,Evaluación
13.0,12.736999999999984,0.2630000000000159,Evaluación
14.0,13.766000000000004,0.23399999999999643,Evaluación
14.0,13.820514285714282,0.17948571428571825,Evaluación
13.4,13.385600000000002,0.014399999999998414,Evaluación
13.8,13.793999999999977,0.00600000000002332,Evaluación
12.4,12.604,0.20399999999999885,Evaluación
13.4,13.362000000000005,0.03799999999999493,Evaluación
13.0,13.074000000000003,0.0740000000000034,Evaluación
13.0,13.062000000000003,0.06200000000000294,Evaluación
13.0,13.223999999999997,0.22399999999999665,Evaluación
13.8,13.779999999999996,0.020000000000004903,Evaluación
12.600000000000001,12.569999999999995,0.030000000000006466,Evaluación
13.200000000000001,13.342000000000017,0.14200000000001545,Evaluación
13.4,13.510000000000002,0.11000000000000121,Evaluación
13.8,13.815999999999981,0.015999999999980474,Evaluación
13.4,13.803999999999998,0.40399999999999814,Evaluación
14.0,14.060999999999996,0.06099999999999639,Evaluación
13.4,13.278000000000006,0.12199999999999456,Evaluación
14.0,13.905999999999995,0.09400000000000475,Evaluación
13.0,12.967499999999996,0.03250000000000419,Evaluación
12.600000000000001,13.475999999999997,0.8759999999999959,Evaluación
12.8,12.84999999999999,0.04999999999999005,Evaluación
13.8,13.797999999999979,0.002000000000021984,Evaluación
12.0,12.228,0.22799999999999976,Evaluación
13.8,13.70733333333333,0.09266666666667156,Evaluación
14.4,13.886666666666667,0.5133333333333336,Evaluación
12.600000000000001,12.551999999999996,0.04800000000000537,Evaluación
12.600000000000001,12.7,0.09999999999999787,Evaluación
13.200000000000001,13.312000000000012,0.11200000000001076,Evaluación
14.0,13.61599999999998,0.3840000000000199,Evaluación
13.600000000000001,13.58499999999999,0.015000000000011227,Evaluación
13.8,13.314,0.48600000000000065,Evaluación
14.4,14.39450000000001,0.0054999999999907345,Evaluación
13.4,13.824000000000002,0.42400000000000126,Evaluación
13.600000000000001,13.556,0.04400000000000226,Evaluación
14.0,14.269499999999995,0.2694999999999954,Evaluación
13.600000000000001,13.48399999999999,0.1160000000000121,Evaluación
13.8,13.879999999999985,0.07999999999998408,Evaluación
13.600000000000001,13.547999999999995,0.05200000000000671,Evaluación
13.200000000000001,13.347000000000014,0.14700000000001268,Evaluación
14.4,14.377666666666675,0.0223333333333251,Evaluación
13.4,13.411333333333337,0.011333333333336526,Evaluación
14.0,14.017999999999997,0.01799999999999713,Evaluación
14.600000000000001,14.529999999999989,0.07000000000001272,Evaluación
14.600000000000001,14.511999999999986,0.08800000000001518,Evaluación
12.0,12.154000000000002,0.1540000000000017,Evaluación
13.4,13.556000000000008,0.1560000000000077,Evaluación
13.8,13.650666666666652,0.14933333333334886,Evaluación
13.0,12.978,0.02200000000000024,Evaluación
14.0,14.060000000000002,0.060000000000002274,Evaluación
13.600000000000001,13.535999999999992,0.06400000000000894,Evaluación
13.200000000000001,13.324000000000018,0.12400000000001654,Evaluación
13.0,13.069999999999999,0.06999999999999851,Evaluación
12.8,12.989999999999982,0.18999999999998174,Evaluación
13.4,13.344000000000005,0.05599999999999561,Evaluación
13.0,12.841999999999999,0.15800000000000125,Evaluación
12.8,12.797333333333313,0.0026666666666876893,Evaluación
13.4,13.57800000000001,0.1780000000000097,Evaluación
14.0,13.774000000000003,0.22599999999999731,Evaluación
12.600000000000001,12.798,0.19799999999999862,Evaluación
14.200000000000001,14.010000000000016,0.1899999999999853,Evaluación
13.600000000000001,13.05399999999999,0.5460000000000118,Evaluación
13.4,13.007999999999996,0.3920000000000048,Evaluación
13.4,13.310000000000008,0.08999999999999275,Evaluación
13.600000000000001,13.693999999999992,0.09399999999999054,Evaluación
13.200000000000001,13.306666666666667,0.10666666666666558,Evaluación
13.600000000000001,13.559999999999986,0.040000000000015135,Evaluación
14.0,13.810000000000002,0.18999999999999773,Evaluación
13.4,13.30700000000001,0.09299999999999109,Evaluación
13.4,13.361333333333341,0.038666666666658855,Evaluación
12.4,12.637999999999998,0.23799999999999777,Evaluación
13.4,14.117733333333343,0.7177333333333422,Evaluación
14.0,14.138,0.1379999999999999,Evaluación
14.4,14.186000000000002,0.21399999999999864,Evaluación
14.0,13.876000000000001,0.12399999999999878,Evaluación
13.200000000000001,13.45933333333334,0.2593333333333394,Evaluación
13.8,13.985999999999988,0.1859999999999875,Evaluación
13.600000000000001,13.515999999999993,0.08400000000000851,Evaluación
14.200000000000001,14.162000000000013,0.03799999999998782,Evaluación
13.8,13.733999999999982,0.06600000000001849,Evaluación
13.4,13.464133333333342,0.06413333333334137,Evaluación
12.8,12.816999999999984,0.016999999999983473,Evaluación
12.600000000000001,12.914000000000005,0.3140000000000036,Evaluación
13.200000000000001,13.264000000000003,0.06400000000000183,Evaluación
13.200000000000001,13.056000000000013,0.1439999999999877,Evaluación
13.8,13.87799999999998,0.07799999999997986,Evaluación
12.8,12.721999999999982,0.07800000000001894,Evaluación
12.4,12.662000000000008,0.26200000000000756,Evaluación
13.200000000000001,13.138000000000012,0.06199999999998873,Evaluación
14.0,13.830000000000002,0.16999999999999815,Evaluación
13.4,13.360166666666675,0.03983333333332517,Evaluación
13.600000000000001,13.879999999999997,0.2799999999999958,Evaluación
13.4,13.380000000000006,0.019999999999994245,Evaluación
12.4,12.331999999999999,0.06800000000000139,Evaluación
13.4,13.374000000000008,0.025999999999992696,Evaluación
13.600000000000001,13.509999999999993,0.09000000000000874,Evaluación
12.8,12.82566666666665,0.025666666666650073,Evaluación
12.8,12.885999999999985,0.08599999999998431,Evaluación
13.200000000000001,13.294000000000015,0.09400000000001363,Evaluación
14.4,14.234000000000005,0.16599999999999504,Evaluación
14.4,14.224000000000007,0.17599999999999305,Evaluación
13.200000000000001,13.166000000000018,0.03399999999998293,Evaluación
14.4,13.938000000000004,0.4619999999999962,Evaluación
13.8,13.83366666666665,0.03366666666664919,Evaluación
14.4,14.414000000000005,0.014000000000004675,Evaluación
12.0,12.152000000000001,0.15200000000000102,Evaluación
13.8,13.941666666666652,0.1416666666666515,Evaluación
13.600000000000001,13.888400000000006,0.28840000000000465,Evaluación
13.8,13.757999999999983,0.04200000000001758,Evaluación
12.4,12.478000000000002,0.07800000000000118,Evaluación
14.200000000000001,14.086000000000013,0.11399999999998833,Evaluación
14.0,13.962,0.038000000000000256,Evaluación
13.600000000000001,13.741466666666659,0.1414666666666573,Evaluación
13.600000000000001,13.172000000000011,0.42799999999999017,Evaluación
14.0,14.001333333333337,0.0013333333333367392,Evaluación
14.600000000000001,14.473999999999988,0.12600000000001366,Evaluación
13.200000000000001,13.28000000000002,0.08000000000001961,Evaluación
14.200000000000001,14.228000000000016,0.02800000000001468,Evaluación
12.4,12.21200000000002,0.18799999999998107,Evaluación
13.600000000000001,13.559333333333328,0.040666666666673734,Evaluación
14.0,14.187999999999997,0.18799999999999706,Evaluación
13.600000000000001,13.613999999999994,0.013999999999992241,Evaluación
14.200000000000001,14.042000000000012,0.15799999999998882,Evaluación
14.0,14.087333333333333,0.08733333333333348,Evaluación
14.4,14.44600000000001,0.04600000000001003,Evaluación
13.8,13.685999999999986,0.11400000000001498,Evaluación
12.600000000000001,13.316000000000006,0.7160000000000046,Evaluación
12.4,12.636,0.23599999999999888,Evaluación
13.600000000000001,13.709999999999994,0.10999999999999233,Evaluación
14.0,14.094000000000003,0.09400000000000297,Evaluación
13.8,13.923457142857142,0.12345714285714138,Evaluación
13.600000000000001,13.643466666666669,0.04346666666666721,Evaluación
13.0,12.854,0.1460000000000008,Evaluación
11.8,11.917999999999983,0.11799999999998256,Evaluación
13.200000000000001,13.222666666666685,0.02266666666668371,Evaluación
12.8,12.979999999999986,0.1799999999999855,Evaluación
12.600000000000001,12.743333333333332,0.14333333333333087,Evaluación
14.4,14.274000000000015,0.12599999999998523,Evaluación
13.4,13.659000000000006,0.25900000000000567,Evaluación
14.0,13.928000000000003,0.0719999999999974,Evaluación
13.200000000000001,13.27600000000002,0.07600000000001828,Evaluación
13.8,13.759999999999982,0.04000000000001869,Evaluación
12.8,12.889999999999985,0.08999999999998387,Evaluación
12.600000000000001,12.733999999999998,0.1339999999999968,Evaluación
14.200000000000001,13.97200000000002,0.22799999999998022,Evaluación
13.0,13.220999999999998,0.2209999999999983,Evaluación
13.600000000000001,13.665999999999991,0.06599999999999007,Evaluación
12.8,13.267333333333342,0.46733333333334137,Evaluación
12.8,12.760333333333314,0.03966666666668672,Evaluación
13.200000000000001,13.342000000000011,0.14200000000001012,Evaluación
13.600000000000001,13.583999999999998,0.016000000000003567,Evaluación
13.4,13.62,0.21999999999999886,Evaluación
13.200000000000001,13.171000000000019,0.02899999999998215,Evaluación
13.600000000000001,13.838000000000006,0.23800000000000487,Evaluación
13.200000000000001,13.360000000000008,0.16000000000000725,Evaluación
14.200000000000001,14.280000000000019,0.08000000000001783,Evaluación
14.200000000000001,14.183500000000011,0.016499999999989967,Evaluación
13.600000000000001,13.777999999999993,0.17799999999999194,Evaluación
12.8,12.871999999999984,0.07199999999998319,Evaluación
13.4,13.40000000000001,8.881784197001252e-15,Evaluación
12.8,12.73399999999999,0.06600000000001138,Evaluación
13.600000000000001,13.389999999999992,0.21000000000000973,Evaluación
12.4,12.60146666666667,0.20146666666667024,Evaluación
12.8,12.737999999999984,0.06200000000001715,Evaluación
14.0,13.8935,0.10650000000000048,Evaluación
13.600000000000001,13.709999999999994,0.10999999999999233,Evaluación
13.8,13.84599999999998,0.045999999999979835,Evaluación
13.0,13.026000000000003,0.026000000000003354,Evaluación
13.4,13.392000000000007,0.00799999999999379,Evaluación
13.0,12.941999999999997,0.05800000000000338,Evaluación
14.200000000000001,14.097333333333347,0.10266666666665358,Evaluación
13.0,13.132,0.13199999999999967,Evaluación
13.200000000000001,13.138000000000012,0.06199999999998873,Evaluación
13.0,13.116000000000001,0.11600000000000144,Evaluación
13.0,12.886000000000001,0.11399999999999899,Evaluación
13.600000000000001,13.547999999999996,0.05200000000000493,Evaluación
13.600000000000001,13.773999999999994,0.17399999999999238,Evaluación
13.4,13.436000000000002,0.036000000000001364,Evaluación
13.0,12.99766666666667,0.002333333333330856,Evaluación
13.200000000000001,13.005000000000013,0.19499999999998785,Evaluación
12.600000000000001,12.662999999999995,0.0629999999999935,Evaluación
14.0,13.920000000000005,0.07999999999999474,Evaluación
14.4,14.304000000000004,0.09599999999999653,Evaluación
13.4,13.517999999999994,0.11799999999999322,Evaluación
13.4,13.101999999999991,0.2980000000000089,Evaluación
13.200000000000001,13.336800000000013,0.13680000000001158,Evaluación
13.200000000000001,13.444000000000017,0.24400000000001576,Evaluación
13.8,13.835999999999988,0.03599999999998715,Evaluación
12.4,12.650000000000002,0.2500000000000018,Evaluación
13.200000000000001,13.318000000000016,0.11800000000001454,Evaluación
12.8,12.84599999999999,0.04599999999998872,Evaluación
13.4,13.368000000000013,0.031999999999987594,Evaluación
14.200000000000001,14.07600000000002,0.12399999999998101,Evaluación
14.600000000000001,14.429999999999993,0.1700000000000088,Evaluación
13.600000000000001,13.675999999999997,0.07599999999999518,Evaluación
13.200000000000001,13.118000000000013,0.0819999999999883,Evaluación
15.0,14.533999999999997,0.46600000000000286,Evaluación
14.4,14.497999999999998,0.0979999999999972,Evaluación
13.600000000000001,13.268000000000002,0.33199999999999896,Evaluación
13.600000000000001,13.725999999999992,0.12599999999999056,Evaluación
13.8,13.964000000000004,0.16400000000000325,Evaluación
12.600000000000001,12.571999999999996,0.028000000000005798,Evaluación
14.0,13.857357142857145,0.14264285714285485,Evaluación
13.200000000000001,13.16400000000002,0.035999999999981824,Evaluación
13.200000000000001,13.224000000000016,0.02400000000001512,Evaluación
14.4,14.342000000000011,0.05799999999998917,Evaluación
14.200000000000001,14.154000000000014,0.04599999999998694,Evaluación
14.4,14.280000000000014,0.11999999999998678,Evaluación
13.8,13.531999999999998,0.26800000000000246,Evaluación
14.200000000000001,14.21400000000002,0.014000000000018886,Evaluación
13.8,13.905999999999981,0.10599999999998033,Evaluación
13.600000000000001,13.575999999999986,0.02400000000001512,Evaluación
12.200000000000001,12.84199999999999,0.6419999999999888,Evaluación
13.600000000000001,13.54599999999999,0.05400000000001093,Evaluación
14.4,14.306000000000015,0.0939999999999852,Evaluación
14.0,13.972666666666667,0.027333333333332988,Evaluación
14.600000000000001,14.282666666666657,0.31733333333334457,Evaluación
13.4,13.190000000000003,0.2099999999999973,Evaluación
13.0,13.118666666666668,0.11866666666666781,Evaluación
13.600000000000001,13.599999999999998,3.552713678800501e-15,Evaluación
13.0,12.936000000000005,0.06399999999999473,Evaluación
13.200000000000001,13.260000000000016,0.06000000000001471,Evaluación
13.4,13.305000000000007,0.09499999999999353,Evaluación
14.0,13.770000000000005,0.2299999999999951,Evaluación
13.200000000000001,13.234000000000016,0.03400000000001491,Evaluación
13.8,13.876666666666654,0.07666666666665378,Evaluación
12.4,12.089999999999996,0.31000000000000405,Evaluación
13.600000000000001,13.585999999999995,0.014000000000006452,Evaluación
13.4,13.360000000000005,0.039999999999995595,Evaluación
13.600000000000001,13.873999999999988,0.2739999999999867,Evaluación
13.8,13.790666666666644,0.009333333333357174,Evaluación
12.4,12.57466666666667,0.17466666666667052,Evaluación
15.0,14.931999999999993,0.06800000000000672,Evaluación
13.0,12.979999999999997,0.020000000000003126,Evaluación
12.600000000000001,12.655999999999992,0.05599999999999028,Evaluación
13.200000000000001,13.148000000000014,0.05199999999998717,Evaluación
14.200000000000001,14.134000000000016,0.06599999999998474,Evaluación
13.200000000000001,13.240000000000016,0.040000000000015135,Evaluación
13.200000000000001,13.159666666666679,0.04033333333332223,Evaluación
13.200000000000001,13.27800000000002,0.07800000000001894,Evaluación
14.200000000000001,13.888400000000006,0.311599999999995,Evaluación
13.600000000000001,13.379999999999995,0.22000000000000597,Evaluación
14.200000000000001,14.134666666666682,0.06533333333331903,Evaluación
13.600000000000001,13.619999999999996,0.019999999999994245,Evaluación
13.600000000000001,13.712666666666662,0.11266666666666048,Evaluación
13.600000000000001,13.788000000000002,0.1880000000000006,Evaluación
12.4,12.412000000000008,0.01200000000000756,Evaluación
13.0,12.966000000000001,0.03399999999999892,Evaluación
14.200000000000001,14.10173333333335,0.0982666666666514,Evaluación
12.600000000000001,12.794999999999995,0.19499999999999318,Evaluación
13.600000000000001,13.477999999999998,0.12200000000000344,Evaluación
13.8,13.412000000000008,0.3879999999999928,Evaluación
13.8,13.795999999999982,0.004000000000019099,Evaluación
14.200000000000001,13.996000000000013,0.2039999999999882,Evaluación
14.200000000000001,14.264000000000017,0.06400000000001604,Evaluación
12.4,12.533333333333328,0.13333333333332753,Evaluación
14.0,14.205999999999996,0.20599999999999596,Evaluación
14.0,14.144000000000004,0.14400000000000368,Evaluación
14.600000000000001,14.441999999999993,0.15800000000000836,Evaluación
14.200000000000001,14.028000000000015,0.17199999999998639,Evaluación
13.8,13.80999999999998,0.00999999999997847,Evaluación
13.200000000000001,13.156000000000015,0.04399999999998627,Evaluación
13.0,13.182,0.18200000000000038,Evaluación
14.200000000000001,14.102000000000011,0.0979999999999901,Evaluación
13.600000000000001,13.51533333333333,0.08466666666667066,Evaluación
12.8,12.814666666666644,0.014666666666643735,Evaluación
14.200000000000001,14.236000000000004,0.03600000000000314,Evaluación
13.4,13.486000000000008,0.0860000000000074,Evaluación
13.200000000000001,13.296000000000019,0.09600000000001785,Evaluación
14.200000000000001,14.178000000000019,0.021999999999982478,Evaluación
12.4,12.566000000000004,0.16600000000000392,Evaluación
13.4,13.398000000000009,0.001999999999991786,Evaluación
13.4,13.404000000000007,0.004000000000006665,Evaluación
13.200000000000001,13.367000000000019,0.16700000000001758,Evaluación
12.8,12.861999999999988,0.061999999999986954,Evaluación
12.4,12.666999999999998,0.2669999999999977,Evaluación
13.0,13.236000000000004,0.2360000000000042,Evaluación
12.600000000000001,12.689999999999996,0.08999999999999453,Evaluación
12.8,12.885999999999985,0.08599999999998431,Evaluación
13.0,13.472000000000001,0.4720000000000013,Evaluación
13.600000000000001,13.775999999999993,0.17599999999999127,Evaluación
14.4,14.348000000000006,0.05199999999999427,Evaluación
12.8,12.931466666666658,0.13146666666665752,Evaluación
12.4,12.192000000000013,0.20799999999998775,Evaluación
13.8,13.755999999999982,0.04400000000001825,Evaluación
12.8,12.721999999999989,0.07800000000001184,Evaluación
12.200000000000001,12.349333333333348,0.14933333333334708,Evaluación
14.4,14.35400000000001,0.04599999999999049,Evaluación
13.200000000000001,13.366000000000003,0.16600000000000215,Evaluación
13.8,13.677999999999983,0.12200000000001765,Evaluación
13.0,13.066000000000004,0.06600000000000428,Evaluación
12.8,12.781999999999984,0.01800000000001667,Evaluación
12.4,12.498000000000005,0.0980000000000043,Evaluación
13.200000000000001,13.326000000000013,0.12600000000001188,Evaluación
12.4,12.536,0.13599999999999923,Evaluación
13.200000000000001,13.375866666666681,0.17586666666668016,Evaluación
14.0,13.90399999999999,0.09600000000001074,Evaluación
15.0,14.931999999999993,0.06800000000000672,Evaluación
13.4,13.317000000000005,0.08299999999999486,Evaluación
14.200000000000001,14.017000000000014,0.1829999999999874,Evaluación
15.0,14.81,0.1899999999999995,Evaluación
14.4,14.74399999999998,0.3439999999999799,Evaluación
12.8,12.847999999999983,0.04799999999998228,Evaluación
13.0,13.214000000000004,0.21400000000000396,Evaluación
13.4,13.361333333333334,0.03866666666666596,Evaluación
12.600000000000001,12.584000000000005,0.01599999999999646,Evaluación
12.4,12.540433333333338,0.14043333333333763,Evaluación
13.8,13.783999999999981,0.016000000000019554,Evaluación
14.0,13.913999999999993,0.0860000000000074,Evaluación
12.600000000000001,12.609999999999998,0.009999999999996234,Evaluación
14.200000000000001,14.19600000000002,0.003999999999981796,Evaluación
12.600000000000001,12.682999999999995,0.08299999999999308,Evaluación
14.200000000000001,14.21400000000002,0.014000000000018886,Evaluación
12.600000000000001,12.736000000000004,0.13600000000000279,Evaluación
13.600000000000001,13.635999999999992,0.035999999999990706,Evaluación
13.0,13.024,0.023999999999999133,Evaluación
13.200000000000001,13.15100000000002,0.048999999999981725,Evaluación
13.200000000000001,13.248000000000012,0.0480000000000107,Evaluación
13.200000000000001,13.076000000000015,0.12399999999998634,Evaluación
13.0,13.224,0.2240000000000002,Evaluación
13.200000000000001,13.27600000000001,0.0760000000000094,Evaluación
13.4,13.677999999999995,0.27799999999999514,Evaluación
13.600000000000001,13.587599999999993,0.012400000000008404,Evaluación
13.600000000000001,13.533999999999994,0.06600000000000783,Evaluación
13.8,13.997333333333332,0.19733333333333114,Evaluación
12.8,12.727999999999987,0.07200000000001339,Evaluación
13.4,13.436000000000002,0.036000000000001364,Evaluación
12.600000000000001,12.781999999999998,0.18199999999999683,Evaluación
13.4,13.55583333333334,0.15583333333333904,Evaluación
12.8,13.314,0.5139999999999993,Evaluación
13.200000000000001,13.506000000000014,0.3060000000000134,Evaluación
13.0,13.053999999999997,0.05399999999999672,Evaluación
13.600000000000001,13.620000000000003,0.02000000000000135,Evaluación
13.200000000000001,13.546000000000017,0.3460000000000161,Evaluación
14.200000000000001,13.824000000000002,0.37599999999999945,Evaluación
14.8,14.619999999999981,0.18000000000001926,Evaluación
13.0,12.803000000000003,0.1969999999999974,Evaluación
13.600000000000001,13.827999999999996,0.22799999999999443,Evaluación
13.600000000000001,13.531999999999996,0.06800000000000495,Evaluación
14.4,14.386666666666674,0.013333333333326536,Evaluación
14.8,14.763999999999983,0.03600000000001735,Evaluación
12.200000000000001,12.770800000000001,0.5708000000000002,Evaluación
13.0,13.201999999999998,0.20199999999999818,Evaluación
12.600000000000001,12.661000000000001,0.06099999999999994,Evaluación
13.200000000000001,13.155000000000022,0.04499999999997861,Evaluación
13.200000000000001,13.29200000000002,0.09200000000001829,Evaluación
14.600000000000001,14.016000000000002,0.5839999999999996,Evaluación
12.600000000000001,12.637333333333334,0.037333333333332774,Evaluación
13.600000000000001,13.361999999999991,0.2380000000000102,Evaluación
14.600000000000001,14.361999999999991,0.2380000000000102,Evaluación
12.600000000000001,12.786000000000001,0.18599999999999994,Evaluación
13.0,13.12600000000001,0.1260000000000101,Evaluación
13.200000000000001,13.34133333333333,0.14133333333332843,Evaluación
13.0,13.018000000000002,0.01800000000000246,Evaluación
13.200000000000001,13.274000000000022,0.07400000000002116,Evaluación
13.0,12.852000000000007,0.14799999999999258,Evaluación
14.0,14.026,0.0259999999999998,Evaluación
14.0,14.266666666666678,0.26666666666667815,Evaluación
13.600000000000001,13.6098,0.009799999999998477,Evaluación
12.8,12.973999999999984,0.1739999999999835,Evaluación
13.600000000000001,13.603199999999992,0.003199999999990766,Evaluación
13.600000000000001,13.41247619047619,0.1875238095238121,Evaluación
12.200000000000001,12.222000000000016,0.022000000000014452,Evaluación
13.0,12.472833333333334,0.5271666666666661,Evaluación
13.0,12.872,0.1280000000000001,Evaluación
14.4,14.541999999999994,0.14199999999999413,Evaluación
14.0,13.535999999999996,0.46400000000000396,Evaluación
13.0,13.138000000000003,0.13800000000000345,Evaluación
13.8,13.677999999999987,0.1220000000000141,Evaluación
13.0,12.869999999999994,0.1300000000000061,Evaluación
13.8,13.773999999999976,0.02600000000002467,Evaluación
13.0,12.961999999999994,0.038000000000005585,Evaluación
14.4,14.382666666666676,0.01733333333332432,Evaluación
14.0,13.929999999999993,0.07000000000000739,Evaluación
12.8,12.981999999999989,0.18199999999998795,Evaluación
13.4,13.418000000000006,0.01800000000000601,Evaluación
13.8,13.797999999999995,0.002000000000005997,Evaluación
14.0,13.784000000000006,0.21599999999999397,Evaluación
13.0,13.036000000000003,0.03600000000000314,Evaluación
13.8,13.793999999999984,0.006000000000016215,Evaluación
14.8,14.414399999999977,0.38560000000002326,Evaluación
13.200000000000001,13.358000000000018,0.15800000000001724,Evaluación
14.4,14.31910000000001,0.08089999999999087,Evaluación
13.4,13.61400000000001,0.2140000000000093,Evaluación
15.0,14.806000000000004,0.1939999999999955,Evaluación
14.0,13.911999999999999,0.08800000000000097,Evaluación
12.600000000000001,12.649999999999995,0.049999999999993605,Evaluación
13.0,12.846000000000002,0.15399999999999814,Evaluación
12.8,12.887999999999982,0.08799999999998143,Evaluación
13.0,13.042,0.041999999999999815,Evaluación
14.0,13.893000000000002,0.10699999999999754,Evaluación
13.4,13.430000000000009,0.030000000000008242,Evaluación
13.4,14.28462857142857,0.8846285714285695,Evaluación
13.600000000000001,13.676333333333321,0.07633333333332004,Evaluación
13.0,12.93,0.07000000000000028,Evaluación
12.200000000000001,12.172000000000015,0.027999999999986258,Evaluación
12.600000000000001,12.699000000000003,0.09900000000000198,Evaluación
13.8,13.761999999999986,0.03800000000001447,Evaluación
14.0,14.052000000000012,0.05200000000001204,Evaluación
13.0,12.972000000000001,0.027999999999998693,Evaluación
13.600000000000001,13.698999999999995,0.0989999999999931,Evaluación
12.8,12.993999999999987,0.19399999999998663,Evaluación
13.8,13.751999999999985,0.04800000000001603,Evaluación
13.4,13.846666666666653,0.446666666666653,Evaluación
13.4,13.380000000000003,0.019999999999997797,Evaluación
14.0,13.867999999999995,0.132000000000005,Evaluación
13.600000000000001,13.605999999999993,0.005999999999991346,Evaluación
14.0,13.960000000000003,0.03999999999999737,Evaluación
13.4,13.278000000000006,0.12199999999999456,Evaluación
13.8,13.492,0.30799999999999983,Evaluación
13.4,13.39000000000001,0.009999999999990905,Evaluación
13.8,13.747999999999989,0.05200000000001204,Evaluación
12.600000000000001,12.821999999999997,0.22199999999999598,Evaluación
13.8,13.640142857142841,0.15985714285715957,Evaluación
13.200000000000001,13.443000000000017,0.24300000000001631,Evaluación
13.600000000000001,13.733999999999996,0.133999999999995,Evaluación
13.8,12.898333333333333,0.9016666666666673,Evaluación
13.200000000000001,13.034000000000008,0.16599999999999326,Evaluación
14.4,14.370000000000012,0.029999999999988702,Evaluación
12.4,12.4579,0.05790000000000006,Evaluación
13.4,13.338000000000006,0.06199999999999406,Evaluación
13.4,13.320000000000004,0.07999999999999652,Evaluación
13.4,13.675999999999988,0.27599999999998737,Evaluación
13.0,13.034000000000002,0.03400000000000247,Evaluación
13.4,13.05901666666666,0.34098333333334097,Evaluación
13.200000000000001,13.322000000000012,0.12200000000001054,Evaluación
14.0,14.099999999999996,0.09999999999999609,Evaluación
14.200000000000001,14.08266666666666,0.11733333333334173,Evaluación
12.8,12.882999999999988,0.08299999999998775,Evaluación
13.8,13.801999999999982,0.001999999999981128,Evaluación
14.4,14.46400000000001,0.06400000000000894,Evaluación
12.0,12.007999999999997,0.007999999999997343,Evaluación
14.200000000000001,14.148000000000009,0.0519999999999925,Evaluación
14.200000000000001,14.284000000000017,0.08400000000001562,Evaluación
13.200000000000001,13.073000000000015,0.12699999999998646,Evaluación
14.8,14.743999999999982,0.0560000000000187,Evaluación
12.8,12.951999999999988,0.1519999999999868,Evaluación
13.600000000000001,13.68999999999999,0.0899999999999892,Evaluación
13.200000000000001,12.793999999999988,0.406000000000013,Evaluación
13.0,13.06,0.0600000000000005,Evaluación
12.8,12.94799999999999,0.14799999999998903,Evaluación
13.0,13.055999999999997,0.055999999999997385,Evaluación
13.8,13.65399999999998,0.14600000000002034,Evaluación
13.600000000000001,13.52999999999999,0.07000000000001094,Evaluación
12.4,12.470000000000002,0.07000000000000206,Evaluación
12.600000000000001,12.568000000000001,0.03200000000000003,Evaluación
13.0,12.909999999999995,0.09000000000000519,Evaluación
12.4,12.696000000000009,0.29600000000000826,Evaluación
13.4,13.862000000000005,0.4620000000000051,Evaluación
12.8,12.941999999999986,0.14199999999998525,Evaluación
12.200000000000001,12.364000000000019,0.16400000000001747,Evaluación
13.0,13.21,0.21000000000000085,Evaluación
13.4,13.548000000000007,0.1480000000000068,Evaluación
14.0,13.8266,0.1734000000000009,Evaluación
11.8,11.855999999999984,0.055999999999983174,Evaluación
15.0,14.945999999999996,0.05400000000000382,Evaluación
13.4,13.34200000000001,0.05799999999999095,Evaluación
12.8,12.923999999999987,0.12399999999998634,Evaluación
14.4,14.161333333333346,0.2386666666666546,Evaluación
13.8,13.519999999999989,0.2800000000000118,Evaluación
13.0,13.195999999999996,0.19599999999999618,Evaluación
14.4,14.17600000000001,0.22399999999998954,Evaluación
13.8,13.839999999999984,0.03999999999998316,Evaluación
14.200000000000001,14.269333333333332,0.06933333333333103,Evaluación
12.8,12.903999999999987,0.10399999999998677,Evaluación
14.8,14.655999999999981,0.14400000000001967,Evaluación
13.600000000000001,13.611999999999993,0.011999999999991573,Evaluación
13.200000000000001,13.262000000000015,0.0620000000000136,Evaluación
13.0,12.96200000000001,0.0379999999999896,Evaluación
13.4,13.193999999999994,0.20600000000000662,Evaluación
13.8,13.95799999999998,0.15799999999997993,Evaluación
13.200000000000001,13.16000000000002,0.039999999999981384,Evaluación
13.8,13.54999999999999,0.25000000000001066,Evaluación
13.4,13.350666666666676,0.04933333333332435,Evaluación
12.8,12.907999999999989,0.1079999999999881,Evaluación
13.4,13.232000000000001,0.16799999999999926,Evaluación
12.200000000000001,12.264000000000017,0.06400000000001604,Evaluación
12.200000000000001,12.649999999999988,0.44999999999998685,Evaluación
13.600000000000001,13.533999999999997,0.06600000000000428,Evaluación
13.200000000000001,13.414000000000009,0.21400000000000752,Evaluación
13.200000000000001,13.804999999999996,0.6049999999999951,Evaluación
13.600000000000001,13.389999999999988,0.2100000000000133,Evaluación
12.600000000000001,12.736000000000004,0.13600000000000279,Evaluación
13.200000000000001,13.07433333333335,0.1256666666666515,Evaluación
13.200000000000001,13.23400000000002,0.03400000000001846,Evaluación
13.200000000000001,13.109833333333343,0.09016666666665785,Evaluación
13.0,12.990000000000002,0.00999999999999801,Evaluación
13.8,13.571999999999992,0.22800000000000864,Evaluación
14.200000000000001,14.234000000000012,0.034000000000011354,Evaluación
13.200000000000001,13.18600000000002,0.013999999999981583,Evaluación
13.200000000000001,13.296000000000022,0.0960000000000214,Evaluación
13.0,13.15000000000001,0.15000000000000924,Evaluación
14.200000000000001,14.270000000000017,0.07000000000001627,Evaluación
13.8,13.579999999999993,0.22000000000000774,Evaluación
12.200000000000001,12.458000000000006,0.25800000000000445,Evaluación
14.0,14.208333333333341,0.20833333333334103,Evaluación
14.0,13.716000000000001,0.2839999999999989,Evaluación
13.0,13.028000000000004,0.02800000000000402,Evaluación
12.8,12.809999999999986,0.009999999999985576,Evaluación
13.600000000000001,13.495999999999988,0.10400000000001342,Evaluación
12.600000000000001,12.626666666666676,0.026666666666674388,Evaluación
12.600000000000001,12.557999999999998,0.04200000000000337,Evaluación
14.200000000000001,13.801999999999996,0.398000000000005,Evaluación
13.600000000000001,13.573999999999995,0.026000000000006906,Evaluación
13.0,13.123999999999997,0.123999999999997,Evaluación
13.0,12.8905,0.1095000000000006,Evaluación
13.600000000000001,13.440000000000005,0.1599999999999966,Evaluación
13.8,14.210000000000003,0.4100000000000019,Evaluación
14.200000000000001,13.91400000000002,0.2859999999999818,Evaluación
13.0,13.123999999999999,0.12399999999999878,Evaluación
12.8,12.822999999999986,0.022999999999985477,Evaluación
15.0,14.373999999999992,0.6260000000000083,Evaluación
13.4,13.144,0.2560000000000002,Evaluación
13.600000000000001,13.529999999999994,0.07000000000000739,Evaluación
14.4,14.424000000000005,0.024000000000004462,Evaluación
13.4,13.267333333333339,0.13266666666666183,Evaluación
14.4,14.071999999999997,0.32800000000000296,Evaluación
13.8,13.709999999999985,0.09000000000001585,Evaluación
13.600000000000001,13.434000000000012,0.1659999999999897,Evaluación
14.0,14.047999999999995,0.047999999999994714,Evaluación
13.8,13.998666666666656,0.19866666666665544,Evaluación
13.4,13.440000000000005,0.040000000000004476,Evaluación
12.600000000000001,12.869999999999997,0.269999999999996,Evaluación
12.200000000000001,12.192000000000021,0.007999999999979579,Evaluación
13.200000000000001,13.238000000000017,0.03800000000001624,Evaluación
14.600000000000001,14.531999999999996,0.06800000000000495,Evaluación
13.4,13.326000000000011,0.07399999999998919,Evaluación
14.4,14.164000000000012,0.23599999999998822,Evaluación
13.8,13.98599999999999,0.18599999999998929,Evaluación
13.8,13.845999999999979,0.04599999999997806,Evaluación
12.600000000000001,12.776000000000002,0.17600000000000016,Evaluación
13.4,13.717999999999991,0.31799999999999073,Evaluación
12.600000000000001,12.644333333333323,0.04433333333332179,Evaluación
13.200000000000001,13.466000000000015,0.2660000000000142,Evaluación
12.4,12.757000000000005,0.35700000000000465,Evaluación
13.600000000000001,13.538000000000002,0.06199999999999939,Evaluación
13.0,12.981999999999998,0.01800000000000246,Evaluación
11.8,11.983999999999988,0.18399999999998684,Evaluación
14.4,13.941999999999998,0.45800000000000196,Evaluación
12.600000000000001,12.627999999999988,0.027999999999986258,Evaluación
13.600000000000001,13.59199999999999,0.008000000000011553,Evaluación
12.200000000000001,12.222000000000014,0.022000000000012676,Evaluación
13.0,13.473999999999995,0.47399999999999487,Evaluación
13.600000000000001,13.603999999999994,0.003999999999992454,Evaluación
12.200000000000001,12.664000000000003,0.4640000000000022,Evaluación
12.600000000000001,12.703999999999997,0.10399999999999565,Evaluación
13.4,13.576000000000004,0.1760000000000037,Evaluación
13.200000000000001,13.168000000000015,0.03199999999998582,Evaluación
15.0,14.823999999999995,0.17600000000000549,Evaluación
13.600000000000001,13.589999999999993,0.010000000000008669,Evaluación
13.0,13.116000000000003,0.11600000000000321,Evaluación
12.8,12.883999999999983,0.08399999999998187,Evaluación
13.4,13.28966666666667,0.11033333333332962,Evaluación
12.8,12.793999999999983,0.006000000000017991,Evaluación
13.4,13.255333333333333,0.1446666666666676,Evaluación
12.600000000000001,12.585999999999995,0.014000000000006452,Evaluación
13.4,13.412666666666667,0.01266666666666616,Evaluación
13.0,12.942,0.05799999999999983,Evaluación
14.0,13.949999999999996,0.05000000000000426,Evaluación
12.4,12.528000000000004,0.12800000000000367,Evaluación
13.8,13.669999999999982,0.13000000000001855,Evaluación
14.0,14.268000000000002,0.26800000000000246,Evaluación
13.600000000000001,13.736757142857138,0.13675714285713703,Evaluación
13.600000000000001,13.290000000000003,0.3099999999999987,Evaluación
12.8,12.739333333333315,0.06066666666668574,Evaluación
12.600000000000001,12.7,0.09999999999999787,Evaluación
13.600000000000001,13.515999999999993,0.08400000000000851,Evaluación
13.4,13.404000000000005,0.0040000000000048885,Evaluación
13.600000000000001,13.566000000000006,0.03399999999999537,Evaluación
13.200000000000001,13.212000000000014,0.01200000000001289,Evaluación
13.4,13.43700000000001,0.03700000000000969,Evaluación
13.8,13.779999999999982,0.020000000000019114,Evaluación
13.600000000000001,13.434999999999995,0.16500000000000625,Evaluación
14.0,13.987999999999998,0.012000000000002231,Evaluación
13.600000000000001,13.624799999999993,0.02479999999999194,Evaluación
13.200000000000001,13.247666666666676,0.047666666666675184,Evaluación
13.4,13.530733333333332,0.1307333333333318,Evaluación
13.0,13.080000000000002,0.08000000000000185,Evaluación
13.4,13.42400000000001,0.02400000000000979,Evaluación
12.600000000000001,12.78199999999999,0.18199999999998795,Evaluación
12.8,13.231999999999998,0.43199999999999683,Evaluación
12.8,12.725999999999985,0.07400000000001583,Evaluación
13.200000000000001,13.176000000000009,0.023999999999992028,Evaluación
13.600000000000001,13.724,0.12399999999999878,Evaluación
13.4,13.330000000000002,0.06999999999999851,Evaluación
14.4,14.44800000000001,0.048000000000008924,Evaluación
13.4,13.388000000000007,0.01199999999999335,Evaluación
13.200000000000001,13.314000000000007,0.1140000000000061,Evaluación
13.200000000000001,13.298000000000018,0.09800000000001674,Evaluación
13.4,13.326000000000015,0.07399999999998563,Evaluación
14.0,14.0175,0.01750000000000007,Evaluación
13.8,14.070500000000008,0.2705000000000073,Evaluación
13.8,13.741999999999978,0.05800000000002292,Evaluación
13.200000000000001,13.212000000000023,0.012000000000021771,Evaluación
13.200000000000001,13.334000000000014,0.13400000000001278,Evaluación
13.4,13.486285714285723,0.08628571428572229,Evaluación
13.4,13.432000000000006,0.03200000000000536,Evaluación
13.4,13.35500000000001,0.04499999999999105,Evaluación
14.4,14.340000000000009,0.059999999999991616,Evaluación
13.600000000000001,13.641999999999998,0.04199999999999626,Evaluación
14.0,13.963999999999999,0.036000000000001364,Evaluación
13.8,13.787999999999984,0.012000000000016442,Evaluación
13.0,13.176000000000004,0.1760000000000037,Evaluación
14.4,14.410000000000007,0.010000000000006892,Evaluación
13.8,13.935999999999984,0.13599999999998325,Evaluación
13.600000000000001,13.441999999999991,0.15800000000001013,Evaluación
12.4,12.408000000000001,0.008000000000000895,Evaluación
13.4,13.256000000000002,0.14399999999999835,Evaluación
13.4,13.294000000000008,0.10599999999999277,Evaluación
13.4,13.522,0.12199999999999989,Evaluación
12.600000000000001,12.789199999999996,0.18919999999999426,Evaluación
14.200000000000001,14.140000000000018,0.059999999999982734,Evaluación
13.200000000000001,13.162000000000017,0.03799999999998427,Evaluación
13.0,13.056000000000001,0.05600000000000094,Evaluación
13.8,13.599999999999977,0.20000000000002416,Evaluación
12.600000000000001,12.599999999999996,5.329070518200751e-15,Evaluación
12.8,12.586000000000011,0.21399999999998975,Evaluación
13.4,13.261999999999999,0.13800000000000168,Evaluación
12.4,12.457999999999997,0.05799999999999628,Evaluación
13.600000000000001,13.549999999999995,0.05000000000000604,Evaluación
14.200000000000001,14.29200000000002,0.09200000000001829,Evaluación
13.200000000000001,13.398000000000016,0.1980000000000146,Evaluación
13.8,13.83399999999998,0.03399999999997938,Evaluación
14.200000000000001,14.224000000000013,0.024000000000011568,Evaluación
13.200000000000001,13.01,0.19000000000000128,Evaluación
14.4,14.200000000000006,0.19999999999999396,Evaluación
14.0,13.931999999999995,0.06800000000000495,Evaluación
13.0,12.994666666666667,0.005333333333332746,Evaluación
12.8,12.839999999999986,0.039999999999984936,Evaluación
12.600000000000001,12.846000000000004,0.24600000000000222,Evaluación
12.600000000000001,12.693999999999996,0.09399999999999409,Evaluación
13.200000000000001,13.382000000000007,0.1820000000000057,Evaluación
13.600000000000001,13.63299999999999,0.032999999999988816,Evaluación
14.8,14.613999999999983,0.1860000000000177,Evaluación
14.200000000000001,14.059999999999995,0.1400000000000059,Evaluación
13.4,13.188000000000004,0.2119999999999962,Evaluación
13.200000000000001,12.982000000000014,0.21799999999998754,Evaluación
13.4,13.14000000000001,0.2599999999999909,Evaluación
12.4,12.448,0.04800000000000004,Evaluación
13.600000000000001,13.527999999999997,0.0720000000000045,Evaluación
12.4,12.220000000000004,0.17999999999999616,Evaluación
14.0,14.063999999999995,0.06399999999999473,Evaluación
14.4,13.695999999999987,0.7040000000000131,Evaluación
12.8,12.887999999999986,0.08799999999998498,Evaluación
13.200000000000001,13.110000000000015,0.08999999999998565,Evaluación
13.600000000000001,13.68749999999999,0.08749999999998792,Evaluación
12.8,12.897999999999989,0.09799999999998832,Evaluación
12.200000000000001,12.29600000000001,0.09600000000000897,Evaluación
13.8,13.91266666666665,0.11266666666664982,Evaluación
13.600000000000001,13.502000000000008,0.09799999999999365,Evaluación
12.8,12.925999999999993,0.12599999999999234,Evaluación
13.4,13.596571428571428,0.19657142857142773,Evaluación
13.4,13.480666666666673,0.08066666666667288,Evaluación
13.0,13.133999999999999,0.13399999999999856,Evaluación
13.600000000000001,12.986000000000008,0.6139999999999937,Evaluación
13.4,13.310000000000004,0.0899999999999963,Evaluación
13.4,13.506000000000004,0.10600000000000342,Evaluación
12.8,12.851333333333317,0.05133333333331613,Evaluación
14.0,13.451999999999996,0.5480000000000036,Evaluación
13.8,14.150400000000005,0.35040000000000404,Evaluación
13.200000000000001,13.218000000000018,0.01800000000001667,Evaluación
13.8,13.737999999999989,0.06200000000001182,Evaluación
13.200000000000001,13.334000000000017,0.13400000000001633,Evaluación
14.600000000000001,14.517999999999994,0.08200000000000784,Evaluación
13.200000000000001,13.090000000000007,0.1099999999999941,Evaluación
13.8,13.785999999999984,0.01400000000001711,Evaluación
14.0,13.876,0.12400000000000055,Evaluación
14.200000000000001,14.174000000000017,0.025999999999983814,Evaluación
14.0,13.789999999999997,0.21000000000000263,Evaluación
13.8,13.829999999999982,0.029999999999981597,Evaluación
12.600000000000001,12.793999999999999,0.19399999999999729,Evaluación
14.200000000000001,13.755999999999993,0.44400000000000794,Evaluación
13.4,13.292000000000005,0.10799999999999521,Evaluación
14.600000000000001,14.305999999999992,0.29400000000000936,Evaluación
13.600000000000001,13.58073333333332,0.019266666666680976,Evaluación
13.8,13.80999999999998,0.00999999999997847,Evaluación
13.600000000000001,13.445599999999999,0.15440000000000254,Evaluación
13.0,13.129866666666672,0.1298666666666719,Evaluación
13.200000000000001,13.309142857142874,0.10914285714287253,Evaluación
13.0,12.936000000000002,0.06399999999999828,Evaluación
13.8,14.145999999999985,0.3459999999999841,Evaluación
14.200000000000001,13.987999999999994,0.21200000000000685,Evaluación
13.200000000000001,13.152000000000012,0.047999999999989384,Evaluación
13.8,14.017999999999986,0.21799999999998576,Evaluación
11.8,11.957999999999988,0.15799999999998704,Evaluación
13.0,12.829999999999998,0.1700000000000017,Evaluación
14.4,14.316000000000013,0.0839999999999872,Evaluación
12.0,12.032,0.03200000000000003,Evaluación
12.8,12.803999999999983,0.003999999999981796,Evaluación
13.8,13.589999999999993,0.21000000000000796,Evaluación
14.0,13.180000000000005,0.819999999999995,Evaluación
13.4,13.360000000000005,0.039999999999995595,Evaluación
13.4,13.442000000000005,0.042000000000005144,Evaluación
12.8,12.793999999999997,0.00600000000000378,Evaluación
13.600000000000001,13.30399999999999,0.2960000000000118,Evaluación
14.4,14.406000000000017,0.006000000000016215,Evaluación
13.0,13.088000000000006,0.0880000000000063,Evaluación
14.0,13.972000000000005,0.02799999999999514,Evaluación
15.0,14.585,0.41499999999999915,Evaluación
13.0,13.076000000000004,0.07600000000000406,Evaluación
12.600000000000001,12.757999999999997,0.15799999999999592,Evaluación
14.200000000000001,14.246000000000015,0.046000000000013586,Evaluación
13.200000000000001,12.980000000000002,0.21999999999999886,Evaluación
13.8,13.967999999999979,0.16799999999997794,Evaluación
13.600000000000001,13.727999999999986,0.12799999999998413,Evaluación
14.200000000000001,14.100000000000017,0.09999999999998366,Evaluación
14.0,13.768000000000002,0.23199999999999754,Evaluación
13.200000000000001,13.098000000000011,0.10199999999998965,Evaluación
14.600000000000001,14.476999999999986,0.12300000000001532,Evaluación
12.4,12.633733333333334,0.23373333333333335,Evaluación
13.0,13.121999999999998,0.12199999999999811,Evaluación
14.200000000000001,13.988800000000015,0.21119999999998562,Evaluación
13.200000000000001,13.236000000000011,0.036000000000010246,Evaluación
14.4,14.354000000000008,0.04599999999999227,Evaluación
12.8,12.815999999999981,0.015999999999980474,Evaluación
12.600000000000001,12.822000000000001,0.22199999999999953,Evaluación
12.600000000000001,13.158000000000005,0.5580000000000034,Evaluación
14.4,14.228000000000014,0.17199999999998639,Evaluación
14.200000000000001,14.16000000000002,0.039999999999981384,Evaluación
14.4,13.974000000000004,0.4259999999999966,Evaluación
13.0,13.032000000000004,0.03200000000000358,Evaluación
13.4,13.354000000000008,0.04599999999999227,Evaluación
13.600000000000001,13.936400000000003,0.33640000000000114,Evaluación
13.200000000000001,13.419400000000005,0.21940000000000381,Evaluación
14.4,14.183500000000004,0.21649999999999636,Evaluación
14.200000000000001,14.146000000000015,0.05399999999998606,Evaluación
14.0,14.036000000000001,0.036000000000001364,Evaluación
13.600000000000001,13.561999999999994,0.03800000000000736,Evaluación
14.4,14.430000000000005,0.03000000000000469,Evaluación
13.200000000000001,13.362000000000002,0.1620000000000008,Evaluación
13.8,13.75999999999998,0.040000000000020464,Evaluación
13.0,12.811999999999994,0.18800000000000594,Evaluación
12.4,12.509999999999998,0.10999999999999766,Evaluación
13.8,14.02200000000001,0.2220000000000084,Evaluación
13.0,12.992000000000003,0.007999999999997343,Evaluación
13.8,13.813999999999982,0.013999999999981583,Evaluación
13.8,13.903999999999987,0.10399999999998677,Evaluación
14.600000000000001,14.456333333333323,0.14366666666667882,Evaluación
15.0,14.414000000000003,0.5859999999999967,Evaluación
14.0,13.304000000000006,0.6959999999999944,Evaluación
14.8,14.711999999999982,0.08800000000001873,Evaluación
13.0,12.999599999999997,0.0004000000000026205,Evaluación
12.600000000000001,12.589999999999998,0.01000000000000334,Evaluación
14.8,14.685999999999986,0.11400000000001498,Evaluación
14.200000000000001,13.945999999999993,0.25400000000000844,Evaluación
13.600000000000001,13.338000000000006,0.2619999999999951,Evaluación
13.8,13.631999999999989,0.1680000000000117,Evaluación
14.200000000000001,13.971780952380952,0.22821904761904932,Evaluación
13.200000000000001,12.880666666666675,0.3193333333333257,Evaluación
13.0,13.047200000000005,0.04720000000000546,Evaluación
13.200000000000001,13.356666666666682,0.1566666666666805,Evaluación
13.0,13.156000000000006,0.1560000000000059,Evaluación
13.4,13.70600000000001,0.3060000000000098,Evaluación
14.0,13.880999999999995,0.1190000000000051,Evaluación
12.600000000000001,12.675999999999993,0.07599999999999163,Evaluación
12.8,12.781999999999988,0.018000000000013117,Evaluación
14.200000000000001,14.274000000000012,0.0740000000000105,Evaluación
13.600000000000001,13.507999999999992,0.09200000000000941,Evaluación
14.4,13.927733333333327,0.4722666666666733,Evaluación
14.200000000000001,14.136000000000015,0.06399999999998585,Evaluación
12.8,12.947999999999995,0.14799999999999436,Evaluación
12.8,12.719999999999992,0.08000000000000895,Evaluación
13.200000000000001,13.144000000000016,0.05599999999998495,Evaluación
13.600000000000001,13.442133333333334,0.15786666666666704,Evaluación
13.600000000000001,13.635999999999997,0.035999999999996035,Evaluación
13.0,12.495000000000012,0.5049999999999883,Evaluación
13.4,13.319000000000008,0.08099999999999241,Evaluación
12.8,12.84199999999998,0.0419999999999785,Evaluación
14.0,13.81,0.1899999999999995,Evaluación
13.0,12.927999999999999,0.07200000000000095,Evaluación
13.0,13.153999999999998,0.15399999999999814,Evaluación
13.600000000000001,13.487999999999992,0.11200000000000898,Evaluación
12.200000000000001,12.280000000000015,0.08000000000001428,Evaluación
12.600000000000001,12.338000000000012,0.2619999999999898,Evaluación
13.0,13.079999999999998,0.0799999999999983,Evaluación
13.8,13.85999999999998,0.05999999999997918,Evaluación
12.8,12.831999999999987,0.03199999999998582,Evaluación
13.8,13.819999999999983,0.01999999999998181,Evaluación
13.4,13.181333333333336,0.2186666666666639,Evaluación
14.8,14.655333333333315,0.14466666666668537,Evaluación
13.200000000000001,13.162000000000013,0.03799999999998782,Evaluación
14.4,14.40400000000001,0.004000000000010218,Evaluación
14.600000000000001,14.667999999999985,0.06799999999998363,Evaluación
14.600000000000001,14.503999999999994,0.09600000000000719,Evaluación
12.600000000000001,12.873999999999999,0.27399999999999736,Evaluación
13.8,13.593333333333316,0.20666666666668476,Evaluación
14.200000000000001,14.14800000000001,0.05199999999999072,Evaluación
12.600000000000001,12.617999999999997,0.017999999999995353,Evaluación
13.8,13.777999999999986,0.022000000000014452,Evaluación
14.4,14.314000000000007,0.08599999999999319,Evaluación
13.600000000000001,13.438000000000015,0.1619999999999866,Evaluación
12.4,12.513999999999996,0.11399999999999544,Evaluación
13.600000000000001,13.803999999999997,0.2039999999999953,Evaluación
14.200000000000001,14.10800000000002,0.09199999999998099,Evaluación
13.4,13.551999999999998,0.15199999999999747,Evaluación
13.0,13.082,0.08200000000000074,Evaluación
12.0,12.260000000000012,0.2600000000000122,Evaluación
13.600000000000001,13.4484,0.15160000000000196,Evaluación
11.8,12.333999999999985,0.5339999999999847,Evaluación
12.8,12.931999999999992,0.1319999999999908,Evaluación
14.200000000000001,14.216000000000022,0.01600000000002133,Evaluación
13.600000000000001,13.429999999999993,0.1700000000000088,Evaluación
14.0,14.486000000000004,0.4860000000000042,Evaluación
12.4,12.524999999999999,0.12499999999999822,Evaluación
12.4,12.45913333333334,0.05913333333333881,Evaluación
13.600000000000001,13.521999999999991,0.07800000000001006,Evaluación
13.600000000000001,13.491999999999994,0.10800000000000765,Evaluación
14.8,14.307999999999998,0.49200000000000266,Evaluación
12.200000000000001,12.366000000000016,0.16600000000001458,Evaluación
13.4,13.378000000000007,0.021999999999993136,Evaluación
13.0,12.961999999999998,0.03800000000000203,Evaluación
13.0,13.140000000000004,0.14000000000000412,Evaluación
13.4,13.324000000000007,0.0759999999999934,Evaluación
12.200000000000001,12.292000000000014,0.09200000000001296,Evaluación
12.8,12.825999999999983,0.025999999999982037,Evaluación
12.8,12.965200000000003,0.16520000000000223,Evaluación
13.4,13.352000000000015,0.04799999999998583,Evaluación
13.8,13.886199999999999,0.08619999999999806,Evaluación
13.8,13.260000000000014,0.5399999999999867,Evaluación
13.4,13.366000000000007,0.03399999999999359,Evaluación
12.4,12.178000000000003,0.22199999999999775,Evaluación
13.200000000000001,13.422000000000011,0.2220000000000102,Evaluación
14.4,14.222333333333347,0.17766666666665287,Evaluación
13.4,13.398000000000003,0.001999999999997115,Evaluación
13.4,13.508000000000008,0.10800000000000765,Evaluación
13.4,13.352000000000006,0.047999999999994714,Evaluación
13.600000000000001,13.376,0.22400000000000198,Evaluación
12.600000000000001,12.596000000000002,0.0039999999999995595,Evaluación
12.4,12.658000000000005,0.25800000000000445,Evaluación
13.0,13.010000000000005,0.010000000000005116,Evaluación
13.0,13.063000000000002,0.06300000000000239,Evaluación
14.0,13.953333333333335,0.04666666666666508,Evaluación
14.600000000000001,14.545999999999987,0.05400000000001448,Evaluación
14.600000000000001,14.507999999999987,0.09200000000001474,Evaluación
13.600000000000001,13.651666666666658,0.05166666666665698,Evaluación
12.600000000000001,12.520000000000003,0.0799999999999983,Evaluación
12.4,12.429999999999993,0.029999999999992255,Evaluación
13.8,13.378933333333327,0.4210666666666736,Evaluación
13.200000000000001,13.218500000000015,0.018500000000013728,Evaluación
13.600000000000001,13.56599999999999,0.034000000000011354,Evaluación
13.4,13.39000000000001,0.009999999999990905,Evaluación
13.0,12.972000000000003,0.027999999999996916,Evaluación
14.0,14.074000000000002,0.07400000000000162,Evaluación
12.8,13.02999999999998,0.2299999999999791,Evaluación
13.0,13.088000000000001,0.08800000000000097,Evaluación
13.4,13.472000000000005,0.0720000000000045,Evaluación
12.4,12.418,0.017999999999998906,Evaluación
13.200000000000001,13.233666666666684,0.03366666666668294,Evaluación
13.600000000000001,13.387999999999995,0.21200000000000685,Evaluación
12.8,12.853999999999985,0.05399999999998428,Evaluación
13.8,13.737999999999994,0.062000000000006494,Evaluación
13.8,13.857999999999988,0.057999999999987395,Evaluación
13.4,12.997999999999996,0.4020000000000046,Evaluación
12.200000000000001,12.46400000000002,0.2640000000000189,Evaluación
14.0,13.738000000000007,0.26199999999999335,Evaluación
13.0,13.184000000000001,0.18400000000000105,Evaluación
13.200000000000001,13.246000000000015,0.046000000000013586,Evaluación
13.200000000000001,13.196000000000021,0.0039999999999800195,Evaluación
13.8,13.88833333333333,0.08833333333332938,Evaluación
13.4,13.462000000000003,0.06200000000000294,Evaluación
14.200000000000001,13.888000000000016,0.3119999999999852,Evaluación
13.600000000000001,13.501999999999994,0.09800000000000786,Evaluación
13.4,13.448000000000004,0.048000000000003595,Evaluación
12.600000000000001,12.544,0.05600000000000094,Evaluación
12.8,12.620999999999995,0.1790000000000056,Evaluación
14.600000000000001,14.57599999999999,0.024000000000011568,Evaluación
13.8,13.871999999999984,0.07199999999998319,Evaluación
13.0,12.790000000000004,0.20999999999999552,Evaluación
14.0,13.638000000000002,0.3619999999999983,Evaluación
13.4,12.834000000000009,0.5659999999999918,Evaluación
13.4,13.31000000000001,0.08999999999999098,Evaluación
14.0,13.905976190476188,0.09402380952381151,Evaluación
13.8,13.61,0.19000000000000128,Evaluación
13.600000000000001,13.872000000000009,0.27200000000000735,Evaluación
13.200000000000001,13.188000000000011,0.011999999999989797,Evaluación
13.4,13.34650000000001,0.05349999999999078,Evaluación
14.200000000000001,14.212000000000016,0.012000000000014666,Evaluación
13.600000000000001,13.467999999999996,0.132000000000005,Evaluación
13.200000000000001,13.118,0.08200000000000074,Evaluación
12.8,13.031333333333327,0.2313333333333265,Evaluación
14.200000000000001,14.002000000000017,0.1979999999999844,Evaluación
12.200000000000001,12.356666666666678,0.15666666666667695,Evaluación
13.4,13.477000000000007,0.07700000000000706,Evaluación
13.0,12.984000000000002,0.015999999999998238,Evaluación
13.200000000000001,13.338000000000015,0.1380000000000141,Evaluación
13.600000000000001,13.537066666666657,0.06293333333334417,Evaluación
13.200000000000001,13.378000000000007,0.17800000000000615,Evaluación
12.600000000000001,12.698100000000002,0.09810000000000052,Evaluación
13.200000000000001,13.286000000000008,0.0860000000000074,Evaluación
14.600000000000001,14.269499999999995,0.330500000000006,Evaluación
13.4,13.526000000000002,0.12600000000000122,Evaluación
13.8,13.288499999999985,0.5115000000000158,Evaluación
13.4,13.23,0.16999999999999993,Evaluación
12.8,12.65399999999998,0.14600000000002034,Evaluación
12.8,13.336000000000004,0.5360000000000031,Evaluación
13.0,13.1,0.09999999999999964,Evaluación
13.600000000000001,13.50799999999999,0.09200000000001118,Evaluación
12.600000000000001,13.036000000000001,0.43599999999999994,Evaluación
13.8,13.83466666666665,0.03466666666664864,Evaluación
13.8,13.829999999999984,0.029999999999983373,Evaluación
14.0,13.960000000000003,0.03999999999999737,Evaluación
14.600000000000001,14.387999999999982,0.21200000000001928,Evaluación
13.200000000000001,13.150000000000018,0.04999999999998295,Evaluación
14.200000000000001,14.246000000000015,0.046000000000013586,Evaluación
13.200000000000001,13.074000000000018,0.12599999999998346,Evaluación
14.200000000000001,14.16600000000002,0.033999999999981156,Evaluación
13.200000000000001,13.09866666666668,0.1013333333333204,Evaluación
12.600000000000001,12.604000000000001,0.0039999999999995595,Evaluación
14.0,13.771999999999998,0.22800000000000153,Evaluación
13.200000000000001,13.040000000000013,0.1599999999999877,Evaluación
13.200000000000001,13.277700000000014,0.07770000000001254,Evaluación
13.200000000000001,13.122000000000009,0.0779999999999923,Evaluación
12.4,12.517999999999994,0.11799999999999322,Evaluación
13.8,13.90999999999999,0.10999999999998877,Evaluación
12.600000000000001,12.726999999999997,0.12699999999999534,Evaluación
13.600000000000001,13.517999999999995,0.08200000000000607,Evaluación
12.8,12.76599999999999,0.034000000000011354,Evaluación
13.8,13.873999999999985,0.07399999999998386,Evaluación
14.200000000000001,14.220000000000022,0.02000000000002089,Evaluación
14.200000000000001,14.289999999999996,0.08999999999999453,Evaluación
13.200000000000001,13.288666666666673,0.088666666666672,Evaluación
12.600000000000001,12.565999999999997,0.03400000000000425,Evaluación
14.4,14.424000000000008,0.024000000000008015,Evaluación
14.0,14.04766190476191,0.04766190476190957,Evaluación
14.200000000000001,14.018666666666679,0.18133333333332224,Evaluación
13.0,13.026,0.0259999999999998,Evaluación
13.0,13.012,0.012000000000000455,Evaluación
13.4,14.098000000000003,0.6980000000000022,Evaluación
13.600000000000001,13.501999999999992,0.09800000000000963,Evaluación
14.0,13.963999999999999,0.036000000000001364,Evaluación
14.0,13.634,0.36599999999999966,Evaluación
14.4,14.402000000000008,0.0020000000000077733,Evaluación
13.0,13.051999999999998,0.051999999999997826,Evaluación
13.0,13.09199999999999,0.09199999999998987,Evaluación
14.200000000000001,13.484000000000007,0.715999999999994,Evaluación
14.8,14.015900000000006,0.7840999999999951,Evaluación
12.8,13.53933333333333,0.7393333333333292,Evaluación
12.8,12.929999999999984,0.12999999999998302,Evaluación
13.0,13.005999999999995,0.005999999999994898,Evaluación
13.4,13.338000000000013,0.061999999999986954,Evaluación
14.600000000000001,14.645999999999981,0.045999999999979835,Evaluación
14.4,14.368000000000006,0.0319999999999947,Evaluación
13.0,12.981999999999992,0.018000000000007788,Evaluación
13.4,13.486000000000008,0.0860000000000074,Evaluación
13.200000000000001,12.975133333333336,0.22486666666666544,Evaluación
14.0,13.995,0.005000000000000782,Evaluación
13.200000000000001,13.282500000000018,0.08250000000001734,Evaluación
13.200000000000001,13.122000000000009,0.0779999999999923,Evaluación
13.600000000000001,13.561999999999996,0.038000000000005585,Evaluación
13.600000000000001,13.605999999999995,0.005999999999993122,Evaluación
13.4,13.414000000000005,0.014000000000004675,Evaluación
13.0,13.169333333333348,0.16933333333334843,Evaluación
12.8,12.673999999999985,0.12600000000001543,Evaluación
14.0,13.432,0.5679999999999996,Evaluación
12.600000000000001,12.564000000000004,0.03599999999999781,Evaluación
13.0,13.114000000000006,0.1140000000000061,Evaluación
13.4,13.424000000000008,0.024000000000008015,Evaluación
14.200000000000001,14.044000000000022,0.15599999999997927,Evaluación
14.600000000000001,14.473999999999995,0.12600000000000655,Evaluación
13.4,13.517200000000008,0.11720000000000752,Evaluación
14.4,14.262076190476199,0.13792380952380157,Evaluación
14.200000000000001,14.230000000000025,0.03000000000002423,Evaluación
14.4,14.186000000000014,0.2139999999999862,Evaluación
13.600000000000001,13.665999999999983,0.06599999999998118,Evaluación
13.0,12.9775,0.022500000000000853,Evaluación
13.600000000000001,13.575999999999997,0.024000000000004462,Evaluación
13.4,13.412000000000008,0.01200000000000756,Evaluación
13.200000000000001,13.012666666666682,0.18733333333331892,Evaluación
12.8,12.929999999999984,0.12999999999998302,Evaluación
13.0,12.632666666666669,0.36733333333333107,Evaluación
13.8,13.843999999999992,0.0439999999999916,Evaluación
13.600000000000001,13.647999999999994,0.04799999999999294,Evaluación
13.8,13.715999999999978,0.08400000000002272,Evaluación
14.0,13.8072,0.19280000000000008,Evaluación
13.0,13.048,0.04800000000000004,Evaluación
12.600000000000001,12.441999999999993,0.15800000000000836,Evaluación
14.200000000000001,14.193999999999996,0.0060000000000055564,Evaluación
13.600000000000001,13.591999999999993,0.008000000000008,Evaluación
14.0,13.724000000000004,0.27599999999999625,Evaluación
14.4,14.358000000000011,0.04199999999998916,Evaluación
12.8,12.81399999999999,0.013999999999988688,Evaluación
12.8,12.851999999999983,0.05199999999998184,Evaluación
13.200000000000001,13.086000000000015,0.11399999999998656,Evaluación
13.8,13.61406666666666,0.18593333333333995,Evaluación
14.200000000000001,14.29600000000001,0.09600000000000897,Evaluación
13.8,14.206999999999999,0.40699999999999825,Evaluación
13.4,13.242000000000003,0.1579999999999977,Evaluación
13.200000000000001,13.412000000000013,0.21200000000001218,Evaluación
14.200000000000001,14.468000000000009,0.2680000000000078,Evaluación
12.600000000000001,12.610666666666667,0.010666666666665492,Evaluación
12.4,12.452000000000004,0.052000000000003155,Evaluación
14.600000000000001,14.645999999999988,0.04599999999998694,Evaluación
13.200000000000001,13.316000000000017,0.11600000000001565,Evaluación
14.4,14.132000000000014,0.26799999999998647,Evaluación
13.4,13.326,0.07399999999999984,Evaluación
13.0,13.122,0.12199999999999989,Evaluación
13.200000000000001,13.119000000000014,0.08099999999998708,Evaluación
13.600000000000001,13.366966666666658,0.23303333333334386,Evaluación
13.8,13.596571428571428,0.20342857142857262,Evaluación
13.600000000000001,13.553999999999997,0.046000000000004704,Evaluación
12.200000000000001,12.436000000000014,0.2360000000000131,Evaluación
13.600000000000001,13.22959999999999,0.3704000000000107,Evaluación
12.8,12.668999999999984,0.13100000000001621,Evaluación
13.4,13.540000000000004,0.14000000000000412,Evaluación
13.600000000000001,13.68399999999999,0.08399999999998897,Evaluación
12.200000000000001,12.304000000000007,0.10400000000000631,Evaluación
13.200000000000001,13.176000000000014,0.0239999999999867,Evaluación
12.8,12.672999999999993,0.12700000000000777,Evaluación
13.4,13.594000000000008,0.19400000000000794,Evaluación
12.8,12.804666666666645,0.004666666666643948,Evaluación
14.4,14.436000000000009,0.03600000000000847,Evaluación
12.4,12.444,0.04400000000000048,Evaluación
12.600000000000001,12.627999999999997,0.02799999999999514,Evaluación
14.0,14.165999999999991,0.1659999999999915,Evaluación
13.8,13.60999999999999,0.19000000000001016,Evaluación
12.8,12.903999999999995,0.10399999999999388,Evaluación
13.200000000000001,13.308000000000016,0.10800000000001475,Evaluación
13.4,13.385200000000006,0.014799999999993929,Evaluación
14.200000000000001,13.565999999999992,0.6340000000000092,Evaluación
14.0,14.031333333333333,0.03133333333333255,Evaluación
13.8,14.04799999999998,0.2479999999999798,Evaluación
13.600000000000001,13.88999999999998,0.28999999999997783,Evaluación
12.8,12.908999999999981,0.10899999999998045,Evaluación
14.0,13.769999999999998,0.2300000000000022,Evaluación
13.8,13.693999999999985,0.10600000000001586,Evaluación
12.600000000000001,12.102000000000002,0.49799999999999933,Evaluación
12.0,12.277999999999999,0.2779999999999987,Evaluación
13.0,13.054000000000004,0.05400000000000382,Evaluación
13.4,13.528000000000013,0.12800000000001255,Evaluación
13.200000000000001,13.262000000000016,0.062000000000015376,Evaluación
13.600000000000001,13.619999999999994,0.019999999999992468,Evaluación
13.4,13.572000000000008,0.1720000000000077,Evaluación
13.600000000000001,13.900700000000008,0.3007000000000062,Evaluación
12.4,12.466000000000006,0.06600000000000605,Evaluación
13.8,13.87199999999999,0.07199999999998852,Evaluación
14.600000000000001,14.61199999999999,0.01199999999998802,Evaluación
13.200000000000001,13.458000000000013,0.25800000000001155,Evaluación
13.4,13.488000000000008,0.08800000000000807,Evaluación
14.200000000000001,14.33400000000001,0.13400000000000922,Evaluación
13.200000000000001,13.649999999999988,0.44999999999998685,Evaluación
14.8,14.581999999999999,0.21800000000000175,Evaluación
13.4,13.414000000000005,0.014000000000004675,Evaluación
13.600000000000001,13.339999999999993,0.26000000000000867,Evaluación
12.200000000000001,12.200000000000019,1.7763568394002505e-14,Evaluación
13.8,13.859999999999983,0.059999999999982734,Evaluación
13.0,12.961999999999998,0.03800000000000203,Evaluación
14.200000000000001,13.990000000000014,0.20999999999998664,Evaluación
12.200000000000001,12.654333333333327,0.4543333333333255,Evaluación
14.0,14.163666666666664,0.16366666666666418,Evaluación
14.0,13.941000000000006,0.058999999999993946,Evaluación
13.8,13.781999999999984,0.01800000000001667,Evaluación
14.0,13.797999999999988,0.2020000000000124,Evaluación
13.4,13.302000000000003,0.0979999999999972,Evaluación
12.600000000000001,12.927999999999997,0.32799999999999585,Evaluación
14.0,13.965,0.03500000000000014,Evaluación
12.200000000000001,12.261166666666686,0.06116666666668458,Evaluación
12.8,13.092828571428573,0.2928285714285721,Evaluación
13.0,13.275999999999994,0.27599999999999447,Evaluación
13.0,13.139999999999995,0.13999999999999524,Evaluación
13.200000000000001,12.904000000000002,0.2959999999999994,Evaluación
13.200000000000001,13.460000000000003,0.26000000000000156,Evaluación
12.600000000000001,12.675999999999995,0.0759999999999934,Evaluación
13.200000000000001,12.989999999999998,0.21000000000000263,Evaluación
12.8,13.013999999999992,0.21399999999999153,Evaluación
13.0,12.722000000000001,0.2779999999999987,Evaluación
12.4,12.290000000000003,0.10999999999999766,Evaluación
14.200000000000001,14.058000000000003,0.14199999999999768,Evaluación
12.600000000000001,12.710000000000004,0.11000000000000298,Evaluación
14.0,14.014000000000001,0.014000000000001123,Evaluación
14.0,14.050000000000002,0.05000000000000249,Evaluación
13.0,13.022,0.02200000000000024,Evaluación
13.200000000000001,13.326419047619048,0.12641904761904676,Evaluación
13.200000000000001,13.106000000000012,0.09399999999998876,Evaluación
13.600000000000001,13.49799999999999,0.10200000000001097,Evaluación
13.600000000000001,13.743999999999994,0.14399999999999302,Evaluación
13.8,13.607333333333322,0.1926666666666783,Evaluación
14.200000000000001,14.042000000000012,0.15799999999998882,Evaluación
13.8,13.697999999999988,0.10200000000001275,Evaluación
13.600000000000001,13.477999999999998,0.12200000000000344,Evaluación
13.4,13.14566666666666,0.2543333333333404,Evaluación
14.4,14.276000000000003,0.123999999999997,Evaluación
13.600000000000001,13.487866666666662,0.11213333333333964,Evaluación
12.0,12.092,0.09200000000000053,Evaluación
13.600000000000001,13.657999999999989,0.057999999999987395,Evaluación
13.0,12.474000000000006,0.5259999999999945,Evaluación
13.4,13.518000000000002,0.1180000000000021,Evaluación
14.0,13.840666666666662,0.159333333333338,Evaluación
14.0,13.987999999999998,0.012000000000002231,Evaluación
12.200000000000001,12.268000000000011,0.06800000000001027,Evaluación
13.600000000000001,13.344000000000005,0.2559999999999967,Evaluación
13.4,13.417999999999997,0.01799999999999713,Evaluación
12.4,12.646399999999998,0.24639999999999773,Evaluación
13.200000000000001,13.390000000000002,0.19000000000000128,Evaluación
13.8,13.707999999999984,0.09200000000001651,Evaluación
13.200000000000001,13.055342857142854,0.14465714285714704,Evaluación
12.8,12.731999999999985,0.0680000000000156,Evaluación
13.200000000000001,13.18600000000002,0.013999999999981583,Evaluación
12.600000000000001,12.594,0.006000000000002004,Evaluación
12.4,12.454000000000002,0.054000000000002046,Evaluación
13.0,13.20933333333334,0.20933333333334048,Evaluación
13.600000000000001,13.809199999999997,0.2091999999999956,Evaluación
13.0,13.318000000000001,0.3180000000000014,Evaluación
12.600000000000001,12.594000000000001,0.006000000000000227,Evaluación
13.600000000000001,13.551999999999987,0.048000000000014253,Evaluación
14.4,14.215500000000011,0.18449999999998923,Evaluación
13.8,13.791999999999994,0.008000000000006224,Evaluación
13.200000000000001,13.178000000000011,0.021999999999989583,Evaluación
13.600000000000001,13.493999999999993,0.10600000000000875,Evaluación
12.8,13.049999999999981,0.24999999999998046,Evaluación
12.200000000000001,12.25500000000002,0.055000000000019256,Evaluación
13.4,13.530000000000008,0.1300000000000079,Evaluación
13.600000000000001,13.667999999999985,0.06799999999998363,Evaluación
14.8,14.771999999999982,0.028000000000018233,Evaluación
13.4,13.33200000000001,0.06799999999999073,Evaluación
12.8,12.69599999999998,0.10400000000002052,Evaluación
13.8,13.824999999999982,0.024999999999980815,Evaluación
12.600000000000001,12.805999999999994,0.2059999999999924,Evaluación
13.4,13.57466666666667,0.17466666666667052,Evaluación
13.0,12.999999999999998,1.7763568394002505e-15,Evaluación
13.4,13.237000000000002,0.16299999999999848,Evaluación
13.600000000000001,13.481999999999989,0.11800000000001276,Evaluación
12.4,12.402000000000003,0.0020000000000024443,Evaluación
14.0,13.945999999999996,0.05400000000000382,Evaluación
13.4,13.326419047619048,0.07358095238095252,Evaluación
13.0,13.019999999999998,0.019999999999997797,Evaluación
13.8,13.93599999999998,0.1359999999999797,Evaluación
12.8,13.187500000000016,0.3875000000000153,Evaluación
14.8,14.455999999999978,0.3440000000000225,Evaluación
12.8,12.985999999999985,0.18599999999998396,Evaluación
12.8,13.051999999999985,0.2519999999999847,Evaluación
13.4,13.472000000000012,0.07200000000001161,Evaluación
12.600000000000001,12.639999999999993,0.03999999999999204,Evaluación
13.600000000000001,13.631999999999989,0.031999999999987594,Evaluación
13.200000000000001,13.306000000000017,0.10600000000001586,Evaluación
13.600000000000001,13.781999999999993,0.1819999999999915,Evaluación
13.600000000000001,13.46399999999999,0.13600000000001167,Evaluación
13.8,13.66799999999999,0.13200000000001033,Evaluación
14.200000000000001,14.010000000000014,0.18999999999998707,Evaluación
13.0,13.062000000000005,0.06200000000000472,Evaluación
13.4,13.869999999999989,0.4699999999999882,Evaluación
13.0,13.072666666666668,0.07266666666666843,Evaluación
13.0,13.026,0.0259999999999998,Evaluación
14.8,14.657999999999983,0.14200000000001722,Evaluación
11.8,11.991999999999987,0.19199999999998596,Evaluación
13.8,13.838666666666652,0.03866666666665175,Evaluación
13.200000000000001,13.446000000000017,0.24600000000001643,Evaluación
13.200000000000001,13.312000000000012,0.11200000000001076,Evaluación
13.0,12.947199999999999,0.05280000000000129,Evaluación
13.4,13.300000000000011,0.09999999999998899,Evaluación
13.8,13.783999999999983,0.016000000000017778,Evaluación
13.600000000000001,13.413999999999998,0.1860000000000035,Evaluación
14.600000000000001,14.49949999999999,0.10050000000001091,Evaluación
14.200000000000001,14.294000000000024,0.09400000000002251,Evaluación
13.4,13.35200000000001,0.04799999999999116,Evaluación
13.4,13.202000000000004,0.19799999999999685,Evaluación
13.200000000000001,13.042000000000009,0.15799999999999237,Evaluación
12.600000000000001,12.578000000000001,0.02200000000000024,Evaluación
13.0,12.975999999999997,0.024000000000002686,Evaluación
13.4,13.38800000000001,0.011999999999989797,Evaluación
13.8,13.792,0.008000000000000895,Evaluación
13.4,13.48000000000001,0.08000000000000895,Evaluación
13.200000000000001,13.022000000000016,0.17799999999998484,Evaluación
14.8,14.511999999999986,0.28800000000001447,Evaluación
13.8,13.623999999999983,0.17600000000001792,Evaluación
13.200000000000001,13.27200000000001,0.07200000000000806,Evaluación
13.8,13.863999999999987,0.06399999999998585,Evaluación
12.600000000000001,12.705999999999996,0.10599999999999454,Evaluación
13.0,12.919999999999991,0.08000000000000895,Evaluación
12.8,13.06199999999999,0.2619999999999898,Evaluación
12.8,12.979999999999983,0.17999999999998195,Evaluación
13.8,13.859466666666657,0.059466666666656565,Evaluación
14.600000000000001,14.345999999999995,0.25400000000000666,Evaluación
12.4,12.62,0.21999999999999886,Evaluación
12.4,12.454,0.05400000000000027,Evaluación
13.600000000000001,13.473999999999991,0.1260000000000101,Evaluación
13.200000000000001,13.326000000000015,0.12600000000001366,Evaluación
13.600000000000001,13.739999999999993,0.1399999999999917,Evaluación
13.200000000000001,12.875400000000004,0.32459999999999667,Evaluación
13.8,13.533999999999997,0.26600000000000357,Evaluación
12.4,12.470000000000002,0.07000000000000206,Evaluación
13.600000000000001,13.599999999999989,1.2434497875801753e-14,Evaluación
13.4,13.500000000000002,0.10000000000000142,Evaluación
13.0,13.124666666666664,0.12466666666666448,Evaluación
13.8,14.502999999999991,0.7029999999999905,Evaluación
13.4,13.442000000000002,0.04200000000000159,Evaluación
12.8,12.683999999999985,0.11600000000001565,Evaluación
12.4,12.204000000000017,0.19599999999998374,Evaluación
14.200000000000001,14.148000000000009,0.0519999999999925,Evaluación
14.4,14.510000000000009,0.11000000000000831,Evaluación
14.8,14.80199999999999,0.0019999999999900098,Evaluación
13.200000000000001,13.044000000000004,0.15599999999999703,Evaluación
14.4,14.20400000000001,0.19599999999999085,Evaluación
13.0,12.750000000000009,0.24999999999999112,Evaluación
13.4,13.500000000000005,0.10000000000000497,Evaluación
14.0,14.072000000000005,0.0720000000000045,Evaluación
12.4,12.788000000000002,0.3880000000000017,Evaluación
13.200000000000001,13.423333333333348,0.22333333333334693,Evaluación
13.0,12.919666666666664,0.08033333333333559,Evaluación
14.0,13.76599999999999,0.23400000000001064,Evaluación
13.8,13.565333333333315,0.23466666666668523,Evaluación
14.0,13.644666666666652,0.3553333333333484,Evaluación
13.200000000000001,13.050000000000017,0.14999999999998437,Evaluación
14.600000000000001,14.39199999999999,0.20800000000001084,Evaluación
13.8,13.499999999999982,0.3000000000000185,Evaluación
13.200000000000001,13.006000000000014,0.19399999999998663,Evaluación
13.0,12.998,0.002000000000000668,Evaluación
14.0,13.940000000000003,0.059999999999996945,Evaluación
14.0,13.71,0.28999999999999915,Evaluación
13.4,13.286000000000007,0.11399999999999366,Evaluación
13.600000000000001,13.456999999999992,0.14300000000000956,Evaluación
13.600000000000001,13.683999999999992,0.08399999999999075,Evaluación
12.200000000000001,12.412000000000017,0.21200000000001573,Evaluación
14.0,13.697999999999995,0.30200000000000493,Evaluación
13.0,12.811333333333334,0.18866666666666632,Evaluación
13.200000000000001,13.245000000000015,0.04500000000001414,Evaluación
13.4,13.305866666666672,0.0941333333333283,Evaluación
13.8,13.566000000000004,0.23399999999999643,Evaluación
13.8,13.941999999999984,0.14199999999998347,Evaluación
13.4,13.657838095238098,0.25783809523809786,Evaluación
13.200000000000001,13.186000000000018,0.013999999999983359,Evaluación
12.600000000000001,12.772000000000006,0.17200000000000415,Evaluación
13.4,13.492000000000003,0.0920000000000023,Evaluación
12.8,12.929999999999989,0.12999999999998835,Evaluación
13.600000000000001,13.595999999999998,0.004000000000003112,Evaluación
13.0,13.156000000000006,0.1560000000000059,Evaluación
13.0,12.965999999999994,0.034000000000006025,Evaluación
13.0,13.084000000000001,0.0840000000000014,Evaluación
14.0,14.026,0.0259999999999998,Evaluación
12.4,12.328,0.07200000000000095,Evaluación
13.600000000000001,13.671999999999992,0.0719999999999903,Evaluación
12.4,12.478,0.0779999999999994,Evaluación
13.600000000000001,13.699999999999987,0.09999999999998543,Evaluación
14.4,14.32000000000001,0.07999999999999119,Evaluación
14.0,13.857999999999995,0.1420000000000048,Evaluación
12.4,12.592,0.19200000000000017,Evaluación
14.600000000000001,14.391999999999989,0.20800000000001262,Evaluación
13.600000000000001,13.561999999999994,0.03800000000000736,Evaluación
13.600000000000001,13.435999999999993,0.16400000000000858,Evaluación
13.8,13.839333333333338,0.039333333333336995,Evaluación
12.600000000000001,12.709999999999997,0.10999999999999588,Evaluación
14.8,14.529333333333314,0.2706666666666866,Evaluación
13.8,13.679999999999989,0.12000000000001165,Evaluación
12.200000000000001,12.306000000000019,0.10600000000001764,Evaluación
13.8,13.643999999999982,0.15600000000001835,Evaluación
12.8,12.905999999999983,0.10599999999998211,Evaluación
12.600000000000001,12.355000000000016,0.244999999999985,Evaluación
13.600000000000001,13.745999999999992,0.14599999999999014,Evaluación
14.4,14.424000000000005,0.024000000000004462,Evaluación
13.8,13.895999999999988,0.09599999999998765,Evaluación
14.0,14.027999999999997,0.027999999999996916,Evaluación
12.600000000000001,12.571999999999996,0.028000000000005798,Evaluación
12.4,12.648000000000009,0.2480000000000082,Evaluación
14.4,14.34600000000001,0.05399999999998961,Evaluación
13.8,13.82999999999999,0.029999999999988702,Evaluación
13.200000000000001,13.187333333333347,0.012666666666653725,Evaluación
14.200000000000001,14.064033333333342,0.13596666666665946,Evaluación
12.4,12.492000000000004,0.09200000000000408,Evaluación
13.600000000000001,13.542000000000003,0.05799999999999805,Evaluación
12.600000000000001,12.731333333333325,0.1313333333333233,Evaluación
13.200000000000001,13.609599999999991,0.4095999999999904,Evaluación
15.0,14.505666666666663,0.49433333333333707,Evaluación
13.8,13.62799999999998,0.17200000000002014,Evaluación
13.600000000000001,13.359999999999992,0.2400000000000091,Evaluación
13.8,13.61799999999999,0.18200000000001104,Evaluación
13.4,13.435000000000008,0.03500000000000725,Evaluación
14.600000000000001,14.325999999999988,0.27400000000001334,Evaluación
14.200000000000001,14.256000000000018,0.056000000000016925,Evaluación
14.200000000000001,14.114000000000015,0.08599999999998609,Evaluación
13.600000000000001,13.464,0.136000000000001,Evaluación
14.0,13.905999999999997,0.09400000000000297,Evaluación
14.200000000000001,14.171500000000007,0.028499999999993975,Evaluación
13.8,13.755999999999988,0.04400000000001292,Evaluación
12.600000000000001,12.649999999999993,0.04999999999999183,Evaluación
14.200000000000001,14.090000000000014,0.109999999999987,Evaluación
13.8,13.773999999999978,0.026000000000022894,Evaluación
14.200000000000001,14.182000000000016,0.017999999999984695,Evaluación
13.600000000000001,13.569066666666663,0.03093333333333881,Evaluación
13.600000000000001,13.543999999999993,0.05600000000000804,Evaluación
13.200000000000001,13.216000000000014,0.01600000000001245,Evaluación
13.4,13.36800000000001,0.03199999999999115,Evaluación
11.8,12.083999999999987,0.2839999999999865,Evaluación
13.200000000000001,13.556000000000017,0.35600000000001586,Evaluación
12.8,13.236000000000008,0.43600000000000705,Evaluación
12.8,12.99919999999998,0.19919999999997984,Evaluación
13.8,13.954533333333336,0.15453333333333497,Evaluación
13.8,13.597999999999999,0.20200000000000173,Evaluación
12.200000000000001,12.299000000000012,0.09900000000001086,Evaluación
12.4,12.594333333333331,0.19433333333333103,Evaluación
12.200000000000001,12.362000000000014,0.16200000000001324,Evaluación
12.600000000000001,12.663999999999998,0.0639999999999965,Evaluación
14.200000000000001,14.33400000000001,0.13400000000000922,Evaluación
13.0,12.941333333333334,0.058666666666665535,Evaluación
13.600000000000001,13.184000000000015,0.41599999999998616,Evaluación
13.4,13.278000000000004,0.12199999999999633,Evaluación
14.0,13.948000000000002,0.051999999999997826,Evaluación
12.8,12.654100000000001,0.14589999999999925,Evaluación
14.200000000000001,14.168000000000015,0.03199999999998582,Evaluación
14.200000000000001,13.72856666666666,0.4714333333333407,Evaluación
13.4,13.389071428571436,0.010928571428564737,Evaluación
12.600000000000001,12.545999999999998,0.05400000000000382,Evaluación
14.0,13.907999999999998,0.0920000000000023,Evaluación
14.0,14.139999999999995,0.13999999999999524,Evaluación
13.4,13.35600000000001,0.043999999999989825,Evaluación
13.8,13.686333333333318,0.11366666666668301,Evaluación
13.200000000000001,13.112000000000014,0.08799999999998676,Evaluación
13.4,13.382,0.018000000000000682,Evaluación
13.0,13.019999999999992,0.019999999999992468,Evaluación
14.4,14.282000000000012,0.11799999999998789,Evaluación
13.600000000000001,13.449757142857145,0.15024285714285668,Evaluación
14.4,14.2555,0.14450000000000074,Evaluación
13.0,13.01475,0.014749999999999375,Evaluación
13.600000000000001,14.093999999999987,0.49399999999998556,Evaluación
13.0,12.975999999999997,0.024000000000002686,Evaluación
13.200000000000001,13.396000000000013,0.19600000000001216,Evaluación
12.600000000000001,12.632,0.03199999999999825,Evaluación
12.600000000000001,12.636,0.03599999999999781,Evaluación
13.200000000000001,13.34200000000001,0.14200000000000834,Evaluación
13.8,13.633999999999984,0.16600000000001636,Evaluación
14.4,14.174000000000008,0.22599999999999199,Evaluación
13.200000000000001,13.282000000000014,0.08200000000001317,Evaluación
12.8,12.865999999999994,0.06599999999999362,Evaluación
13.4,13.236000000000008,0.1639999999999926,Evaluación
13.4,13.380000000000011,0.019999999999988916,Evaluación
13.200000000000001,13.184000000000017,0.015999999999984027,Evaluación
13.600000000000001,13.633999999999991,0.03399999999999004,Evaluación
13.0,13.148000000000001,0.14800000000000146,Evaluación
14.200000000000001,14.11500000000002,0.08499999999998131,Evaluación
14.200000000000001,14.262400000000012,0.06240000000001089,Evaluación
12.4,12.398666666666662,0.0013333333333385156,Evaluación
13.8,13.729999999999984,0.07000000000001627,Evaluación
13.0,12.954,0.045999999999999375,Evaluación
14.0,13.857999999999999,0.14200000000000124,Evaluación
13.200000000000001,13.338000000000006,0.13800000000000523,Evaluación
14.0,14.026666666666666,0.026666666666665506,Evaluación
14.0,14.073999999999998,0.07399999999999807,Evaluación
13.8,13.861999999999977,0.061999999999976296,Evaluación
14.200000000000001,14.03900000000001,0.1609999999999907,Evaluación
13.8,14.012000000000002,0.21200000000000152,Evaluación
14.600000000000001,14.320333333333322,0.27966666666667983,Evaluación
13.0,12.962,0.038000000000000256,Evaluación
12.4,12.44800000000001,0.048000000000008924,Evaluación
13.4,13.326000000000016,0.07399999999998386,Evaluación
13.0,12.997999999999998,0.0020000000000024443,Evaluación
13.0,13.515200000000009,0.515200000000009,Evaluación
14.0,13.92,0.08000000000000007,Evaluación
14.0,13.953857142857144,0.04614285714285593,Evaluación
14.200000000000001,14.260000000000021,0.06000000000002004,Evaluación
14.200000000000001,14.088666666666686,0.11133333333331485,Evaluación
12.4,12.588000000000005,0.18800000000000416,Evaluación
13.0,12.923999999999996,0.07600000000000406,Evaluación
13.600000000000001,13.599999999999987,1.4210854715202004e-14,Evaluación
14.0,13.893999999999991,0.10600000000000875,Evaluación
13.600000000000001,13.548000000000002,0.0519999999999996,Evaluación
13.4,13.468000000000004,0.06800000000000317,Evaluación
13.8,13.963999999999983,0.16399999999998194,Evaluación
13.600000000000001,13.557999999999995,0.04200000000000692,Evaluación
11.8,11.855999999999979,0.055999999999977845,Evaluación
13.4,13.342000000000006,0.0579999999999945,Evaluación
12.600000000000001,12.776,0.17599999999999838,Evaluación
13.0,13.018000000000002,0.01800000000000246,Evaluación
12.600000000000001,12.770599999999991,0.17059999999998965,Evaluación
12.8,13.025999999999994,0.22599999999999376,Evaluación
14.4,14.218000000000004,0.18199999999999683,Evaluación
12.600000000000001,12.797733333333333,0.19773333333333198,Evaluación
13.200000000000001,13.370166666666682,0.170166666666681,Evaluación
13.4,13.616000000000009,0.21600000000000819,Evaluación
13.200000000000001,12.98600000000002,0.21399999999998087,Evaluación
13.200000000000001,13.15400000000002,0.04599999999998161,Evaluación
13.600000000000001,13.707299999999986,0.10729999999998441,Evaluación
13.200000000000001,13.174000000000019,0.025999999999982037,Evaluación
13.600000000000001,13.615999999999996,0.015999999999994685,Evaluación
13.0,13.065999999999999,0.06599999999999895,Evaluación
13.4,13.416000000000007,0.01600000000000712,Evaluación
12.8,12.834333333333316,0.0343333333333149,Evaluación
11.8,11.987999999999982,0.18799999999998107,Evaluación
12.0,12.144,0.14400000000000013,Evaluación
13.0,13.120000000000003,0.12000000000000277,Evaluación
12.8,13.019999999999987,0.21999999999998643,Evaluación
13.200000000000001,13.406000000000017,0.2060000000000155,Evaluación
13.0,13.107999999999997,0.10799999999999699,Evaluación
13.8,13.737999999999984,0.06200000000001715,Evaluación
13.200000000000001,13.194000000000017,0.00599999999998424,Evaluación
13.0,12.937999999999994,0.062000000000006494,Evaluación
12.4,12.342,0.05799999999999983,Evaluación
12.0,12.040000000000004,0.040000000000004476,Evaluación
13.600000000000001,13.640666666666657,0.04066666666665597,Evaluación
12.8,12.913999999999982,0.11399999999998123,Evaluación
14.600000000000001,14.433999999999987,0.16600000000001458,Evaluación
12.8,12.85199999999999,0.051999999999988944,Evaluación
13.8,13.643999999999988,0.15600000000001302,Evaluación
12.600000000000001,12.909333333333327,0.3093333333333259,Evaluación
13.0,12.943999999999999,0.05600000000000094,Evaluación
13.0,13.025,0.025000000000000355,Evaluación
13.4,13.492000000000008,0.09200000000000763,Evaluación
13.4,13.494000000000002,0.0940000000000012,Evaluación
13.200000000000001,13.238000000000014,0.03800000000001269,Evaluación
13.600000000000001,13.475999999999992,0.12400000000000944,Evaluación
13.0,13.177999999999999,0.17799999999999905,Evaluación
13.200000000000001,13.29783333333335,0.0978333333333481,Evaluación
13.200000000000001,13.122000000000014,0.07799999999998697,Evaluación
13.8,13.736757142857138,0.06324285714286226,Evaluación
14.0,13.82346666666666,0.17653333333334054,Evaluación
14.200000000000001,14.062000000000019,0.13799999999998214,Evaluación
14.0,13.88,0.11999999999999922,Evaluación
13.600000000000001,13.573999999999998,0.026000000000003354,Evaluación
14.600000000000001,14.589999999999986,0.010000000000015774,Evaluación
13.600000000000001,13.585000000000004,0.014999999999997016,Evaluación
13.200000000000001,13.218000000000016,0.018000000000014893,Evaluación
13.4,13.428000000000003,0.028000000000002245,Evaluación
13.8,13.579999999999986,0.22000000000001485,Evaluación
13.4,13.577999999999998,0.17799999999999727,Evaluación
12.200000000000001,12.168000000000015,0.03199999999998582,Evaluación
14.0,13.848000000000003,0.15199999999999747,Evaluación
14.0,13.97699999999999,0.023000000000010346,Evaluación
14.0,14.102300000000003,0.10230000000000317,Evaluación
12.8,12.764999999999986,0.03500000000001435,Evaluación
13.0,13.067999999999998,0.06799999999999784,Evaluación
14.0,13.802499999999991,0.19750000000000867,Evaluación
12.4,12.476000000000004,0.07600000000000406,Evaluación
12.8,12.617999999999984,0.18200000000001637,Evaluación
13.4,13.362000000000005,0.03799999999999493,Evaluación
12.600000000000001,12.72399999999999,0.12399999999998812,Evaluación
12.4,12.598000000000003,0.19800000000000217,Evaluación
14.4,14.451999999999993,0.0519999999999925,Evaluación
13.8,13.80099999999998,0.0009999999999799059,Evaluación
14.4,14.270000000000016,0.1299999999999848,Evaluación
13.600000000000001,13.621999999999987,0.02199999999998603,Evaluación
12.8,12.975133333333336,0.17513333333333492,Evaluación
14.4,14.208000000000009,0.1919999999999913,Evaluación
14.600000000000001,13.966499999999995,0.6335000000000068,Evaluación
13.4,13.412000000000008,0.01200000000000756,Evaluación
12.8,13.16000000000001,0.3600000000000101,Evaluación
13.0,12.936,0.06400000000000006,Evaluación
13.4,13.432,0.03200000000000003,Evaluación
13.600000000000001,13.620333333333324,0.020333333333322656,Evaluación
14.4,14.326000000000013,0.07399999999998741,Evaluación
14.200000000000001,14.11,0.09000000000000163,Evaluación
13.200000000000001,13.202000000000016,0.0020000000000148788,Evaluación
11.8,12.061999999999985,0.26199999999998447,Evaluación
13.600000000000001,13.573999999999998,0.026000000000003354,Evaluación
12.8,12.909999999999986,0.10999999999998522,Evaluación
14.0,14.10266666666667,0.10266666666666957,Evaluación
13.0,13.153333333333329,0.15333333333332888,Evaluación
14.4,14.207,0.19299999999999962,Evaluación
13.200000000000001,13.064300000000012,0.13569999999998927,Evaluación
13.600000000000001,13.383999999999991,0.21600000000000996,Evaluación
12.4,12.392000000000001,0.007999999999999119,Evaluación
14.0,14.114,0.11400000000000077,Evaluación
14.0,13.784000000000006,0.21599999999999397,Evaluación
12.8,12.917999999999983,0.11799999999998256,Evaluación
13.4,13.454000000000008,0.054000000000007375,Evaluación
13.8,13.952999999999998,0.15299999999999692,Evaluación
13.600000000000001,13.665999999999997,0.0659999999999954,Evaluación
13.4,13.192000000000007,0.20799999999999308,Evaluación
13.8,13.743999999999978,0.056000000000022254,Evaluación
13.4,13.414000000000005,0.014000000000004675,Evaluación
14.600000000000001,14.62599999999999,0.025999999999989143,Evaluación
14.200000000000001,13.714,0.48600000000000065,Evaluación
14.0,13.893999999999998,0.10600000000000165,Evaluación
13.0,12.798000000000002,0.20199999999999818,Evaluación
14.600000000000001,14.36799999999999,0.23200000000001175,Evaluación
13.0,12.817999999999994,0.1820000000000057,Evaluación
14.600000000000001,14.52199999999999,0.07800000000001184,Evaluación
14.0,14.386000000000015,0.3860000000000152,Evaluación
13.200000000000001,13.17000000000001,0.02999999999999048,Evaluación
13.200000000000001,13.42000000000001,0.22000000000000952,Evaluación
12.8,12.837999999999983,0.03799999999998249,Evaluación
13.600000000000001,13.357999999999993,0.242000000000008,Evaluación
14.0,14.092000000000006,0.09200000000000585,Evaluación
14.4,14.200000000000003,0.1999999999999975,Evaluación
13.200000000000001,13.272000000000018,0.07200000000001694,Evaluación
14.8,14.681999999999983,0.11800000000001809,Evaluación
13.4,13.453999999999999,0.053999999999998494,Evaluación
14.200000000000001,13.586999999999996,0.6130000000000049,Evaluación
12.0,12.222000000000001,0.2220000000000013,Evaluación
13.600000000000001,13.619999999999996,0.019999999999994245,Evaluación
13.8,13.917666666666664,0.11766666666666303,Evaluación
14.8,14.613999999999987,0.18600000000001415,Evaluación
14.200000000000001,14.042000000000014,0.15799999999998704,Evaluación
12.600000000000001,12.609999999999998,0.009999999999996234,Evaluación
13.200000000000001,13.248000000000017,0.04800000000001603,Evaluación
13.0,12.925333333333326,0.07466666666667443,Evaluación
12.0,13.159333333333338,1.159333333333338,Evaluación
13.8,13.789999999999997,0.01000000000000334,Evaluación
13.8,13.927252380952373,0.12725238095237223,Evaluación
13.4,13.23800000000001,0.16199999999999015,Evaluación
13.0,13.248000000000008,0.2480000000000082,Evaluación
14.0,14.138000000000007,0.138000000000007,Evaluación
14.200000000000001,14.04766190476191,0.1523380952380915,Evaluación
14.600000000000001,14.49799999999999,0.10200000000001097,Evaluación
14.0,14.06,0.0600000000000005,Evaluación
13.4,13.265333333333338,0.1346666666666625,Evaluación
13.4,13.572000000000005,0.17200000000000415,Evaluación
13.0,13.097999999999999,0.09799999999999898,Evaluación
13.8,13.513333333333321,0.2866666666666795,Evaluación
13.0,12.727828571428569,0.27217142857143095,Evaluación
13.600000000000001,13.789999999999997,0.18999999999999595,Evaluación
14.8,14.649999999999984,0.15000000000001634,Evaluación
13.600000000000001,13.646666666666654,0.046666666666652645,Evaluación
12.200000000000001,12.178000000000015,0.02199999999998603,Evaluación
13.4,13.217333333333345,0.18266666666665543,Evaluación
13.200000000000001,13.324400000000008,0.12440000000000673,Evaluación
13.8,13.67599999999998,0.1240000000000201,Evaluación
12.4,12.426000000000005,0.02600000000000513,Evaluación
14.200000000000001,14.535999999999984,0.33599999999998253,Evaluación
14.200000000000001,14.110400000000018,0.08959999999998303,Evaluación
14.4,14.22000000000001,0.17999999999999083,Evaluación
13.8,13.905999999999988,0.10599999999998744,Evaluación
13.4,13.28570000000001,0.11429999999999119,Evaluación
12.600000000000001,12.792399999999994,0.19239999999999213,Evaluación
13.600000000000001,13.586499999999992,0.013500000000009393,Evaluación
13.8,13.729999999999988,0.07000000000001272,Evaluación
13.0,13.302000000000005,0.30200000000000493,Evaluación
14.0,13.887000000000006,0.11299999999999422,Evaluación
13.0,12.853333333333332,0.14666666666666828,Evaluación
13.4,13.554,0.15399999999999991,Evaluación
14.4,14.397333333333338,0.0026666666666628203,Evaluación
13.8,13.589999999999991,0.21000000000000973,Evaluación
13.8,13.721999999999987,0.07800000000001361,Evaluación
14.200000000000001,14.060000000000018,0.1399999999999828,Evaluación
13.4,13.424000000000008,0.024000000000008015,Evaluación
13.0,13.090000000000002,0.09000000000000163,Evaluación
14.0,14.168,0.16799999999999926,Evaluación
12.600000000000001,12.67999999999999,0.07999999999998941,Evaluación
14.200000000000001,14.20800000000001,0.008000000000009777,Evaluación
12.8,12.657999999999985,0.14200000000001545,Evaluación
13.8,13.547999999999991,0.25200000000000955,Evaluación
13.8,14.05999999999998,0.25999999999997847,Evaluación
14.0,13.968,0.03200000000000003,Evaluación
12.8,12.873999999999977,0.07399999999997675,Evaluación
14.0,13.953999999999997,0.04600000000000293,Evaluación
14.8,14.643999999999982,0.15600000000001835,Evaluación
13.8,13.740433333333334,0.05956666666666699,Evaluación
14.600000000000001,14.477999999999994,0.12200000000000699,Evaluación
13.200000000000001,13.307833333333347,0.1078333333333461,Evaluación
13.4,13.61406666666666,0.2140666666666604,Evaluación
12.200000000000001,12.342000000000015,0.14200000000001367,Evaluación
13.600000000000001,13.68999999999999,0.0899999999999892,Evaluación
12.600000000000001,12.757999999999992,0.1579999999999906,Evaluación
13.4,13.398000000000007,0.0019999999999935625,Evaluación
13.200000000000001,13.180000000000014,0.01999999999998714,Evaluación
12.4,12.444,0.04400000000000048,Evaluación
13.8,13.735999999999985,0.06400000000001604,Evaluación
13.4,13.479466666666672,0.07946666666667213,Evaluación
13.200000000000001,13.058000000000009,0.14199999999999235,Evaluación
12.600000000000001,12.654100000000001,0.05410000000000004,Evaluación
12.8,12.930000000000001,0.13000000000000078,Evaluación
12.8,12.735999999999988,0.06400000000001249,Evaluación
13.4,13.817999999999994,0.41799999999999393,Evaluación
13.200000000000001,13.068000000000014,0.13199999999998724,Evaluación
13.600000000000001,13.581999999999999,0.01800000000000246,Evaluación
12.4,12.889000000000003,0.48900000000000254,Evaluación
13.600000000000001,13.34200000000001,0.257999999999992,Evaluación
12.600000000000001,12.555999999999994,0.04400000000000759,Evaluación
12.4,12.398000000000003,0.001999999999997115,Evaluación
14.4,14.264000000000015,0.13599999999998502,Evaluación
13.8,13.893999999999979,0.0939999999999781,Evaluación
13.4,13.488000000000005,0.08800000000000452,Evaluación
13.0,13.10400000000001,0.10400000000000986,Evaluación
13.8,13.703999999999981,0.09600000000001963,Evaluación
14.4,14.334000000000014,0.06599999999998651,Evaluación
14.0,14.146,0.1460000000000008,Evaluación
13.0,13.118000000000004,0.11800000000000388,Evaluación
12.4,12.606666666666667,0.206666666666667,Evaluación
13.0,13.121299999999998,0.12129999999999797,Evaluación
13.4,13.485999999999999,0.08599999999999852,Evaluación
13.4,13.398000000000003,0.001999999999997115,Evaluación
14.4,14.258000000000008,0.14199999999999235,Evaluación
12.0,12.09,0.08999999999999986,Evaluación
13.8,13.667999999999983,0.13200000000001744,Evaluación
12.200000000000001,12.192,0.008000000000000895,Evaluación
14.0,14.172,0.1720000000000006,Evaluación
13.600000000000001,13.555999999999997,0.044000000000004036,Evaluación
15.0,14.885999999999994,0.1140000000000061,Evaluación
14.4,14.20456190476191,0.19543809523809053,Evaluación
13.200000000000001,13.206000000000017,0.006000000000016215,Evaluación
14.200000000000001,14.169000000000015,0.030999999999986372,Evaluación
14.0,13.999333333333336,0.0006666666666639287,Evaluación
12.600000000000001,12.721499999999999,0.1214999999999975,Evaluación
14.4,14.392000000000007,0.00799999999999379,Evaluación
13.0,13.01,0.009999999999999787,Evaluación
14.200000000000001,14.15800000000002,0.041999999999980275,Evaluación
13.0,12.87,0.13000000000000078,Evaluación
13.8,13.68199999999999,0.11800000000001098,Evaluación
14.200000000000001,14.038000000000018,0.16199999999998305,Evaluación
13.600000000000001,13.583999999999985,0.016000000000016,Evaluación
13.200000000000001,13.23000000000002,0.0300000000000189,Evaluación
12.0,12.100000000000001,0.10000000000000142,Evaluación
13.600000000000001,13.593999999999989,0.006000000000012662,Evaluación
13.4,13.356000000000003,0.04399999999999693,Evaluación
14.200000000000001,13.980000000000002,0.21999999999999886,Evaluación
14.8,14.69199999999999,0.1080000000000112,Evaluación
14.0,14.188000000000004,0.18800000000000416,Evaluación
12.600000000000001,12.673199999999994,0.07319999999999283,Evaluación
13.200000000000001,13.142666666666669,0.05733333333333235,Evaluación
12.8,12.845999999999993,0.04599999999999227,Evaluación
13.8,13.60999999999998,0.19000000000002082,Evaluación
14.200000000000001,14.04200000000002,0.1579999999999817,Evaluación
12.8,12.907999999999985,0.10799999999998455,Evaluación
13.0,12.983999999999998,0.01600000000000179,Evaluación
13.8,13.727999999999982,0.07200000000001872,Evaluación
13.600000000000001,13.69399999999999,0.09399999999998876,Evaluación
13.600000000000001,13.51799999999999,0.0820000000000114,Evaluación
13.600000000000001,13.725199999999997,0.12519999999999598,Evaluación
13.0,13.08,0.08000000000000007,Evaluación
13.0,12.944999999999995,0.055000000000005045,Evaluación
13.200000000000001,13.248000000000008,0.04800000000000715,Evaluación
13.200000000000001,13.23000000000002,0.0300000000000189,Evaluación
14.200000000000001,14.110000000000019,0.0899999999999821,Evaluación
13.600000000000001,13.747333333333327,0.1473333333333251,Evaluación
13.0,13.075999999999999,0.07599999999999874,Evaluación
12.600000000000001,12.61799999999999,0.017999999999988248,Evaluación
13.200000000000001,13.22400000000002,0.024000000000018673,Evaluación
14.200000000000001,13.99400000000002,0.20599999999998175,Evaluación
13.0,13.16202380952381,0.16202380952380935,Evaluación
13.600000000000001,13.475999999999992,0.12400000000000944,Evaluación
13.200000000000001,13.042000000000009,0.15799999999999237,Evaluación
12.8,13.497999999999998,0.6979999999999968,Evaluación
14.0,13.927999999999995,0.0720000000000045,Evaluación
14.0,13.694000000000003,0.3059999999999974,Evaluación
13.200000000000001,13.242000000000019,0.04200000000001758,Evaluación
14.0,13.440000000000008,0.5599999999999916,Evaluación
14.200000000000001,14.06600000000002,0.1339999999999808,Evaluación
14.0,14.45999999999999,0.4599999999999902,Evaluación
14.0,14.108999999999998,0.10899999999999821,Evaluación
13.200000000000001,13.014000000000015,0.18599999999998573,Evaluación
12.8,12.775999999999987,0.024000000000013344,Evaluación
13.200000000000001,13.240000000000018,0.04000000000001691,Evaluación
13.600000000000001,13.429999999999996,0.17000000000000526,Evaluación
12.200000000000001,12.703999999999992,0.5039999999999907,Evaluación
14.4,14.327200000000014,0.07279999999998665,Evaluación
13.200000000000001,13.032,0.16800000000000104,Evaluación
13.600000000000001,13.675999999999995,0.0759999999999934,Evaluación
12.200000000000001,12.66200000000001,0.4620000000000086,Evaluación
13.4,13.324000000000005,0.07599999999999518,Evaluación
13.200000000000001,13.146000000000017,0.05399999999998428,Evaluación
14.8,14.479999999999995,0.3200000000000056,Evaluación
13.200000000000001,12.948000000000015,0.25199999999998646,Evaluación
13.4,13.29000000000001,0.10999999999999055,Evaluación
14.200000000000001,14.062000000000019,0.13799999999998214,Evaluación
13.200000000000001,13.216000000000019,0.016000000000017778,Evaluación
14.200000000000001,14.276000000000009,0.07600000000000762,Evaluación
14.4,14.298000000000007,0.10199999999999321,Evaluación
13.200000000000001,13.188000000000018,0.011999999999982691,Evaluación
12.4,12.376000000000008,0.023999999999992028,Evaluación
13.200000000000001,13.200000000000015,1.4210854715202004e-14,Evaluación
13.8,13.944999999999986,0.14499999999998536,Evaluación
12.8,13.184999999999997,0.38499999999999623,Evaluación
13.8,13.660399999999981,0.13960000000001926,Evaluación
13.8,13.515999999999977,0.2840000000000238,Evaluación
12.8,12.77199999999999,0.028000000000011127,Evaluación
13.600000000000001,13.446999999999992,0.15300000000000935,Evaluación
12.600000000000001,12.273999999999987,0.3260000000000147,Evaluación
12.8,12.855999999999986,0.05599999999998495,Evaluación
13.8,13.765999999999988,0.03400000000001313,Evaluación
14.200000000000001,14.178000000000015,0.02199999999998603,Evaluación
13.4,13.441333333333334,0.04133333333333411,Evaluación
13.4,13.417999999999997,0.01799999999999713,Evaluación
13.200000000000001,13.124000000000017,0.07599999999998452,Evaluación
13.4,13.49000000000001,0.09000000000001052,Evaluación
13.600000000000001,13.645999999999988,0.04599999999998694,Evaluación
13.8,13.787999999999979,0.012000000000021771,Evaluación
12.4,12.360000000000007,0.03999999999999382,Evaluación
13.200000000000001,13.034333333333352,0.16566666666664887,Evaluación
12.600000000000001,12.204000000000002,0.395999999999999,Evaluación
13.4,13.641999999999987,0.24199999999998667,Evaluación
13.600000000000001,13.355999999999993,0.24400000000000865,Evaluación
13.200000000000001,13.426000000000005,0.22600000000000442,Evaluación
13.200000000000001,13.120000000000013,0.07999999999998764,Evaluación
13.4,13.397000000000013,0.002999999999987679,Evaluación
13.200000000000001,12.677333333333333,0.5226666666666677,Evaluación
13.8,13.689999999999984,0.1100000000000172,Evaluación
14.4,14.304000000000007,0.09599999999999298,Evaluación
12.0,12.168,0.16799999999999926,Evaluación
13.600000000000001,13.710799999999995,0.11079999999999401,Evaluación
14.4,14.299500000000007,0.10049999999999315,Evaluación
12.8,12.248000000000005,0.551999999999996,Evaluación
13.0,13.126000000000001,0.12600000000000122,Evaluación
11.8,11.909999999999986,0.10999999999998522,Evaluación
13.4,13.506000000000002,0.10600000000000165,Evaluación
14.600000000000001,14.563999999999997,0.03600000000000492,Evaluación
12.8,12.82399999999998,0.023999999999979593,Evaluación
13.4,13.337985714285725,0.06201428571427492,Evaluación
13.8,13.266000000000012,0.5339999999999883,Evaluación
13.8,13.81199999999998,0.011999999999979138,Evaluación
13.4,13.232000000000017,0.16799999999998327,Evaluación
14.4,14.304200000000012,0.09579999999998812,Evaluación
12.4,12.717766666666659,0.31776666666665854,Evaluación
13.8,13.67199999999998,0.12800000000002143,Evaluación
13.600000000000001,13.413999999999996,0.18600000000000527,Evaluación
14.0,14.139999999999997,0.13999999999999702,Evaluación
13.600000000000001,13.697999999999988,0.09799999999998654,Evaluación
13.4,13.34200000000001,0.05799999999999095,Evaluación
13.200000000000001,13.174000000000014,0.025999999999987367,Evaluación
13.200000000000001,13.378500000000013,0.1785000000000121,Evaluación
12.4,12.310000000000002,0.08999999999999808,Evaluación
14.4,14.259666666666673,0.1403333333333272,Evaluación
12.8,12.943114285714284,0.14311428571428308,Evaluación
13.600000000000001,13.70199999999999,0.10199999999998788,Evaluación
13.200000000000001,13.23800000000001,0.03800000000000914,Evaluación
13.600000000000001,13.31199999999999,0.2880000000000109,Evaluación
15.0,14.87999999999999,0.12000000000000988,Evaluación
13.4,13.524000000000006,0.12400000000000588,Evaluación
13.0,13.008,0.007999999999999119,Evaluación
13.600000000000001,13.535999999999992,0.06400000000000894,Evaluación
13.4,13.362000000000013,0.03799999999998782,Evaluación
12.600000000000001,12.687999999999995,0.08799999999999386,Evaluación
13.4,13.376000000000007,0.023999999999993804,Evaluación
13.4,13.146000000000006,0.25399999999999423,Evaluación
14.600000000000001,14.489999999999988,0.11000000000001364,Evaluación
13.4,13.64680000000001,0.24680000000000923,Evaluación
14.200000000000001,14.112000000000014,0.08799999999998676,Evaluación
13.4,13.37466666666667,0.025333333333330543,Evaluación
13.600000000000001,13.369999999999997,0.23000000000000398,Evaluación
13.600000000000001,13.579999999999991,0.020000000000010232,Evaluación
13.200000000000001,13.16202380952381,0.03797619047619172,Evaluación
13.600000000000001,13.659999999999984,0.059999999999982734,Evaluación
12.600000000000001,12.644,0.04399999999999871,Evaluación
13.600000000000001,12.989999999999995,0.6100000000000065,Evaluación
14.8,14.731999999999978,0.06800000000002271,Evaluación
13.0,13.082,0.08200000000000074,Evaluación
13.8,14.022,0.22199999999999953,Evaluación
14.0,14.087999999999996,0.08799999999999564,Evaluación
13.0,12.931999999999993,0.06800000000000672,Evaluación
13.600000000000001,13.406000000000006,0.1939999999999955,Evaluación
13.0,13.480800000000004,0.4808000000000039,Evaluación
13.600000000000001,13.665333333333322,0.06533333333332081,Evaluación
13.600000000000001,13.523999999999992,0.0760000000000094,Evaluación
13.200000000000001,13.192333333333352,0.007666666666649391,Evaluación
14.0,14.046000000000014,0.046000000000013586,Evaluación
13.200000000000001,13.290000000000015,0.09000000000001407,Evaluación
12.8,13.038866666666658,0.23886666666665768,Evaluación
14.0,14.092,0.09200000000000053,Evaluación
13.600000000000001,13.273999999999994,0.3260000000000076,Evaluación
14.8,14.507999999999996,0.29200000000000514,Evaluación
14.200000000000001,14.008000000000013,0.19199999999998774,Evaluación
12.200000000000001,12.241999999999985,0.04199999999998383,Evaluación
12.8,12.699999999999982,0.10000000000001918,Evaluación
12.8,12.72599999999999,0.0740000000000105,Evaluación
14.600000000000001,14.463999999999993,0.13600000000000811,Evaluación
12.4,12.664000000000003,0.2640000000000029,Evaluación
14.200000000000001,14.230000000000024,0.030000000000022453,Evaluación
13.600000000000001,13.265999999999995,0.33400000000000674,Evaluación
13.4,13.346000000000009,0.05399999999999139,Evaluación
12.600000000000001,12.663999999999998,0.0639999999999965,Evaluación
14.200000000000001,14.274000000000017,0.07400000000001583,Evaluación
14.4,14.322000000000017,0.07799999999998342,Evaluación
13.200000000000001,12.988000000000008,0.21199999999999264,Evaluación
13.4,13.573600000000006,0.17360000000000575,Evaluación
13.200000000000001,13.274000000000017,0.07400000000001583,Evaluación
13.600000000000001,13.361466666666677,0.23853333333332394,Evaluación
12.8,13.170000000000007,0.3700000000000063,Evaluación
13.0,12.960000000000004,0.039999999999995595,Evaluación
13.200000000000001,13.272000000000023,0.07200000000002227,Evaluación
13.8,13.674666666666656,0.1253333333333444,Evaluación
12.8,12.670000000000002,0.129999999999999,Evaluación
13.0,13.110000000000003,0.11000000000000298,Evaluación
14.4,14.41,0.009999999999999787,Evaluación
13.0,12.974,0.0259999999999998,Evaluación
14.0,14.22400000000001,0.22400000000001086,Evaluación
12.8,12.745999999999997,0.05400000000000382,Evaluación
12.4,12.568000000000005,0.1680000000000046,Evaluación
13.8,14.053999999999983,0.2539999999999818,Evaluación
12.4,12.508,0.10799999999999876,Evaluación
13.8,13.817999999999984,0.01799999999998292,Evaluación
13.200000000000001,13.194000000000019,0.005999999999982464,Evaluación
14.200000000000001,13.987833333333342,0.2121666666666595,Evaluación
13.200000000000001,13.158000000000017,0.04199999999998383,Evaluación
12.8,12.93399999999999,0.13399999999998968,Evaluación
12.600000000000001,12.569999999999999,0.030000000000002913,Evaluación
13.600000000000001,13.600999999999992,0.000999999999990564,Evaluación
12.600000000000001,12.484000000000002,0.11599999999999966,Evaluación
12.8,12.460000000000003,0.3399999999999981,Evaluación
13.200000000000001,13.28400000000001,0.08400000000000851,Evaluación
14.200000000000001,14.181666666666688,0.018333333333313107,Evaluación
14.4,14.314000000000012,0.08599999999998786,Evaluación
13.200000000000001,13.693999999999992,0.4939999999999909,Evaluación
13.0,13.100000000000007,0.10000000000000675,Evaluación
13.200000000000001,13.232000000000017,0.032000000000016016,Evaluación
12.4,12.450000000000005,0.05000000000000426,Evaluación
13.600000000000001,13.703999999999992,0.10399999999999032,Evaluación
13.0,12.85,0.15000000000000036,Evaluación
12.4,12.355999999999996,0.044000000000004036,Evaluación
12.8,12.844999999999981,0.04499999999998039,Evaluación
14.4,14.314000000000014,0.08599999999998609,Evaluación
14.0,14.098000000000003,0.09800000000000253,Evaluación
13.0,12.981999999999998,0.01800000000000246,Evaluación
13.200000000000001,13.22800000000001,0.02800000000000935,Evaluación
13.4,13.484000000000002,0.0840000000000014,Evaluación
14.600000000000001,14.510499999999988,0.08950000000001346,Evaluación
13.0,13.031000000000011,0.03100000000001124,Evaluación
14.8,14.671999999999983,0.12800000000001788,Evaluación
13.200000000000001,13.244000000000014,0.04400000000001292,Evaluación
13.4,13.388133333333345,0.01186666666665559,Evaluación
14.200000000000001,14.111000000000022,0.0889999999999791,Evaluación
12.600000000000001,12.844666666666665,0.2446666666666637,Evaluación
14.600000000000001,14.422000000000004,0.17799999999999727,Evaluación
13.600000000000001,13.568699999999996,0.03130000000000521,Evaluación
13.200000000000001,13.246000000000015,0.046000000000013586,Evaluación
13.600000000000001,13.891066666666656,0.29106666666665504,Evaluación
13.200000000000001,13.633657142857146,0.43365714285714496,Evaluación
12.4,12.497999999999998,0.0979999999999972,Evaluación
13.600000000000001,13.629999999999994,0.029999999999992255,Evaluación
13.0,13.027999999999997,0.027999999999996916,Evaluación
14.600000000000001,14.214999999999984,0.38500000000001755,Evaluación
12.8,12.695999999999987,0.10400000000001342,Evaluación
13.4,13.322000000000008,0.0779999999999923,Evaluación
13.8,13.705999999999982,0.09400000000001896,Evaluación
12.0,12.320000000000004,0.32000000000000384,Evaluación
13.200000000000001,13.184000000000019,0.01599999999998225,Evaluación
14.0,13.995999999999999,0.004000000000001336,Evaluación
13.200000000000001,13.172000000000017,0.027999999999984482,Evaluación
12.8,12.916999999999987,0.11699999999998667,Evaluación
14.0,13.93406666666667,0.06593333333333007,Evaluación
13.8,13.80999999999998,0.00999999999997847,Evaluación
12.8,12.877999999999986,0.07799999999998519,Evaluación
14.4,14.482000000000003,0.08200000000000252,Evaluación
12.0,12.163999999999996,0.16399999999999615,Evaluación
14.0,14.0829,0.08290000000000042,Evaluación
12.4,12.380000000000003,0.019999999999997797,Evaluación
13.200000000000001,13.068000000000016,0.13199999999998546,Evaluación
13.200000000000001,13.325333333333354,0.12533333333335328,Evaluación
13.0,13.216,0.2159999999999993,Evaluación
12.8,12.899999999999986,0.09999999999998543,Evaluación
14.4,13.638000000000009,0.7619999999999916,Evaluación
14.200000000000001,14.058000000000016,0.14199999999998525,Evaluación
13.600000000000001,13.80199999999999,0.2019999999999893,Evaluación
13.600000000000001,13.499999999999993,0.10000000000000853,Evaluación
12.8,13.110000000000007,0.3100000000000058,Evaluación
13.0,13.179999999999998,0.17999999999999794,Evaluación
12.8,12.979999999999986,0.1799999999999855,Evaluación
15.0,14.84999999999999,0.15000000000000924,Evaluación
12.200000000000001,12.275,0.07499999999999929,Evaluación
13.600000000000001,13.513999999999994,0.0860000000000074,Evaluación
14.0,13.875166666666653,0.12483333333334734,Evaluación
14.200000000000001,14.012000000000022,0.1879999999999793,Evaluación
13.200000000000001,13.310000000000016,0.11000000000001542,Evaluación
13.200000000000001,13.136000000000017,0.06399999999998407,Evaluación
14.0,14.009833333333336,0.00983333333333647,Evaluación
12.4,12.718300000000013,0.31830000000001313,Evaluación
14.4,13.658000000000008,0.741999999999992,Evaluación
14.4,14.306000000000004,0.09399999999999586,Evaluación
12.600000000000001,12.791999999999996,0.19199999999999484,Evaluación
13.8,13.673999999999984,0.1260000000000172,Evaluación
13.600000000000001,13.675999999999988,0.0759999999999863,Evaluación
13.4,13.302000000000007,0.09799999999999365,Evaluación
14.200000000000001,13.904000000000021,0.29599999999997983,Evaluación
13.4,13.596000000000009,0.1960000000000086,Evaluación
12.4,12.628000000000002,0.22800000000000153,Evaluación
13.8,13.921333333333314,0.12133333333331286,Evaluación
13.4,13.001999999999995,0.398000000000005,Evaluación
14.200000000000001,13.852000000000015,0.34799999999998654,Evaluación
12.4,12.446000000000003,0.04600000000000293,Evaluación
12.8,12.462,0.33800000000000097,Evaluación
14.8,14.653999999999986,0.146000000000015,Evaluación
13.8,13.84466666666665,0.044666666666648425,Evaluación
13.0,13.006000000000002,0.006000000000002004,Evaluación
13.200000000000001,13.420000000000018,0.22000000000001663,Evaluación
14.0,13.768999999999988,0.2310000000000123,Evaluación
13.600000000000001,13.44533333333334,0.15466666666666207,Evaluación
14.0,13.782000000000004,0.21799999999999642,Evaluación
13.600000000000001,13.42053333333334,0.1794666666666611,Evaluación
13.8,13.865999999999985,0.06599999999998474,Evaluación
13.200000000000001,13.16800000000002,0.03199999999998049,Evaluación
13.0,12.96666666666667,0.03333333333332966,Evaluación
14.200000000000001,14.148000000000017,0.051999999999983615,Evaluación
13.200000000000001,13.294000000000018,0.09400000000001718,Evaluación
12.200000000000001,12.535833333333331,0.3358333333333299,Evaluación
13.8,13.645999999999981,0.15400000000001945,Evaluación
13.0,13.312600000000005,0.3126000000000051,Evaluación
12.600000000000001,12.80379999999999,0.20379999999998866,Evaluación
14.600000000000001,14.371999999999984,0.22800000000001752,Evaluación
13.600000000000001,13.52,0.08000000000000185,Evaluación
14.0,13.983999999999995,0.016000000000005343,Evaluación
14.4,14.148000000000007,0.25199999999999356,Evaluación
13.600000000000001,13.615999999999994,0.01599999999999291,Evaluación
13.600000000000001,13.563999999999991,0.036000000000010246,Evaluación
14.200000000000001,14.130000000000017,0.0699999999999843,Evaluación
13.600000000000001,13.919666666666663,0.3196666666666612,Evaluación
14.0,13.744000000000002,0.25599999999999845,Evaluación
14.0,13.979333333333336,0.020666666666663502,Evaluación
13.8,13.603799999999994,0.19620000000000637,Evaluación
14.600000000000001,14.533999999999992,0.0660000000000096,Evaluación
14.4,14.400000000000011,1.0658141036401503e-14,Evaluación
13.4,13.28400000000001,0.11599999999999078,Evaluación
13.8,13.819999999999983,0.01999999999998181,Evaluación
13.600000000000001,13.673666666666668,0.0736666666666661,Evaluación
12.8,12.815999999999985,0.015999999999984027,Evaluación
14.200000000000001,14.153500000000001,0.046499999999999986,Evaluación
13.600000000000001,13.846000000000004,0.24600000000000222,Evaluación
14.0,14.084000000000009,0.08400000000000851,Evaluación
14.4,13.982666666666665,0.41733333333333533,Evaluación
13.0,13.003999999999998,0.003999999999997783,Evaluación
14.0,13.914000000000001,0.08599999999999852,Evaluación
13.8,13.290000000000015,0.5099999999999856,Evaluación
12.8,12.775999999999996,0.024000000000004462,Evaluación
13.4,13.752000000000004,0.35200000000000387,Evaluación
13.0,13.00799999999999,0.007999999999990237,Evaluación
12.4,13.026999999999994,0.6269999999999936,Evaluación
13.600000000000001,13.621999999999996,0.021999999999994913,Evaluación
13.600000000000001,13.649999999999991,0.04999999999999005,Evaluación
13.600000000000001,13.631999999999989,0.031999999999987594,Evaluación
13.600000000000001,13.413999999999989,0.18600000000001238,Evaluación
12.4,12.384200000000007,0.015799999999993375,Evaluación
14.4,13.975999999999997,0.42400000000000304,Evaluación
13.8,13.951999999999993,0.15199999999999214,Evaluación
13.600000000000001,13.497999999999996,0.10200000000000564,Evaluación
14.200000000000001,14.256666666666687,0.05666666666668618,Evaluación
13.8,14.029999999999983,0.22999999999998266,Evaluación
14.200000000000001,14.056000000000013,0.1439999999999877,Evaluación
13.0,13.044000000000006,0.04400000000000581,Evaluación
13.600000000000001,14.322000000000005,0.7220000000000031,Evaluación
12.0,12.136,0.13599999999999923,Evaluación
13.600000000000001,13.569999999999999,0.030000000000002913,Evaluación
13.200000000000001,13.306000000000015,0.10600000000001408,Evaluación
13.200000000000001,13.028000000000004,0.17199999999999704,Evaluación
12.4,12.276000000000002,0.12399999999999878,Evaluación
12.200000000000001,12.611199999999995,0.4111999999999938,Evaluación
13.8,13.759999999999986,0.040000000000015135,Evaluación
13.8,13.557999999999991,0.24200000000000976,Evaluación
14.8,14.60599999999998,0.19400000000002038,Evaluación
12.4,12.48,0.08000000000000007,Evaluación
13.4,13.83200000000001,0.43200000000000927,Evaluación
13.8,13.731999999999989,0.06800000000001205,Evaluación
13.200000000000001,13.160000000000018,0.03999999999998316,Evaluación
14.4,14.302000000000007,0.09799999999999365,Evaluación
13.8,13.621999999999982,0.1780000000000186,Evaluación
13.0,13.000000000000005,5.329070518200751e-15,Evaluación
14.4,14.174333333333328,0.22566666666667246,Evaluación
13.8,13.633999999999988,0.1660000000000128,Evaluación
12.0,12.038000000000002,0.03800000000000203,Evaluación
12.200000000000001,12.156000000000017,0.043999999999984496,Evaluación
12.600000000000001,12.606799999999996,0.00679999999999481,Evaluación
12.600000000000001,12.591999999999995,0.008000000000006224,Evaluación
13.600000000000001,13.66133333333332,0.0613333333333177,Evaluación
13.600000000000001,13.415999999999991,0.18400000000000993,Evaluación
13.0,13.233400000000007,0.2334000000000067,Evaluación
14.200000000000001,14.077333333333335,0.12266666666666559,Evaluación
12.8,13.184000000000008,0.38400000000000745,Evaluación
13.0,12.80379999999999,0.19620000000000992,Evaluación
13.4,13.272000000000006,0.12799999999999478,Evaluación
13.4,13.489999999999995,0.08999999999999453,Evaluación
13.4,13.414000000000005,0.014000000000004675,Evaluación
13.4,13.268000000000004,0.13199999999999612,Evaluación
14.4,14.295333333333335,0.10466666666666491,Evaluación
13.8,13.743999999999978,0.056000000000022254,Evaluación
13.0,13.086000000000006,0.08600000000000563,Evaluación
13.200000000000001,13.176000000000014,0.0239999999999867,Evaluación
14.0,13.942999999999994,0.05700000000000571,Evaluación
14.200000000000001,14.240000000000018,0.04000000000001691,Evaluación
13.4,13.60600000000001,0.20600000000001017,Evaluación
14.4,14.382666666666676,0.01733333333332432,Evaluación
12.600000000000001,13.212,0.6119999999999983,Evaluación
13.4,13.388000000000009,0.011999999999991573,Evaluación
14.4,14.366000000000016,0.03399999999998471,Evaluación
14.4,14.31866666666668,0.08133333333332082,Evaluación
14.0,14.084000000000003,0.08400000000000318,Evaluación
13.4,13.444000000000008,0.04400000000000759,Evaluación
13.600000000000001,13.581999999999994,0.018000000000007788,Evaluación
13.4,13.454000000000008,0.054000000000007375,Evaluación
14.0,13.844000000000003,0.15599999999999703,Evaluación
13.4,13.678000000000006,0.2780000000000058,Evaluación
14.200000000000001,14.074333333333346,0.12566666666665505,Evaluación
13.8,13.706000000000003,0.09399999999999764,Evaluación
14.8,14.705999999999985,0.0940000000000154,Evaluación
12.600000000000001,12.613999999999997,0.013999999999995794,Evaluación
14.4,14.320000000000011,0.07999999999998941,Evaluación
14.200000000000001,13.90000000000002,0.29999999999998117,Evaluación
12.8,12.723999999999984,0.0760000000000165,Evaluación
13.8,13.72799999999999,0.07200000000000983,Evaluación
12.4,12.171999999999992,0.22800000000000864,Evaluación
13.8,13.897999999999984,0.09799999999998299,Evaluación
13.600000000000001,13.566000000000004,0.033999999999997144,Evaluación
13.4,12.888,0.5120000000000005,Evaluación
14.200000000000001,14.046000000000014,0.15399999999998748,Evaluación
14.0,14.088000000000001,0.08800000000000097,Evaluación
12.600000000000001,12.647999999999994,0.04799999999999294,Evaluación
12.0,12.039999999999997,0.03999999999999737,Evaluación
13.8,13.789999999999985,0.010000000000015774,Evaluación
14.200000000000001,14.23400000000002,0.03400000000001846,Evaluación
13.8,13.745999999999983,0.054000000000018034,Evaluación
14.600000000000001,14.34400000000001,0.25599999999999135,Evaluación
14.600000000000001,14.038,0.5620000000000012,Evaluación
13.600000000000001,13.336000000000018,0.26399999999998336,Evaluación
13.4,13.359333333333339,0.0406666666666613,Evaluación
14.8,14.429999999999996,0.37000000000000455,Evaluación
13.600000000000001,13.593999999999994,0.006000000000007333,Evaluación
13.8,13.600342857142849,0.19965714285715208,Evaluación
13.8,13.649999999999986,0.15000000000001457,Evaluación
13.600000000000001,13.607999999999988,0.007999999999986684,Evaluación
13.200000000000001,13.528000000000015,0.3280000000000136,Evaluación
13.8,13.707999999999988,0.09200000000001296,Evaluación
13.200000000000001,13.110000000000005,0.0899999999999963,Evaluación
14.4,14.247000000000009,0.1529999999999916,Evaluación
13.8,13.83799999999998,0.03799999999997894,Evaluación
13.600000000000001,14.055600000000004,0.4556000000000022,Evaluación
13.200000000000001,13.244000000000014,0.04400000000001292,Evaluación
13.0,12.858000000000002,0.14199999999999768,Evaluación
14.200000000000001,14.090000000000014,0.109999999999987,Evaluación
12.200000000000001,12.492000000000019,0.2920000000000176,Evaluación
12.600000000000001,12.66299999999999,0.06299999999998818,Evaluación
13.200000000000001,13.120000000000013,0.07999999999998764,Evaluación
13.8,13.859999999999983,0.059999999999982734,Evaluación
14.200000000000001,14.075833333333344,0.12416666666665677,Evaluación
14.600000000000001,14.479999999999992,0.12000000000000988,Evaluación
14.4,14.434000000000008,0.0340000000000078,Evaluación
14.600000000000001,14.563999999999986,0.036000000000015575,Evaluación
13.0,13.004000000000003,0.004000000000003112,Evaluación
14.200000000000001,14.278000000000002,0.07800000000000118,Evaluación
13.0,12.964,0.03599999999999959,Evaluación
13.4,13.678000000000003,0.27800000000000225,Evaluación
13.8,13.654333333333318,0.14566666666668304,Evaluación
12.600000000000001,12.808000000000003,0.20800000000000196,Evaluación
13.600000000000001,13.639999999999986,0.039999999999984936,Evaluación
14.0,14.074000000000005,0.07400000000000517,Evaluación
12.8,12.809333333333319,0.009333333333318095,Evaluación
12.8,12.907999999999989,0.1079999999999881,Evaluación
13.600000000000001,13.834000000000009,0.2340000000000071,Evaluación
13.0,13.103,0.10299999999999976,Evaluación
14.0,13.930999999999997,0.06900000000000261,Evaluación
13.200000000000001,13.250000000000021,0.05000000000002025,Evaluación
14.0,13.979999999999995,0.020000000000004903,Evaluación
13.200000000000001,13.226000000000015,0.026000000000014012,Evaluación
13.8,13.68599999999998,0.11400000000002031,Evaluación
13.8,13.847999999999987,0.04799999999998583,Evaluación
12.8,12.971333333333321,0.17133333333332068,Evaluación
12.8,12.851999999999986,0.05199999999998539,Evaluación
13.8,13.795999999999983,0.004000000000017323,Evaluación
13.4,13.406000000000004,0.00600000000000378,Evaluación
12.600000000000001,12.720999999999998,0.12099999999999689,Evaluación
13.4,13.478000000000003,0.07800000000000296,Evaluación
13.0,12.806000000000001,0.19399999999999906,Evaluación
12.8,12.79699999999998,0.00300000000002143,Evaluación
13.600000000000001,13.295999999999998,0.3040000000000038,Evaluación
12.8,12.861999999999982,0.061999999999981625,Evaluación
14.0,14.183999999999996,0.18399999999999572,Evaluación
14.0,13.9015,0.09849999999999959,Evaluación
13.4,13.496000000000006,0.09600000000000541,Evaluación
13.8,13.769999999999982,0.0300000000000189,Evaluación
14.0,14.076500000000001,0.07650000000000112,Evaluación
13.8,13.689999999999984,0.1100000000000172,Evaluación
13.0,13.030000000000003,0.030000000000002913,Evaluación
13.200000000000001,13.412000000000011,0.2120000000000104,Evaluación
14.0,13.923999999999992,0.07600000000000762,Evaluación
12.600000000000001,12.569999999999999,0.030000000000002913,Evaluación
13.8,13.906666666666656,0.10666666666665492,Evaluación
14.8,14.475999999999985,0.32400000000001583,Evaluación
14.0,13.88533333333333,0.11466666666667003,Evaluación
13.200000000000001,13.310666666666682,0.11066666666668112,Evaluación
13.600000000000001,13.62999999999999,0.029999999999988702,Evaluación
13.4,13.590000000000002,0.19000000000000128,Evaluación
13.200000000000001,13.083333333333346,0.1166666666666547,Evaluación
13.0,13.032000000000005,0.03200000000000536,Evaluación
13.200000000000001,13.13900000000001,0.06099999999999106,Evaluación
13.8,13.86599999999999,0.06599999999999007,Evaluación
13.4,13.514333333333344,0.11433333333334339,Evaluación
13.8,13.781999999999984,0.01800000000001667,Evaluación
13.200000000000001,13.202000000000012,0.002000000000011326,Evaluación
12.8,12.979999999999986,0.1799999999999855,Evaluación
12.200000000000001,12.312000000000017,0.11200000000001609,Evaluación
12.200000000000001,12.272000000000018,0.07200000000001694,Evaluación
14.0,13.811999999999998,0.1880000000000024,Evaluación
13.0,12.976,0.023999999999999133,Evaluación
13.4,13.466000000000003,0.0660000000000025,Evaluación
13.8,13.775999999999987,0.024000000000013344,Evaluación
12.600000000000001,12.628999999999994,0.02899999999999281,Evaluación
13.200000000000001,13.316000000000015,0.11600000000001387,Evaluación
14.600000000000001,14.459999999999996,0.1400000000000059,Evaluación
13.600000000000001,13.723999999999995,0.12399999999999345,Evaluación
14.8,14.82799999999998,0.027999999999979153,Evaluación
14.0,14.424666666666658,0.4246666666666581,Evaluación
13.600000000000001,13.681999999999992,0.08199999999999008,Evaluación
13.4,13.368000000000002,0.03199999999999825,Evaluación
13.0,12.934000000000001,0.06599999999999895,Evaluación
13.200000000000001,12.703999999999994,0.49600000000000755,Evaluación
12.8,12.754333333333317,0.0456666666666834,Evaluación
14.4,14.26400000000001,0.13599999999999035,Evaluación
14.0,13.524000000000003,0.4759999999999973,Evaluación
12.0,12.082000000000008,0.08200000000000784,Evaluación
13.600000000000001,13.683999999999996,0.0839999999999943,Evaluación
14.200000000000001,14.054000000000022,0.14599999999997948,Evaluación
13.600000000000001,13.63599999999999,0.03599999999998893,Evaluación
13.4,13.424000000000012,0.024000000000011568,Evaluación
14.0,13.39600000000001,0.6039999999999903,Evaluación
13.0,13.38166666666667,0.3816666666666695,Evaluación
12.0,12.072000000000003,0.07200000000000273,Evaluación
13.0,12.893999999999997,0.10600000000000342,Evaluación
14.0,14.294,0.2940000000000005,Evaluación
13.8,13.877999999999984,0.07799999999998342,Evaluación
12.8,12.853999999999983,0.053999999999982506,Evaluación
13.4,13.217666666666672,0.1823333333333288,Evaluación
14.600000000000001,14.445999999999987,0.15400000000001413,Evaluación
14.8,14.67799999999998,0.1220000000000212,Evaluación
13.4,13.484000000000007,0.08400000000000674,Evaluación
13.200000000000001,13.300133333333335,0.10013333333333385,Evaluación
13.8,13.823999999999987,0.0239999999999867,Evaluación
12.8,12.985999999999981,0.1859999999999804,Evaluación
13.8,13.579999999999982,0.2200000000000184,Evaluación
13.200000000000001,13.218000000000016,0.018000000000014893,Evaluación
13.0,13.03,0.02999999999999936,Evaluación
13.4,13.017999999999997,0.3820000000000032,Evaluación
13.4,13.486000000000008,0.0860000000000074,Evaluación
13.600000000000001,13.62999999999999,0.029999999999988702,Evaluación
13.0,12.86,0.14000000000000057,Evaluación
13.200000000000001,12.982000000000006,0.21799999999999464,Evaluación
13.0,12.806000000000001,0.19399999999999906,Evaluación
14.200000000000001,14.254500000000021,0.05450000000002042,Evaluación
12.600000000000001,12.517333333333339,0.08266666666666289,Evaluación
14.0,13.025999999999994,0.9740000000000055,Evaluación
14.0,13.482000000000005,0.5179999999999954,Evaluación
13.4,13.524000000000006,0.12400000000000588,Evaluación
13.600000000000001,13.559999999999992,0.040000000000009805,Evaluación
12.600000000000001,12.673999999999992,0.07399999999999096,Evaluación
14.0,13.961999999999996,0.03800000000000381,Evaluación
13.8,13.922333333333315,0.12233333333331409,Evaluación
13.200000000000001,13.170000000000018,0.029999999999983373,Evaluación
14.0,14.025333333333332,0.02533333333333232,Evaluación
13.600000000000001,13.715999999999994,0.11599999999999255,Evaluación
14.0,14.521999999999997,0.5219999999999967,Evaluación
13.4,13.396666666666668,0.003333333333332078,Evaluación
13.8,13.946000000000009,0.1460000000000079,Evaluación
12.8,12.621999999999982,0.1780000000000186,Evaluación
12.4,13.050000000000004,0.6500000000000039,Evaluación
14.200000000000001,14.239000000000015,0.03900000000001391,Evaluación
13.8,13.672666666666656,0.12733333333334507,Evaluación
12.4,12.537000000000003,0.13700000000000223,Evaluación
13.200000000000001,13.272000000000016,0.07200000000001516,Evaluación
12.8,12.84999999999999,0.04999999999999005,Evaluación
13.200000000000001,13.180000000000016,0.019999999999985363,Evaluación
14.4,14.12066666666667,0.2793333333333301,Evaluación
14.200000000000001,14.09800000000002,0.10199999999998077,Evaluación
13.0,13.725999999999988,0.7259999999999884,Evaluación
13.0,12.809666666666672,0.19033333333332791,Evaluación
14.0,14.015500000000005,0.015500000000004732,Evaluación
13.600000000000001,13.342666666666668,0.2573333333333334,Evaluación
11.8,11.92399999999998,0.12399999999997924,Evaluación
12.8,12.83799999999999,0.0379999999999896,Evaluación
13.4,13.053000000000011,0.3469999999999889,Evaluación
12.0,12.101999999999999,0.10199999999999854,Evaluación
13.4,13.156000000000008,0.24399999999999267,Evaluación
13.0,12.889333333333328,0.11066666666667224,Evaluación
14.200000000000001,14.202000000000023,0.002000000000021984,Evaluación
13.4,13.478000000000002,0.07800000000000118,Evaluación
13.8,13.747499999999985,0.0525000000000162,Evaluación
13.600000000000001,13.255233333333326,0.34476666666667555,Evaluación
11.8,11.995999999999988,0.1959999999999873,Evaluación
15.0,14.856000000000002,0.14399999999999835,Evaluación
11.8,12.03199999999998,0.23199999999997978,Evaluación
14.200000000000001,14.202000000000014,0.0020000000000131024,Evaluación
13.200000000000001,13.376000000000017,0.17600000000001614,Evaluación
13.8,13.669999999999986,0.130000000000015,Evaluación
13.0,13.062000000000001,0.062000000000001165,Evaluación
13.600000000000001,13.657838095238098,0.0578380952380968,Evaluación
13.600000000000001,13.491999999999997,0.10800000000000409,Evaluación
13.4,13.310000000000004,0.0899999999999963,Evaluación
13.600000000000001,13.533999999999997,0.06600000000000428,Evaluación
13.600000000000001,13.667999999999992,0.06799999999999073,Evaluación
13.200000000000001,13.172000000000018,0.027999999999982705,Evaluación
13.4,13.266000000000005,0.133999999999995,Evaluación
12.600000000000001,12.426000000000005,0.17399999999999594,Evaluación
13.600000000000001,13.661999999999988,0.061999999999986954,Evaluación
13.0,13.153999999999996,0.15399999999999636,Evaluación
13.4,13.026,0.37400000000000055,Evaluación
13.4,13.346000000000005,0.05399999999999494,Evaluación
13.4,13.393000000000004,0.0069999999999961204,Evaluación
12.8,12.93133333333333,0.13133333333332864,Evaluación
12.200000000000001,12.736266666666657,0.5362666666666556,Evaluación
13.0,13.132000000000003,0.13200000000000323,Evaluación
14.0,14.149999999999995,0.14999999999999503,Evaluación
13.4,13.097999999999999,0.3020000000000014,Evaluación
13.600000000000001,13.842000000000011,0.24200000000000976,Evaluación
13.0,13.107999999999999,0.10799999999999876,Evaluación
12.600000000000001,12.540000000000003,0.05999999999999872,Evaluación
14.4,14.12366666666668,0.2763333333333211,Evaluación
13.600000000000001,13.39799999999999,0.20200000000001062,Evaluación
14.600000000000001,14.397999999999985,0.20200000000001594,Evaluación
14.200000000000001,14.102300000000003,0.0976999999999979,Evaluación
14.0,14.144000000000007,0.14400000000000723,Evaluación
13.600000000000001,13.463999999999997,0.13600000000000456,Evaluación
13.600000000000001,13.583999999999987,0.016000000000014225,Evaluación
13.600000000000001,13.679999999999984,0.07999999999998231,Evaluación
14.200000000000001,14.721999999999985,0.5219999999999843,Evaluación
14.0,13.876000000000001,0.12399999999999878,Evaluación
13.4,13.346000000000005,0.05399999999999494,Evaluación
12.200000000000001,12.34600000000002,0.14600000000001856,Evaluación
12.8,12.77883333333332,0.0211666666666801,Evaluación
14.4,14.474,0.07399999999999984,Evaluación
13.4,13.657999999999992,0.257999999999992,Evaluación
13.0,12.961999999999994,0.038000000000005585,Evaluación
12.8,12.835999999999983,0.035999999999981824,Evaluación
13.200000000000001,13.254000000000012,0.05400000000001093,Evaluación
12.4,12.608000000000006,0.2080000000000055,Evaluación
14.0,14.237333333333344,0.2373333333333445,Evaluación
12.8,12.839999999999986,0.039999999999984936,Evaluación
14.0,14.031999999999998,0.03199999999999825,Evaluación
13.200000000000001,13.280000000000015,0.08000000000001428,Evaluación
12.4,13.303200000000002,0.9032000000000018,Evaluación
12.600000000000001,12.743999999999998,0.14399999999999658,Evaluación
13.200000000000001,13.247999999999998,0.04799999999999649,Evaluación
14.0,14.037,0.03700000000000081,Evaluación
12.600000000000001,12.460000000000003,0.1399999999999988,Evaluación
14.0,13.984000000000002,0.015999999999998238,Evaluación
13.0,13.022766666666671,0.022766666666671043,Evaluación
13.4,13.234000000000004,0.16599999999999682,Evaluación
14.600000000000001,14.611999999999988,0.011999999999986244,Evaluación
14.200000000000001,14.322000000000017,0.12200000000001587,Evaluación
14.600000000000001,14.623999999999992,0.02399999999999025,Evaluación
13.0,12.859000000000004,0.14099999999999646,Evaluación
13.4,13.368000000000011,0.03199999999998937,Evaluación
13.4,13.47800000000001,0.07800000000001006,Evaluación
13.8,13.530733333333332,0.26926666666666854,Evaluación
12.200000000000001,12.163999999999996,0.03600000000000492,Evaluación
12.8,12.797999999999984,0.002000000000016655,Evaluación
12.8,12.94999999999998,0.14999999999997904,Evaluación
13.600000000000001,13.76199999999999,0.16199999999998838,Evaluación
12.4,12.476571428571432,0.07657142857143207,Evaluación
13.200000000000001,13.102000000000016,0.09799999999998477,Evaluación
14.0,13.921466666666664,0.07853333333333623,Evaluación
13.4,13.358000000000004,0.04199999999999626,Evaluación
14.0,13.786,0.2140000000000004,Evaluación
13.0,13.101999999999999,0.10199999999999854,Evaluación
13.0,13.13,0.13000000000000078,Evaluación
14.0,13.873999999999999,0.12600000000000122,Evaluación
14.4,14.210000000000013,0.18999999999998707,Evaluación
13.0,13.070000000000002,0.07000000000000206,Evaluación
14.200000000000001,14.13200000000002,0.06799999999998185,Evaluación
14.200000000000001,14.09600000000001,0.10399999999999032,Evaluación
14.4,14.26600000000001,0.13399999999998968,Evaluación
12.8,12.951999999999988,0.1519999999999868,Evaluación
14.4,14.330000000000009,0.0699999999999914,Evaluación
14.200000000000001,14.252000000000018,0.052000000000017366,Evaluación
13.200000000000001,13.308000000000018,0.10800000000001653,Evaluación
14.200000000000001,14.042000000000014,0.15799999999998704,Evaluación
13.4,13.408000000000008,0.008000000000008,Evaluación
13.8,13.735999999999985,0.06400000000001604,Evaluación
13.4,12.991700000000003,0.408299999999997,Evaluación
14.200000000000001,13.930000000000021,0.26999999999998003,Evaluación
13.200000000000001,13.116000000000003,0.08399999999999785,Evaluación
12.4,12.550000000000002,0.15000000000000213,Evaluación
13.4,13.52,0.11999999999999922,Evaluación
14.0,13.380000000000004,0.6199999999999957,Evaluación
14.4,14.4,0.0,Evaluación
13.8,13.825999999999986,0.02599999999998559,Evaluación
14.0,14.019999999999998,0.019999999999997797,Evaluación
12.8,12.956819047619042,0.15681904761904164,Evaluación
13.0,13.088000000000001,0.08800000000000097,Evaluación
13.200000000000001,13.132000000000023,0.0679999999999783,Evaluación
13.600000000000001,13.547999999999988,0.05200000000001381,Evaluación
14.4,14.2906,0.10940000000000083,Evaluación
13.0,12.982000000000001,0.017999999999998906,Evaluación
12.0,12.104,0.1039999999999992,Evaluación
12.600000000000001,12.82333333333333,0.22333333333332916,Evaluación
13.200000000000001,13.316000000000013,0.1160000000000121,Evaluación
14.600000000000001,14.421999999999986,0.17800000000001504,Evaluación
14.200000000000001,14.182000000000015,0.01799999999998647,Evaluación
11.8,12.089999999999986,0.28999999999998494,Evaluación
14.0,13.947999999999995,0.05200000000000493,Evaluación
12.600000000000001,12.645999999999997,0.04599999999999582,Evaluación
13.4,13.498000000000001,0.09800000000000075,Evaluación
13.0,13.094000000000005,0.09400000000000475,Evaluación
12.8,12.75233333333332,0.04766666666668051,Evaluación
14.200000000000001,13.849999999999982,0.3500000000000192,Evaluación
14.0,13.775999999999993,0.2240000000000073,Evaluación
12.600000000000001,12.352,0.2480000000000011,Evaluación
13.600000000000001,13.677999999999999,0.07799999999999763,Evaluación
13.4,13.646000000000004,0.246000000000004,Evaluación
13.200000000000001,13.038666666666684,0.16133333333331734,Evaluación
13.0,13.118000000000002,0.1180000000000021,Evaluación
13.200000000000001,13.32466666666667,0.12466666666666981,Evaluación
13.0,12.988000000000005,0.011999999999995126,Evaluación
13.0,13.306000000000006,0.30600000000000627,Evaluación
12.600000000000001,12.596000000000002,0.0039999999999995595,Evaluación
13.0,13.174000000000003,0.17400000000000304,Evaluación
12.4,12.690000000000003,0.2900000000000027,Evaluación
13.200000000000001,13.086000000000022,0.11399999999997945,Evaluación
14.200000000000001,13.989199999999999,0.21080000000000254,Evaluación
12.8,12.959999999999985,0.15999999999998415,Evaluación
13.4,13.496000000000002,0.09600000000000186,Evaluación
13.600000000000001,13.553999999999997,0.046000000000004704,Evaluación
12.600000000000001,12.75,0.14999999999999858,Evaluación
12.8,12.829999999999986,0.02999999999998515,Evaluación
14.8,14.557999999999984,0.24200000000001687,Evaluación
13.600000000000001,13.377966666666673,0.22203333333332864,Evaluación
13.600000000000001,13.677499999999993,0.07749999999999169,Evaluación
13.8,13.689999999999987,0.11000000000001364,Evaluación
12.200000000000001,12.322000000000017,0.12200000000001587,Evaluación
13.8,13.894999999999989,0.0949999999999882,Evaluación
12.200000000000001,12.134000000000015,0.06599999999998651,Evaluación
13.4,13.40400000000001,0.004000000000010218,Evaluación
12.600000000000001,12.885999999999997,0.28599999999999604,Evaluación
13.600000000000001,13.662666666666658,0.06266666666665621,Evaluación
13.600000000000001,14.03950000000001,0.4395000000000078,Evaluación
13.4,13.388000000000002,0.011999999999998678,Evaluación
13.8,14.064999999999984,0.2649999999999828,Evaluación
12.8,12.767999999999983,0.03200000000001779,Evaluación
13.4,13.472000000000007,0.07200000000000628,Evaluación
14.0,14.045000000000005,0.04500000000000526,Evaluación
14.4,14.400000000000007,7.105427357601002e-15,Evaluación
14.200000000000001,14.304000000000006,0.10400000000000453,Evaluación
12.4,12.460000000000003,0.060000000000002274,Evaluación
13.4,13.374000000000015,0.02599999999998559,Evaluación
12.8,13.288499999999985,0.48849999999998417,Evaluación
12.8,12.83399999999998,0.03399999999997938,Evaluación
14.0,13.992333333333333,0.007666666666667155,Evaluación
13.600000000000001,13.613999999999997,0.013999999999995794,Evaluación
14.0,13.927252380952373,0.07274761904762705,Evaluación
13.0,12.914000000000001,0.08599999999999852,Evaluación
11.8,12.083999999999996,0.28399999999999537,Evaluación
13.8,13.819999999999983,0.01999999999998181,Evaluación
13.4,13.306000000000008,0.09399999999999231,Evaluación
13.600000000000001,13.87099999999999,0.27099999999998836,Evaluación
12.4,12.372,0.02800000000000047,Evaluación
13.0,13.011333333333333,0.011333333333332973,Evaluación
13.8,13.809999999999985,0.0099999999999838,Evaluación
13.0,12.972000000000001,0.027999999999998693,Evaluación
13.600000000000001,13.625999999999992,0.02599999999999092,Evaluación
13.600000000000001,12.85066666666666,0.7493333333333414,Evaluación
14.200000000000001,14.179000000000016,0.02099999999998481,Evaluación
14.200000000000001,14.078000000000008,0.12199999999999278,Evaluación
13.200000000000001,13.048000000000016,0.15199999999998504,Evaluación
14.200000000000001,13.95000000000001,0.24999999999999112,Evaluación
13.200000000000001,13.39000000000001,0.19000000000000838,Evaluación
13.200000000000001,13.43,0.22999999999999865,Evaluación
13.8,13.729999999999986,0.0700000000000145,Evaluación
13.0,13.175999999999995,0.17599999999999483,Evaluación
13.200000000000001,13.110000000000015,0.08999999999998565,Evaluación
13.4,13.566000000000004,0.16600000000000392,Evaluación
13.200000000000001,12.836333333333327,0.36366666666667413,Evaluación
13.8,13.702999999999983,0.0970000000000173,Evaluación
13.200000000000001,13.082000000000017,0.11799999999998434,Evaluación
12.8,12.857999999999986,0.05799999999998562,Evaluación
14.0,14.011999999999999,0.011999999999998678,Evaluación
12.4,12.546000000000001,0.1460000000000008,Evaluación
13.4,13.640000000000008,0.24000000000000732,Evaluación
12.0,12.424,0.4239999999999995,Evaluación
13.200000000000001,13.148000000000016,0.05199999999998539,Evaluación
14.4,14.408000000000014,0.00800000000001333,Evaluación
12.600000000000001,12.592,0.008000000000000895,Evaluación
13.8,13.703999999999983,0.09600000000001785,Evaluación
13.200000000000001,13.224000000000014,0.024000000000013344,Evaluación
13.8,13.636,0.16400000000000148,Evaluación
13.600000000000001,13.573999999999991,0.02600000000001046,Evaluación
13.200000000000001,13.432000000000006,0.23200000000000465,Evaluación
12.600000000000001,12.568000000000001,0.03200000000000003,Evaluación
14.0,13.791999999999991,0.20800000000000907,Evaluación
13.600000000000001,13.553999999999997,0.046000000000004704,Evaluación
13.600000000000001,13.553299999999995,0.046700000000006625,Evaluación
13.4,13.560000000000008,0.16000000000000725,Evaluación
13.4,13.418000000000008,0.018000000000007788,Evaluación
13.8,13.85199999999998,0.05199999999998006,Evaluación
13.600000000000001,13.535999999999992,0.06400000000000894,Evaluación
13.4,13.556000000000004,0.15600000000000414,Evaluación
14.0,14.07,0.07000000000000028,Evaluación
14.0,13.406999999999988,0.5930000000000124,Evaluación
13.200000000000001,13.170000000000016,0.02999999999998515,Evaluación
12.200000000000001,12.224000000000016,0.02400000000001512,Evaluación
13.600000000000001,13.545999999999998,0.05400000000000382,Evaluación
12.8,13.093333333333332,0.2933333333333312,Evaluación
13.200000000000001,13.242000000000013,0.04200000000001225,Evaluación
14.600000000000001,14.49999999999999,0.10000000000001208,Evaluación
13.200000000000001,13.314000000000014,0.1140000000000132,Evaluación
13.0,13.062000000000005,0.06200000000000472,Evaluación
13.600000000000001,13.672433333333323,0.07243333333332203,Evaluación
13.8,13.947999999999988,0.14799999999998725,Evaluación
14.4,14.411999999999987,0.011999999999986244,Evaluación
12.600000000000001,12.524000000000006,0.07599999999999518,Evaluación
13.0,13.088000000000001,0.08800000000000097,Evaluación
13.8,13.715999999999983,0.0840000000000174,Evaluación
12.4,12.319999999999999,0.08000000000000185,Evaluación
13.200000000000001,13.477999999999994,0.27799999999999336,Evaluación
13.4,13.300000000000011,0.09999999999998899,Evaluación
14.200000000000001,14.102000000000018,0.09799999999998299,Evaluación
12.200000000000001,12.312000000000014,0.11200000000001253,Evaluación
13.600000000000001,13.519999999999996,0.0800000000000054,Evaluación
13.200000000000001,13.33000000000002,0.13000000000001855,Evaluación
14.200000000000001,14.180000000000016,0.019999999999985363,Evaluación
13.200000000000001,13.316000000000013,0.1160000000000121,Evaluación
12.0,12.186,0.18599999999999994,Evaluación
12.0,12.144000000000004,0.14400000000000368,Evaluación
13.200000000000001,13.216000000000015,0.016000000000014225,Evaluación
13.4,13.404000000000005,0.0040000000000048885,Evaluación
13.4,13.510000000000012,0.11000000000001187,Evaluación
12.8,12.863999999999985,0.06399999999998407,Evaluación
13.200000000000001,13.371400000000017,0.1714000000000162,Evaluación
13.600000000000001,13.617999999999993,0.0179999999999918,Evaluación
14.0,13.684000000000003,0.31599999999999717,Evaluación
15.0,14.72200000000001,0.2779999999999898,Evaluación
14.600000000000001,14.417999999999983,0.18200000000001815,Evaluación
12.200000000000001,12.360000000000014,0.16000000000001258,Evaluación
13.600000000000001,13.683000000000003,0.08300000000000196,Evaluación
14.0,14.01,0.009999999999999787,Evaluación
14.200000000000001,14.08000000000001,0.11999999999999034,Evaluación
14.200000000000001,13.97800000000002,0.22199999999998177,Evaluación
13.600000000000001,13.491999999999994,0.10800000000000765,Evaluación
14.0,13.899999999999993,0.10000000000000675,Evaluación
14.0,14.013,0.0129999999999999,Evaluación
12.4,12.704999999999993,0.3049999999999926,Evaluación
13.600000000000001,13.282000000000007,0.3179999999999943,Evaluación
13.600000000000001,13.432999999999993,0.1670000000000087,Evaluación
12.8,12.645999999999999,0.1540000000000017,Evaluación
13.600000000000001,13.571999999999994,0.028000000000007574,Evaluación
13.8,13.917999999999989,0.11799999999998789,Evaluación
14.0,14.070000000000002,0.07000000000000206,Evaluación
14.600000000000001,14.469599999999993,0.13040000000000873,Evaluación
13.200000000000001,13.106000000000005,0.09399999999999586,Evaluación
13.600000000000001,13.745999999999988,0.14599999999998658,Evaluación
13.600000000000001,13.623999999999988,0.0239999999999867,Evaluación
13.0,13.15000000000001,0.15000000000000924,Evaluación
13.200000000000001,13.160000000000016,0.039999999999984936,Evaluación
12.4,12.544,0.14400000000000013,Evaluación
13.4,13.44800000000001,0.048000000000008924,Evaluación
14.600000000000001,14.487833333333317,0.11216666666668473,Evaluación
13.0,12.850299999999995,0.1497000000000046,Evaluación
14.0,13.904000000000007,0.09599999999999298,Evaluación
13.600000000000001,13.377999999999991,0.2220000000000102,Evaluación
13.4,13.030000000000006,0.3699999999999939,Evaluación
13.200000000000001,13.380000000000013,0.18000000000001215,Evaluación
13.0,13.154000000000007,0.15400000000000702,Evaluación
13.200000000000001,13.170000000000021,0.02999999999997982,Evaluación
13.200000000000001,13.092000000000011,0.10799999999998988,Evaluación
12.0,12.204000000000015,0.20400000000001484,Evaluación
13.200000000000001,13.130000000000013,0.06999999999998785,Evaluación
13.600000000000001,13.427999999999997,0.17200000000000415,Evaluación
14.4,14.182000000000006,0.21799999999999464,Evaluación
13.600000000000001,13.560000000000002,0.03999999999999915,Evaluación
13.4,13.380000000000011,0.019999999999988916,Evaluación
12.4,12.174000000000003,0.22599999999999731,Evaluación
13.200000000000001,13.134000000000015,0.06599999999998651,Evaluación
13.8,13.619999999999987,0.18000000000001393,Evaluación
12.8,13.04799999999998,0.2479999999999798,Evaluación
12.600000000000001,12.841999999999995,0.24199999999999378,Evaluación
14.8,14.749999999999982,0.050000000000018474,Evaluación
14.4,14.10066666666668,0.2993333333333208,Evaluación
14.200000000000001,14.374000000000008,0.1740000000000066,Evaluación
12.8,12.865199999999986,0.06519999999998483,Evaluación
13.0,13.120000000000003,0.12000000000000277,Evaluación
15.0,14.987999999999998,0.012000000000002231,Evaluación
13.8,13.71399999999998,0.08600000000001984,Evaluación
13.0,13.086000000000006,0.08600000000000563,Evaluación
12.0,12.298,0.29800000000000004,Evaluación
13.8,13.526699999999996,0.2733000000000043,Evaluación
13.0,12.656,0.3439999999999994,Evaluación
13.4,13.565500000000009,0.16550000000000864,Evaluación
14.0,13.85,0.15000000000000036,Evaluación
13.200000000000001,13.240000000000018,0.04000000000001691,Evaluación
13.8,14.491999999999988,0.6919999999999877,Evaluación
13.8,13.665999999999979,0.13400000000002166,Evaluación
13.600000000000001,13.267999999999995,0.33200000000000607,Evaluación
14.0,13.878,0.12199999999999989,Evaluación
13.200000000000001,13.268000000000018,0.06800000000001738,Evaluación
13.0,13.017333333333326,0.017333333333326095,Evaluación
13.0,13.144399999999994,0.14439999999999387,Evaluación
13.0,13.336600000000002,0.33660000000000245,Evaluación
13.8,13.793999999999984,0.006000000000016215,Evaluación
13.8,13.525999999999996,0.27400000000000446,Evaluación
13.0,13.190000000000005,0.19000000000000483,Evaluación
14.4,14.41200000000001,0.012000000000009337,Evaluación
13.4,13.350000000000001,0.049999999999998934,Evaluación
14.8,14.66799999999999,0.13200000000001033,Evaluación
13.200000000000001,12.944000000000008,0.2559999999999931,Evaluación
13.200000000000001,13.064000000000014,0.1359999999999868,Evaluación
13.200000000000001,12.532,0.668000000000001,Evaluación
14.200000000000001,14.011333333333353,0.18866666666664855,Evaluación
13.200000000000001,13.392000000000017,0.19200000000001616,Evaluación
13.0,13.05,0.05000000000000071,Evaluación
13.8,13.667999999999985,0.13200000000001566,Evaluación
13.8,13.909999999999984,0.10999999999998344,Evaluación
12.600000000000001,12.710000000000003,0.11000000000000121,Evaluación
13.600000000000001,13.400933333333327,0.19906666666667405,Evaluación
12.8,13.014000000000008,0.21400000000000752,Evaluación
12.8,12.869999999999987,0.06999999999998607,Evaluación
14.600000000000001,14.531999999999991,0.06800000000001027,Evaluación
13.200000000000001,13.010666666666665,0.18933333333333557,Evaluación
13.4,13.405999999999999,0.005999999999998451,Evaluación
12.600000000000001,12.478000000000002,0.12199999999999989,Evaluación
12.200000000000001,12.202666666666687,0.002666666666685913,Evaluación
14.200000000000001,13.954000000000017,0.24599999999998445,Evaluación
12.200000000000001,12.35033333333334,0.15033333333333943,Evaluación
12.4,12.400600000000008,0.0006000000000074834,Evaluación
14.8,14.619999999999987,0.18000000000001393,Evaluación
13.0,12.913999999999994,0.08600000000000563,Evaluación
12.8,12.847999999999988,0.04799999999998761,Evaluación
13.200000000000001,13.354000000000015,0.15400000000001413,Evaluación
14.4,14.231333333333339,0.1686666666666614,Evaluación
13.4,13.336000000000006,0.06399999999999473,Evaluación
14.200000000000001,14.328000000000005,0.12800000000000367,Evaluación
13.0,13.063999999999998,0.06399999999999828,Evaluación
13.600000000000001,13.579999999999993,0.020000000000008455,Evaluación
13.600000000000001,13.57799999999999,0.0220000000000109,Evaluación
13.4,13.356000000000005,0.043999999999995154,Evaluación
12.8,12.969999999999985,0.16999999999998394,Evaluación
12.0,12.42200000000001,0.4220000000000095,Evaluación
14.0,14.20456190476191,0.20456190476190983,Evaluación
14.600000000000001,14.427999999999988,0.17200000000001303,Evaluación
13.8,13.665999999999988,0.13400000000001278,Evaluación
14.0,14.038,0.038000000000000256,Evaluación
12.8,12.859999999999983,0.059999999999982734,Evaluación
12.8,12.745999999999983,0.054000000000018034,Evaluación
13.0,12.988000000000005,0.011999999999995126,Evaluación
12.4,12.56433333333334,0.16433333333333877,Evaluación
12.8,12.861999999999977,0.061999999999976296,Evaluación
14.4,14.512000000000002,0.11200000000000188,Evaluación
12.8,12.815999999999981,0.015999999999980474,Evaluación
13.4,13.603999999999987,0.20399999999998641,Evaluación
12.8,12.655999999999981,0.14400000000001967,Evaluación
12.200000000000001,12.576666666666684,0.3766666666666829,Evaluación
14.4,14.470000000000002,0.07000000000000206,Evaluación
14.0,14.175999999999997,0.1759999999999966,Evaluación
14.0,14.010000000000012,0.010000000000012221,Evaluación
14.200000000000001,14.092000000000018,0.10799999999998278,Evaluación
13.600000000000001,13.472000000000001,0.1280000000000001,Evaluación
13.600000000000001,13.556999999999992,0.04300000000000992,Evaluación
14.0,13.995999999999999,0.004000000000001336,Evaluación
14.600000000000001,14.401999999999992,0.19800000000000928,Evaluación
13.8,13.789999999999997,0.01000000000000334,Evaluación
14.200000000000001,14.204000000000013,0.004000000000011994,Evaluación
12.8,13.035999999999978,0.23599999999997756,Evaluación
13.600000000000001,13.62199999999999,0.021999999999987807,Evaluación
13.8,13.865999999999985,0.06599999999998474,Evaluación
14.0,13.877999999999997,0.12200000000000344,Evaluación
13.4,13.500000000000005,0.10000000000000497,Evaluación
13.200000000000001,13.116000000000012,0.08399999999998897,Evaluación
13.0,13.012,0.012000000000000455,Evaluación
13.200000000000001,12.857999999999995,0.34200000000000585,Evaluación
12.200000000000001,12.360000000000019,0.1600000000000179,Evaluación
14.200000000000001,14.523999999999987,0.32399999999998563,Evaluación
12.0,12.100000000000005,0.10000000000000497,Evaluación
13.200000000000001,13.212000000000012,0.012000000000011113,Evaluación
12.200000000000001,12.735999999999992,0.5359999999999907,Evaluación
13.600000000000001,13.515999999999998,0.08400000000000318,Evaluación
13.600000000000001,13.481999999999998,0.11800000000000388,Evaluación
13.0,13.071999999999997,0.0719999999999974,Evaluación
12.0,12.31400000000001,0.3140000000000107,Evaluación
13.4,13.952,0.5519999999999996,Evaluación
13.0,13.043999999999999,0.04399999999999871,Evaluación
14.0,13.869999999999994,0.1300000000000061,Evaluación
12.8,13.119833333333336,0.3198333333333352,Evaluación
13.600000000000001,13.665999999999995,0.06599999999999362,Evaluación
13.8,13.625999999999983,0.17400000000001725,Evaluación
13.0,13.004000000000001,0.004000000000001336,Evaluación
14.200000000000001,14.23400000000002,0.03400000000001846,Evaluación
13.0,12.997999999999996,0.0020000000000042206,Evaluación
13.0,13.027999999999993,0.027999999999993364,Evaluación
13.600000000000001,13.785133333333327,0.18513333333332582,Evaluación
13.200000000000001,13.354000000000017,0.1540000000000159,Evaluación
13.0,13.500000000000007,0.5000000000000071,Evaluación
14.200000000000001,13.622000000000003,0.5779999999999976,Evaluación
13.600000000000001,13.655999999999995,0.05599999999999383,Evaluación
14.0,14.037999999999997,0.0379999999999967,Evaluación
14.8,14.751999999999983,0.048000000000017806,Evaluación
12.4,12.43600000000001,0.036000000000010246,Evaluación
12.200000000000001,12.292000000000012,0.09200000000001118,Evaluación
14.0,13.88833333333333,0.11166666666666991,Evaluación
13.0,13.211999999999996,0.2119999999999962,Evaluación
12.4,12.586000000000004,0.1860000000000035,Evaluación
13.0,13.055342857142854,0.05534285714285403,Evaluación
13.600000000000001,13.780666666666663,0.18066666666666187,Evaluación
14.0,14.043733333333332,0.04373333333333207,Evaluación
13.600000000000001,13.539999999999985,0.060000000000016485,Evaluación
13.8,13.546000000000001,0.25399999999999956,Evaluación
14.600000000000001,14.567999999999993,0.03200000000000891,Evaluación
14.200000000000001,14.262000000000022,0.062000000000020705,Evaluación
12.600000000000001,12.578000000000005,0.02199999999999669,Evaluación
13.200000000000001,13.016000000000014,0.18399999999998684,Evaluación
13.4,13.335666666666667,0.0643333333333338,Evaluación
12.8,13.089999999999982,0.2899999999999814,Evaluación
13.200000000000001,13.198000000000015,0.001999999999986457,Evaluación
13.8,13.436666666666646,0.3633333333333546,Evaluación
14.4,14.186000000000005,0.21399999999999508,Evaluación
12.600000000000001,12.653999999999996,0.05399999999999494,Evaluación
13.4,13.458000000000009,0.05800000000000871,Evaluación
12.8,13.013999999999987,0.2139999999999862,Evaluación
13.600000000000001,13.607999999999997,0.007999999999995566,Evaluación
14.200000000000001,14.118199999999996,0.08180000000000476,Evaluación
13.4,13.473999999999997,0.07399999999999629,Evaluación
13.4,13.69199999999999,0.29199999999998916,Evaluación
12.8,12.747999999999982,0.05200000000001914,Evaluación
12.600000000000001,12.153999999999996,0.44600000000000506,Evaluación
14.4,14.298000000000016,0.10199999999998433,Evaluación
12.600000000000001,12.739999999999995,0.13999999999999346,Evaluación
13.4,13.396000000000008,0.003999999999992454,Evaluación
13.600000000000001,13.669999999999993,0.0699999999999914,Evaluación
12.8,13.290000000000004,0.49000000000000377,Evaluación
13.0,12.848133333333333,0.15186666666666682,Evaluación
13.600000000000001,13.35400000000001,0.24599999999999156,Evaluación
13.200000000000001,13.304000000000016,0.10400000000001519,Evaluación
14.600000000000001,14.595999999999993,0.004000000000008441,Evaluación
13.600000000000001,13.547999999999993,0.052000000000008484,Evaluación
14.4,14.629999999999995,0.2299999999999951,Evaluación
14.0,13.937866666666666,0.062133333333333596,Evaluación
13.200000000000001,13.14600000000002,0.05399999999998073,Evaluación
13.200000000000001,13.146000000000017,0.05399999999998428,Evaluación
13.200000000000001,13.152000000000017,0.047999999999984055,Evaluación
13.0,13.088,0.08799999999999919,Evaluación
14.200000000000001,13.927999999999999,0.272000000000002,Evaluación
13.200000000000001,13.376000000000017,0.17600000000001614,Evaluación
12.600000000000001,12.661999999999994,0.061999999999992284,Evaluación
12.600000000000001,12.726000000000004,0.126000000000003,Evaluación
13.600000000000001,13.535999999999992,0.06400000000000894,Evaluación
12.200000000000001,12.56484444444445,0.36484444444444897,Evaluación
13.0,13.062000000000003,0.06200000000000294,Evaluación
13.4,13.33000000000001,0.06999999999998963,Evaluación
13.4,13.352000000000002,0.047999999999998266,Evaluación
12.4,12.330000000000005,0.06999999999999496,Evaluación
14.200000000000001,14.178000000000004,0.02199999999999669,Evaluación
14.0,13.927999999999997,0.07200000000000273,Evaluación
14.200000000000001,14.137000000000015,0.0629999999999864,Evaluación
14.200000000000001,14.176000000000014,0.0239999999999867,Evaluación
14.0,13.44490476190476,0.5550952380952392,Evaluación
13.4,13.895999999999999,0.49599999999999866,Evaluación
12.0,12.024,0.023999999999999133,Evaluación
14.600000000000001,14.461999999999989,0.13800000000001234,Evaluación
13.4,13.556000000000008,0.1560000000000077,Evaluación
12.4,12.574000000000005,0.17400000000000482,Evaluación
13.4,13.595999999999993,0.19599999999999262,Evaluación
13.0,12.738666666666667,0.261333333333333,Evaluación
12.200000000000001,12.244000000000014,0.04400000000001292,Evaluación
12.200000000000001,12.849333333333323,0.6493333333333222,Evaluación
12.0,12.171999999999995,0.17199999999999527,Evaluación
13.600000000000001,13.541999999999991,0.05800000000001049,Evaluación
13.0,13.083999999999998,0.08399999999999785,Evaluación
13.4,13.202000000000007,0.1979999999999933,Evaluación
13.4,13.187000000000005,0.21299999999999564,Evaluación
14.8,14.631999999999984,0.16800000000001702,Evaluación
12.8,12.727999999999987,0.07200000000001339,Evaluación
12.8,12.46199999999999,0.33800000000000985,Evaluación
13.4,13.228000000000009,0.17199999999999172,Evaluación
14.8,14.663999999999987,0.13600000000001344,Evaluación
13.8,13.492000000000008,0.3079999999999927,Evaluación
12.4,12.441999999999997,0.04199999999999626,Evaluación
13.200000000000001,13.20300000000002,0.0030000000000196536,Evaluación
13.8,13.967999999999982,0.1679999999999815,Evaluación
13.600000000000001,13.61799999999999,0.017999999999988248,Evaluación
14.8,14.599999999999977,0.20000000000002416,Evaluación
13.600000000000001,13.547999999999993,0.052000000000008484,Evaluación
14.600000000000001,14.320000000000002,0.27999999999999936,Evaluación
14.0,13.881999999999998,0.1180000000000021,Evaluación
13.8,13.867999999999979,0.0679999999999783,Evaluación
13.600000000000001,13.470000000000006,0.12999999999999545,Evaluación
14.200000000000001,14.146000000000013,0.053999999999987836,Evaluación
12.8,12.835999999999983,0.035999999999981824,Evaluación
14.200000000000001,14.14600000000002,0.05399999999998073,Evaluación
13.0,12.98,0.019999999999999574,Evaluación
13.600000000000001,13.55599999999999,0.04400000000001114,Evaluación
13.4,13.444000000000003,0.04400000000000226,Evaluación
13.4,13.342000000000006,0.0579999999999945,Evaluación
13.4,13.330000000000009,0.0699999999999914,Evaluación
12.600000000000001,12.64966666666666,0.04966666666665809,Evaluación
13.600000000000001,13.790000000000003,0.19000000000000128,Evaluación
13.200000000000001,13.194000000000017,0.00599999999998424,Evaluación
13.4,13.344000000000003,0.055999999999997385,Evaluación
13.600000000000001,13.601999999999986,0.0019999999999846807,Evaluación
14.4,14.248000000000017,0.15199999999998326,Evaluación
14.0,14.02533333333333,0.025333333333330543,Evaluación
12.4,12.527999999999999,0.12799999999999834,Evaluación
13.8,13.867999999999986,0.0679999999999854,Evaluación
12.200000000000001,12.34000000000001,0.14000000000000945,Evaluación
12.600000000000001,12.597999999999999,0.0020000000000024443,Evaluación
14.200000000000001,14.006000000000014,0.19399999999998663,Evaluación
14.0,14.102000000000002,0.10200000000000209,Evaluación
12.8,12.96426666666665,0.16426666666664858,Evaluación
12.600000000000001,12.661999999999994,0.061999999999992284,Evaluación
12.600000000000001,12.446000000000002,0.15399999999999991,Evaluación
14.200000000000001,14.020000000000017,0.17999999999998373,Evaluación
13.0,13.410000000000007,0.41000000000000725,Evaluación
13.600000000000001,13.330899999999987,0.2691000000000141,Evaluación
14.0,14.106000000000005,0.1060000000000052,Evaluación
13.600000000000001,13.719999999999994,0.11999999999999211,Evaluación
13.8,13.969999999999985,0.16999999999998394,Evaluación
14.0,14.182000000000011,0.18200000000001104,Evaluación
13.4,13.445200000000007,0.04520000000000657,Evaluación
14.600000000000001,14.831999999999992,0.23199999999999044,Evaluación
13.600000000000001,13.370000000000006,0.2299999999999951,Evaluación
13.4,13.43900000000001,0.03900000000001036,Evaluación
13.4,13.625000000000007,0.22500000000000675,Evaluación
12.8,12.736666666666649,0.06333333333335212,Evaluación
12.600000000000001,12.753333333333332,0.15333333333333066,Evaluación
13.4,13.511333333333335,0.1113333333333344,Evaluación
14.0,13.920000000000005,0.07999999999999474,Evaluación
14.200000000000001,14.0829,0.11710000000000065,Evaluación
14.8,14.767999999999978,0.03200000000002312,Evaluación
14.0,13.713999999999997,0.28600000000000314,Evaluación
11.8,11.885999999999981,0.08599999999998076,Evaluación
12.8,12.971999999999982,0.17199999999998106,Evaluación
13.4,13.107999999999983,0.2920000000000176,Evaluación
12.600000000000001,12.605999999999996,0.005999999999994898,Evaluación
13.200000000000001,13.063500000000012,0.13649999999998919,Evaluación
12.4,12.442000000000005,0.042000000000005144,Evaluación
13.0,13.064000000000005,0.06400000000000539,Evaluación
14.600000000000001,14.47399999999999,0.12600000000001188,Evaluación
14.0,13.944666666666663,0.05533333333333701,Evaluación
13.600000000000001,13.563999999999995,0.03600000000000669,Evaluación
14.8,14.549999999999986,0.2500000000000142,Evaluación
13.200000000000001,13.268000000000011,0.06800000000001027,Evaluación
13.8,13.971780952380952,0.17178095238095104,Evaluación
14.0,13.941999999999997,0.05800000000000338,Evaluación
14.600000000000001,14.661999999999985,0.0619999999999834,Evaluación
13.8,13.843999999999989,0.04399999999998805,Evaluación
14.200000000000001,14.278000000000018,0.07800000000001717,Evaluación
13.0,13.116,0.11599999999999966,Evaluación
12.4,12.229999999999995,0.17000000000000526,Evaluación
13.8,13.683999999999985,0.11600000000001565,Evaluación
13.0,13.048000000000004,0.048000000000003595,Evaluación
13.600000000000001,13.581999999999988,0.018000000000013117,Evaluación
13.0,13.211999999999998,0.21199999999999797,Evaluación
14.4,14.055833333333341,0.3441666666666592,Evaluación
13.4,13.274000000000001,0.12599999999999945,Evaluación
13.600000000000001,13.470000000000011,0.12999999999999012,Evaluación
13.600000000000001,13.708,0.10799999999999876,Evaluación
13.200000000000001,13.313666666666682,0.11366666666668124,Evaluación
12.4,12.362,0.038000000000000256,Evaluación
13.0,13.32200000000001,0.32200000000000983,Evaluación
12.0,12.019999999999996,0.01999999999999602,Evaluación
14.0,14.055200000000005,0.05520000000000458,Evaluación
13.600000000000001,13.76799999999999,0.1679999999999886,Evaluación
14.4,14.196200000000008,0.2037999999999922,Evaluación
12.600000000000001,12.553999999999998,0.04600000000000293,Evaluación
12.600000000000001,13.12999999999999,0.5299999999999887,Evaluación
13.4,13.12,0.28000000000000114,Evaluación
13.600000000000001,13.427999999999995,0.17200000000000593,Evaluación
13.8,13.778333333333315,0.02166666666668604,Evaluación
15.0,14.768000000000006,0.231999999999994,Evaluación
13.4,13.528799999999999,0.12879999999999825,Evaluación
13.8,13.757999999999981,0.042000000000019355,Evaluación
13.0,13.35800000000001,0.3580000000000094,Evaluación
13.0,13.273999999999994,0.2739999999999938,Evaluación
12.600000000000001,12.653399999999992,0.05339999999999101,Evaluación
13.0,12.98153333333333,0.018466666666670406,Evaluación
14.0,14.081333333333335,0.08133333333333503,Evaluación
13.200000000000001,13.318000000000017,0.11800000000001631,Evaluación
12.600000000000001,13.165999999999997,0.5659999999999954,Evaluación
12.4,12.596000000000004,0.19600000000000328,Evaluación
13.8,13.699999999999982,0.10000000000001918,Evaluación
13.200000000000001,13.312000000000014,0.11200000000001253,Evaluación
13.600000000000001,13.779999999999996,0.1799999999999944,Evaluación
12.4,12.410000000000002,0.010000000000001563,Evaluación
12.8,12.833999999999987,0.033999999999986485,Evaluación
13.0,13.178000000000004,0.17800000000000438,Evaluación
12.8,12.93699999999999,0.1369999999999898,Evaluación
13.0,12.856000000000003,0.14399999999999658,Evaluación
13.0,12.8924,0.1075999999999997,Evaluación
14.0,14.004999999999997,0.004999999999997229,Evaluación
14.200000000000001,14.302000000000014,0.10200000000001275,Evaluación
13.0,12.854000000000001,0.14599999999999902,Evaluación
13.4,13.386000000000003,0.01399999999999757,Evaluación
13.600000000000001,13.789999999999994,0.1899999999999924,Evaluación
14.600000000000001,14.449999999999996,0.15000000000000568,Evaluación
12.8,12.862000000000002,0.062000000000001165,Evaluación
14.200000000000001,13.887000000000002,0.31299999999999883,Evaluación
14.0,14.050000000000002,0.05000000000000249,Evaluación
13.600000000000001,13.563999999999995,0.03600000000000669,Evaluación
13.600000000000001,13.597999999999992,0.0020000000000095497,Evaluación
13.600000000000001,14.23400000000001,0.6340000000000092,Evaluación
11.8,12.029999999999989,0.229999999999988,Evaluación
14.8,14.639999999999988,0.16000000000001258,Evaluación
12.4,12.478,0.0779999999999994,Evaluación
12.8,12.485999999999999,0.31400000000000183,Evaluación
14.0,13.945,0.054999999999999716,Evaluación
13.8,13.76399999999998,0.036000000000020904,Evaluación
13.8,13.924999999999988,0.12499999999998757,Evaluación
14.8,14.84199999999999,0.04199999999998916,Evaluación
12.4,12.282000000000005,0.117999999999995,Evaluación
14.0,13.652000000000003,0.3479999999999972,Evaluación
14.200000000000001,14.324000000000018,0.12400000000001654,Evaluación
13.600000000000001,13.527999999999993,0.07200000000000806,Evaluación
13.200000000000001,12.955500000000018,0.24449999999998262,Evaluación
13.4,13.829999999999998,0.42999999999999794,Evaluación
14.200000000000001,14.074000000000014,0.125999999999987,Evaluación
14.8,14.70799999999998,0.09200000000002007,Evaluación
13.0,12.930000000000001,0.06999999999999851,Evaluación
12.0,12.082,0.08200000000000074,Evaluación
13.8,13.635999999999983,0.16400000000001747,Evaluación
13.0,12.931899999999992,0.06810000000000827,Evaluación
13.8,13.795999999999987,0.00400000000001377,Evaluación
14.0,13.854,0.1460000000000008,Evaluación
13.0,12.957999999999997,0.04200000000000337,Evaluación
13.600000000000001,13.641999999999989,0.04199999999998738,Evaluación
13.4,13.290000000000006,0.1099999999999941,Evaluación
14.0,14.047999999999995,0.047999999999994714,Evaluación
13.600000000000001,13.787999999999988,0.1879999999999864,Evaluación
12.4,12.408000000000008,0.008000000000008,Evaluación
13.4,13.378000000000009,0.02199999999999136,Evaluación
13.200000000000001,12.666000000000002,0.5339999999999989,Evaluación
12.0,12.177999999999997,0.17799999999999727,Evaluación
13.0,13.019200000000003,0.019200000000003214,Evaluación
15.0,14.946,0.05400000000000027,Evaluación
13.4,13.408000000000007,0.008000000000006224,Evaluación
14.200000000000001,13.92736666666667,0.2726333333333315,Evaluación
12.600000000000001,13.040600000000001,0.4405999999999999,Evaluación
13.4,13.08200000000001,0.31799999999999073,Evaluación
13.600000000000001,13.535999999999992,0.06400000000000894,Evaluación
13.0,12.980000000000002,0.019999999999997797,Evaluación
14.4,14.281600000000003,0.11839999999999762,Evaluación
12.200000000000001,12.406000000000013,0.20600000000001195,Evaluación
12.0,12.083999999999996,0.08399999999999608,Evaluación
14.4,14.31400000000001,0.08599999999998964,Evaluación
14.4,14.312000000000014,0.08799999999998676,Evaluación
14.0,13.541999999999998,0.45800000000000196,Evaluación
13.4,14.012000000000015,0.6120000000000143,Evaluación
14.200000000000001,14.317500000000017,0.1175000000000157,Evaluación
13.200000000000001,13.16533333333335,0.034666666666650414,Evaluación
14.4,14.623999999999999,0.22399999999999842,Evaluación
14.0,14.368000000000011,0.368000000000011,Evaluación
14.200000000000001,14.23200000000002,0.03200000000001957,Evaluación
12.8,12.845619047619032,0.045619047619030795,Evaluación
13.200000000000001,13.116000000000016,0.08399999999998542,Evaluación
12.8,12.719999999999988,0.0800000000000125,Evaluación
13.4,13.220999999999998,0.17900000000000205,Evaluación
13.4,13.396000000000015,0.003999999999985349,Evaluación
12.8,12.702999999999989,0.09700000000001197,Evaluación
12.200000000000001,12.739999999999984,0.5399999999999832,Evaluación
13.4,13.396000000000004,0.003999999999996007,Evaluación
14.4,14.368000000000004,0.031999999999996476,Evaluación
13.200000000000001,13.362000000000009,0.16200000000000792,Evaluación
13.600000000000001,13.59599999999999,0.004000000000011994,Evaluación
12.8,12.749499999999982,0.050500000000019085,Evaluación
13.8,13.797999999999986,0.0020000000000148788,Evaluación
13.0,13.110333333333333,0.11033333333333317,Evaluación
13.200000000000001,13.488000000000023,0.28800000000002157,Evaluación
14.600000000000001,14.389999999999997,0.2100000000000044,Evaluación
12.600000000000001,12.565999999999999,0.03400000000000247,Evaluación
13.200000000000001,13.206000000000012,0.0060000000000108855,Evaluación
13.0,12.894000000000004,0.10599999999999632,Evaluación
14.200000000000001,14.164000000000017,0.0359999999999836,Evaluación
13.600000000000001,13.735999999999988,0.1359999999999868,Evaluación
13.8,13.887999999999986,0.08799999999998498,Evaluación
12.600000000000001,12.579999999999991,0.020000000000010232,Evaluación
13.200000000000001,13.020000000000014,0.17999999999998728,Evaluación
13.8,14.0956,0.29559999999999853,Evaluación
13.8,13.860999999999988,0.06099999999998751,Evaluación
12.600000000000001,12.523999999999994,0.07600000000000762,Evaluación
13.0,12.923333333333332,0.07666666666666799,Evaluación
13.4,13.226000000000008,0.17399999999999238,Evaluación
14.0,14.166500000000001,0.16650000000000098,Evaluación
12.0,12.388,0.3879999999999999,Evaluación
13.600000000000001,13.482000000000006,0.117999999999995,Evaluación
13.600000000000001,13.47,0.13000000000000078,Evaluación
14.0,13.9508,0.0492000000000008,Evaluación
13.600000000000001,13.44099999999999,0.15900000000001135,Evaluación
13.8,13.757999999999983,0.04200000000001758,Evaluación
12.4,12.656000000000008,0.25600000000000733,Evaluación
12.8,12.759999999999984,0.04000000000001691,Evaluación
14.200000000000001,13.710666666666674,0.4893333333333274,Evaluación
13.600000000000001,13.595999999999988,0.00400000000001377,Evaluación
14.4,14.38000000000001,0.019999999999990692,Evaluación
12.8,12.845999999999986,0.045999999999985164,Evaluación
14.600000000000001,14.066000000000004,0.5339999999999971,Evaluación
13.8,13.969999999999995,0.1699999999999946,Evaluación
14.0,14.150000000000002,0.15000000000000213,Evaluación
13.8,13.885999999999989,0.08599999999998786,Evaluación
12.8,13.05901666666666,0.2590166666666587,Evaluación
13.200000000000001,13.306000000000013,0.1060000000000123,Evaluación
13.8,13.919999999999991,0.11999999999999034,Evaluación
13.600000000000001,13.507999999999992,0.09200000000000941,Evaluación
13.0,13.008,0.007999999999999119,Evaluación
12.4,12.324000000000005,0.07599999999999518,Evaluación
15.0,14.714000000000004,0.28599999999999604,Evaluación
12.0,12.142666666666669,0.14266666666666872,Evaluación
12.600000000000001,12.64199999999999,0.04199999999998916,Evaluación
13.200000000000001,13.378000000000004,0.1780000000000026,Evaluación
13.4,13.340000000000007,0.05999999999999339,Evaluación
13.600000000000001,13.702999999999983,0.102999999999982,Evaluación
14.4,14.414000000000005,0.014000000000004675,Evaluación
13.200000000000001,13.338000000000013,0.13800000000001234,Evaluación
12.600000000000001,12.942666666666675,0.34266666666667334,Evaluación
14.200000000000001,14.140000000000018,0.059999999999982734,Evaluación
13.200000000000001,13.363466666666666,0.16346666666666465,Evaluación
13.200000000000001,13.462000000000005,0.262000000000004,Evaluación
13.600000000000001,13.485999999999995,0.1140000000000061,Evaluación
13.200000000000001,13.176000000000018,0.023999999999983146,Evaluación
13.600000000000001,13.492000000000003,0.10799999999999876,Evaluación
13.600000000000001,13.547999999999996,0.05200000000000493,Evaluación
13.600000000000001,13.613999999999992,0.013999999999990465,Evaluación
13.200000000000001,13.471999999999998,0.2719999999999967,Evaluación
13.200000000000001,12.9026,0.29740000000000144,Evaluación
14.0,14.100666666666665,0.10066666666666535,Evaluación
13.600000000000001,13.624666666666679,0.024666666666677273,Evaluación
13.0,12.699999999999987,0.30000000000001315,Evaluación
14.0,13.951999999999996,0.048000000000003595,Evaluación
13.200000000000001,13.401000000000005,0.20100000000000406,Evaluación
13.600000000000001,13.815999999999997,0.21599999999999575,Evaluación
12.8,12.885999999999989,0.08599999999998786,Evaluación
13.8,13.725999999999994,0.07400000000000695,Evaluación
13.0,12.806266666666657,0.19373333333334308,Evaluación
13.8,13.643999999999982,0.15600000000001835,Evaluación
13.200000000000001,13.452000000000012,0.2520000000000113,Evaluación
13.600000000000001,13.651999999999992,0.05199999999999072,Evaluación
14.0,13.839999999999996,0.1600000000000037,Evaluación
13.0,12.977333333333338,0.022666666666662394,Evaluación
13.0,12.830000000000002,0.16999999999999815,Evaluación
13.600000000000001,13.583999999999993,0.016000000000008896,Evaluación
13.4,13.553066666666677,0.15306666666667645,Evaluación
14.4,14.322000000000012,0.07799999999998875,Evaluación
14.0,13.616,0.38400000000000034,Evaluación
14.4,14.26,0.14000000000000057,Evaluación
14.200000000000001,13.922000000000018,0.2779999999999827,Evaluación
12.8,12.727999999999986,0.07200000000001516,Evaluación
13.8,13.866999999999988,0.06699999999998774,Evaluación
14.600000000000001,14.549999999999988,0.050000000000013145,Evaluación
14.0,14.098000000000006,0.09800000000000608,Evaluación
13.600000000000001,13.42,0.1800000000000015,Evaluación
14.200000000000001,14.100000000000016,0.09999999999998543,Evaluación
14.200000000000001,14.174000000000012,0.025999999999989143,Evaluación
13.200000000000001,13.316000000000015,0.11600000000001387,Evaluación
13.600000000000001,13.521999999999993,0.07800000000000828,Evaluación
14.0,13.809199999999997,0.19080000000000297,Evaluación
14.4,14.484000000000002,0.0840000000000014,Evaluación
13.200000000000001,13.250000000000016,0.05000000000001492,Evaluación
13.0,13.146000000000008,0.1460000000000079,Evaluación
13.200000000000001,13.174000000000019,0.025999999999982037,Evaluación
13.0,12.921999999999999,0.07800000000000118,Evaluación
14.4,14.286,0.11400000000000077,Evaluación
13.600000000000001,13.504000000000003,0.09599999999999831,Evaluación
13.4,13.558000000000009,0.15800000000000836,Evaluación
13.600000000000001,13.523333333333328,0.07666666666667332,Evaluación
13.4,13.37600000000001,0.02399999999999025,Evaluación
13.8,13.893999999999984,0.09399999999998343,Evaluación
13.0,13.188000000000002,0.1880000000000024,Evaluación
14.0,13.984000000000002,0.015999999999998238,Evaluación
12.8,12.825999999999981,0.02599999999998026,Evaluación
13.200000000000001,13.293333333333353,0.09333333333335148,Evaluación
12.8,12.86799999999998,0.06799999999998008,Evaluación
13.200000000000001,13.251000000000015,0.05100000000001437,Evaluación
13.4,13.38600000000001,0.013999999999990465,Evaluación
13.600000000000001,13.494000000000005,0.10599999999999632,Evaluación
14.200000000000001,13.815999999999988,0.3840000000000128,Evaluación
13.4,13.31000000000001,0.08999999999999098,Evaluación
13.8,13.633066666666648,0.16693333333335225,Evaluación
13.4,13.414000000000009,0.014000000000008228,Evaluación
12.200000000000001,12.306000000000013,0.1060000000000123,Evaluación
13.600000000000001,13.57,0.030000000000001137,Evaluación
13.4,13.418000000000006,0.01800000000000601,Evaluación
12.8,12.837999999999981,0.037999999999980716,Evaluación
12.600000000000001,12.683999999999994,0.08399999999999253,Evaluación
14.4,14.61999999999999,0.21999999999998998,Evaluación
13.8,13.838999999999992,0.03899999999999082,Evaluación
13.200000000000001,13.460000000000006,0.2600000000000051,Evaluación
12.8,12.525999999999996,0.27400000000000446,Evaluación
12.200000000000001,12.384200000000007,0.18420000000000591,Evaluación
14.200000000000001,14.278000000000013,0.07800000000001184,Evaluación
12.600000000000001,12.917999999999992,0.31799999999999073,Evaluación
13.0,13.168,0.16799999999999926,Evaluación
14.200000000000001,14.030000000000019,0.16999999999998217,Evaluación
14.600000000000001,14.411999999999994,0.18800000000000772,Evaluación
13.0,13.098000000000003,0.09800000000000253,Evaluación
13.200000000000001,13.05800000000001,0.14199999999999058,Evaluación
13.200000000000001,13.139000000000012,0.060999999999989285,Evaluación
14.8,14.66399999999998,0.13600000000002055,Evaluación
12.4,12.346000000000002,0.053999999999998494,Evaluación
13.200000000000001,13.182000000000015,0.01799999999998647,Evaluación
14.200000000000001,14.10600000000002,0.09399999999998165,Evaluación
13.4,13.204666666666673,0.19533333333332692,Evaluación
13.8,13.619999999999987,0.18000000000001393,Evaluación
14.4,14.28400000000001,0.11599999999999078,Evaluación
14.4,14.093999999999996,0.3060000000000045,Evaluación
13.0,13.031999999999996,0.031999999999996476,Evaluación
14.200000000000001,13.984000000000014,0.21599999999998687,Evaluación
12.8,12.847999999999981,0.0479999999999805,Evaluación
12.200000000000001,12.326000000000013,0.12600000000001188,Evaluación
13.8,13.929999999999986,0.1299999999999848,Evaluación
13.0,13.512,0.5120000000000005,Evaluación
13.8,13.875999999999985,0.07599999999998452,Evaluación
12.8,12.769333333333318,0.03066666666668283,Evaluación
13.8,13.842666666666647,0.04266666666664598,Evaluación
13.600000000000001,13.563999999999995,0.03600000000000669,Evaluación
12.600000000000001,12.621999999999993,0.02199999999999136,Evaluación
13.200000000000001,13.316000000000017,0.11600000000001565,Evaluación
13.0,13.036,0.03599999999999959,Evaluación
13.200000000000001,13.12240000000001,0.07759999999999145,Evaluación
13.4,12.743999999999996,0.6560000000000041,Evaluación
12.4,12.584666666666665,0.18466666666666498,Evaluación
13.200000000000001,13.238000000000023,0.03800000000002157,Evaluación
13.600000000000001,13.357999999999988,0.24200000000001332,Evaluación
13.600000000000001,13.74119999999999,0.1411999999999889,Evaluación
12.600000000000001,12.961999999999996,0.36199999999999477,Evaluación
13.200000000000001,13.194000000000017,0.00599999999998424,Evaluación
13.0,12.93,0.07000000000000028,Evaluación
14.4,14.26400000000001,0.13599999999999035,Evaluación
14.0,14.052,0.0519999999999996,Evaluación
12.600000000000001,12.557999999999998,0.04200000000000337,Evaluación
13.0,13.181333333333335,0.18133333333333468,Evaluación
13.0,12.735999999999999,0.2640000000000011,Evaluación
13.200000000000001,13.200000000000019,1.7763568394002505e-14,Evaluación
13.600000000000001,13.707999999999995,0.10799999999999343,Evaluación
12.8,12.811999999999985,0.011999999999984468,Evaluación
13.200000000000001,13.241704761904764,0.04170476190476258,Evaluación
13.600000000000001,13.497999999999996,0.10200000000000564,Evaluación
12.8,12.99399999999998,0.19399999999997952,Evaluación
12.4,12.240000000000004,0.1599999999999966,Evaluación
13.4,13.626000000000003,0.22600000000000264,Evaluación
13.4,13.749999999999995,0.3499999999999943,Evaluación
13.0,12.981999999999998,0.01800000000000246,Evaluación
11.8,11.973999999999991,0.1739999999999906,Evaluación
13.200000000000001,13.210000000000013,0.010000000000012221,Evaluación
13.600000000000001,13.399999999999999,0.20000000000000284,Evaluación
12.600000000000001,12.551199999999994,0.04880000000000706,Evaluación
13.600000000000001,13.524000000000001,0.07600000000000051,Evaluación
13.600000000000001,13.509999999999996,0.09000000000000519,Evaluación
13.200000000000001,13.202000000000021,0.002000000000020208,Evaluación
12.600000000000001,12.549999999999997,0.05000000000000426,Evaluación
12.200000000000001,12.274000000000019,0.07400000000001761,Evaluación
13.600000000000001,13.606000000000003,0.006000000000002004,Evaluación
13.200000000000001,13.174000000000017,0.025999999999983814,Evaluación
13.8,13.749999999999982,0.050000000000018474,Evaluación
12.8,13.135999999999994,0.3359999999999932,Evaluación
13.600000000000001,13.214,0.386000000000001,Evaluación
13.200000000000001,13.274000000000017,0.07400000000001583,Evaluación
13.600000000000001,13.706999999999987,0.10699999999998511,Evaluación
12.4,12.350000000000007,0.049999999999993605,Evaluación
13.600000000000001,13.539999999999994,0.0600000000000076,Evaluación
13.8,13.98933333333333,0.18933333333332847,Evaluación
14.0,13.763999999999987,0.2360000000000131,Evaluación
13.0,12.856000000000002,0.14399999999999835,Evaluación
13.600000000000001,13.467999999999996,0.132000000000005,Evaluación
13.4,13.41366666666667,0.013666666666669158,Evaluación
12.8,12.977999999999984,0.17799999999998306,Evaluación
12.600000000000001,12.985999999999999,0.38599999999999746,Evaluación
13.4,13.490000000000009,0.09000000000000874,Evaluación
13.200000000000001,13.326000000000011,0.1260000000000101,Evaluación
13.4,13.022000000000006,0.3779999999999948,Evaluación
12.600000000000001,12.675999999999997,0.07599999999999518,Evaluación
13.8,13.85033333333332,0.050333333333318464,Evaluación
14.0,13.94,0.0600000000000005,Evaluación
14.0,13.941999999999997,0.05800000000000338,Evaluación
13.0,13.009999999999998,0.00999999999999801,Evaluación
12.8,12.717999999999984,0.08200000000001673,Evaluación
13.4,13.384000000000006,0.015999999999994685,Evaluación
12.200000000000001,12.449000000000005,0.2490000000000041,Evaluación
14.0,13.916000000000006,0.0839999999999943,Evaluación
13.600000000000001,13.529999999999996,0.07000000000000561,Evaluación
12.8,12.733999999999986,0.06600000000001494,Evaluación
13.600000000000001,13.55599999999999,0.04400000000001114,Evaluación
13.600000000000001,13.66,0.05999999999999872,Evaluación
12.600000000000001,12.5,0.10000000000000142,Evaluación
13.0,13.369000000000005,0.3690000000000051,Evaluación
13.8,13.801999999999985,0.0019999999999846807,Evaluación
12.600000000000001,12.739999999999998,0.13999999999999702,Evaluación
13.8,13.95349999999998,0.15349999999997976,Evaluación
12.200000000000001,12.250000000000016,0.05000000000001492,Evaluación
12.4,12.294000000000004,0.10599999999999632,Evaluación
14.200000000000001,14.240000000000023,0.04000000000002224,Evaluación
13.8,13.517999999999988,0.28200000000001246,Evaluación
13.600000000000001,13.481999999999989,0.11800000000001276,Evaluación
12.200000000000001,12.20000000000002,1.9539925233402755e-14,Evaluación
13.4,13.410000000000004,0.01000000000000334,Evaluación
13.600000000000001,13.708052380952383,0.10805238095238145,Evaluación
14.4,14.276000000000009,0.12399999999999167,Evaluación
14.200000000000001,14.121333333333352,0.07866666666664912,Evaluación
13.4,13.334000000000009,0.06599999999999184,Evaluación
13.600000000000001,13.638,0.03799999999999848,Evaluación
12.8,12.85399999999998,0.053999999999978954,Evaluación
14.600000000000001,13.878666666666666,0.7213333333333356,Evaluación
13.0,13.258000000000006,0.2580000000000062,Evaluación
13.4,13.404666666666675,0.004666666666674146,Evaluación
12.600000000000001,12.57,0.030000000000001137,Evaluación
12.600000000000001,12.539500000000006,0.06049999999999578,Evaluación
13.8,13.241999999999994,0.5580000000000069,Evaluación
13.600000000000001,13.347999999999992,0.25200000000000955,Evaluación
13.600000000000001,13.719819047619046,0.11981904761904438,Evaluación
13.8,13.393666666666661,0.40633333333333965,Evaluación
14.600000000000001,14.25999999999999,0.3400000000000123,Evaluación
13.200000000000001,13.258000000000017,0.05800000000001582,Evaluación
13.600000000000001,13.432166666666662,0.1678333333333395,Evaluación
13.0,13.057000000000002,0.05700000000000216,Evaluación
13.4,13.391999999999996,0.008000000000004448,Evaluación
14.0,13.962500000000007,0.03749999999999254,Evaluación
13.200000000000001,13.246000000000022,0.04600000000002069,Evaluación
12.8,12.831999999999987,0.03199999999998582,Evaluación
13.8,14.256900000000005,0.4569000000000045,Evaluación
14.200000000000001,14.388000000000018,0.1880000000000166,Evaluación
13.600000000000001,13.807999999999987,0.20799999999998597,Evaluación
13.600000000000001,13.60049999999999,0.0004999999999881766,Evaluación
13.200000000000001,13.22800000000002,0.028000000000018233,Evaluación
14.0,13.969999999999997,0.030000000000002913,Evaluación
13.0,12.89,0.10999999999999943,Evaluación
12.600000000000001,12.679999999999993,0.07999999999999119,Evaluación
14.0,14.455999999999996,0.45599999999999596,Evaluación
13.4,13.484000000000004,0.08400000000000318,Evaluación
12.600000000000001,12.528000000000004,0.0719999999999974,Evaluación
12.8,12.785999999999984,0.01400000000001711,Evaluación
12.0,12.264000000000005,0.2640000000000047,Evaluación
12.4,12.594000000000003,0.19400000000000261,Evaluación
13.0,13.052000000000005,0.05200000000000493,Evaluación
13.8,14.016000000000002,0.21600000000000108,Evaluación
13.600000000000001,13.681999999999995,0.08199999999999363,Evaluación
13.200000000000001,13.344666666666678,0.1446666666666765,Evaluación
14.4,14.270400000000002,0.12959999999999816,Evaluación
13.600000000000001,13.586666666666666,0.013333333333335418,Evaluación
13.8,13.78199999999998,0.018000000000020222,Evaluación
13.0,13.078,0.0779999999999994,Evaluación
13.0,13.13000000000001,0.13000000000000966,Evaluación
14.0,14.074000000000002,0.07400000000000162,Evaluación
13.4,13.330000000000007,0.06999999999999318,Evaluación
14.600000000000001,14.237333333333344,0.3626666666666569,Evaluación
14.0,13.838000000000005,0.16199999999999548,Evaluación
13.200000000000001,13.218000000000018,0.01800000000001667,Evaluación
13.600000000000001,13.483999999999996,0.11600000000000499,Evaluación
12.200000000000001,12.164000000000017,0.0359999999999836,Evaluación
14.0,13.866000000000003,0.1339999999999968,Evaluación
13.200000000000001,13.222000000000016,0.022000000000014452,Evaluación
13.4,12.900000000000013,0.49999999999998757,Evaluación
13.8,13.651999999999992,0.14800000000000857,Evaluación
12.8,12.711999999999989,0.08800000000001162,Evaluación
13.0,12.623999999999999,0.3760000000000012,Evaluación
15.0,14.719999999999997,0.2800000000000029,Evaluación
12.600000000000001,12.694000000000003,0.0940000000000012,Evaluación
13.8,13.61599999999999,0.18400000000000993,Evaluación
13.600000000000001,13.639999999999992,0.039999999999990266,Evaluación
13.200000000000001,12.769999999999996,0.43000000000000504,Evaluación
13.200000000000001,13.230000000000018,0.030000000000017124,Evaluación
13.200000000000001,13.192000000000014,0.007999999999986684,Evaluación
13.600000000000001,13.505999999999998,0.09400000000000297,Evaluación
13.0,13.252,0.25200000000000067,Evaluación
14.0,13.829999999999998,0.1700000000000017,Evaluación
13.600000000000001,13.621999999999998,0.02199999999999669,Evaluación
14.0,14.127999999999997,0.12799999999999656,Evaluación
12.200000000000001,12.268000000000013,0.06800000000001205,Evaluación
12.200000000000001,12.274000000000017,0.07400000000001583,Evaluación
12.8,12.789999999999985,0.010000000000015774,Evaluación
14.200000000000001,14.2555,0.05549999999999855,Evaluación
14.4,14.378000000000018,0.021999999999982478,Evaluación
13.200000000000001,13.279300000000003,0.0793000000000017,Evaluación
12.600000000000001,12.795999999999992,0.19599999999999085,Evaluación
12.4,12.444000000000008,0.04400000000000759,Evaluación
13.0,12.98433333333333,0.015666666666669826,Evaluación
13.200000000000001,13.228666666666689,0.02866666666668749,Evaluación
14.4,14.51200000000001,0.11200000000000898,Evaluación
13.600000000000001,13.519333333333325,0.08066666666667643,Evaluación
14.0,13.815999999999999,0.18400000000000105,Evaluación
14.0,14.047142857142857,0.04714285714285715,Evaluación
14.600000000000001,14.473999999999991,0.1260000000000101,Evaluación
13.4,13.368000000000002,0.03199999999999825,Evaluación
13.0,12.885999999999992,0.11400000000000787,Evaluación
13.0,12.859999999999998,0.14000000000000234,Evaluación
13.0,13.633999999999993,0.6339999999999932,Evaluación
14.0,13.88136666666667,0.11863333333332982,Evaluación
13.200000000000001,13.252500000000015,0.052500000000014424,Evaluación
13.0,13.014000000000001,0.014000000000001123,Evaluación
13.600000000000001,13.596000000000004,0.003999999999997783,Evaluación
13.200000000000001,13.042066666666669,0.15793333333333237,Evaluación
13.0,13.138000000000002,0.13800000000000168,Evaluación
14.200000000000001,14.244000000000012,0.04400000000001114,Evaluación
13.0,13.182376190476198,0.18237619047619802,Evaluación
14.0,13.798333333333325,0.2016666666666751,Evaluación
13.8,14.02199999999998,0.22199999999998,Evaluación
14.200000000000001,14.15800000000002,0.041999999999980275,Evaluación
13.4,13.258000000000012,0.1419999999999888,Evaluación
12.8,12.691999999999984,0.10800000000001653,Evaluación
13.200000000000001,13.164333333333342,0.03566666666665874,Evaluación
13.200000000000001,13.282000000000018,0.08200000000001673,Evaluación
13.0,12.931466666666658,0.06853333333334177,Evaluación
12.200000000000001,12.126000000000003,0.07399999999999807,Evaluación
14.4,14.301333333333334,0.09866666666666646,Evaluación
14.0,13.500133333333332,0.49986666666666757,Evaluación
14.200000000000001,14.272000000000018,0.07200000000001694,Evaluación
14.4,14.202666666666671,0.19733333333332936,Evaluación
13.4,13.3079,0.09210000000000029,Evaluación
14.4,14.262000000000016,0.1379999999999839,Evaluación
14.0,14.195999999999994,0.1959999999999944,Evaluación
12.4,12.416000000000002,0.01600000000000179,Evaluación
14.200000000000001,13.57,0.6300000000000008,Evaluación
12.4,12.508000000000006,0.10800000000000587,Evaluación
13.600000000000001,13.591999999999993,0.008000000000008,Evaluación
14.8,14.743999999999978,0.056000000000022254,Evaluación
13.600000000000001,13.741999999999997,0.1419999999999959,Evaluación
12.8,12.84199999999998,0.0419999999999785,Evaluación
13.0,13.072000000000001,0.07200000000000095,Evaluación
13.200000000000001,13.038000000000006,0.16199999999999548,Evaluación
13.600000000000001,13.263333333333332,0.33666666666666956,Evaluación
13.4,13.458000000000002,0.058000000000001606,Evaluación
13.4,13.528000000000006,0.12800000000000544,Evaluación
12.600000000000001,12.495999999999997,0.10400000000000453,Evaluación
14.200000000000001,13.98000000000001,0.21999999999999176,Evaluación
12.600000000000001,12.703999999999997,0.10399999999999565,Evaluación
13.200000000000001,13.484000000000012,0.28400000000001135,Evaluación
13.4,13.552000000000005,0.15200000000000458,Evaluación
13.200000000000001,13.259600000000018,0.05960000000001742,Evaluación
14.0,13.845999999999995,0.15400000000000524,Evaluación
12.8,12.718999999999985,0.0810000000000155,Evaluación
14.200000000000001,14.012666666666668,0.18733333333333313,Evaluación
13.600000000000001,13.49599999999999,0.10400000000001164,Evaluación
12.8,12.857999999999988,0.057999999999987395,Evaluación
13.200000000000001,13.290000000000019,0.09000000000001762,Evaluación
14.4,14.671999999999995,0.2719999999999949,Evaluación
13.200000000000001,13.16000000000002,0.039999999999981384,Evaluación
14.0,13.700000000000012,0.2999999999999883,Evaluación
13.200000000000001,13.242000000000013,0.04200000000001225,Evaluación
13.600000000000001,13.367999999999993,0.2320000000000082,Evaluación
14.0,13.959999999999997,0.0400000000000027,Evaluación
12.8,12.977999999999987,0.1779999999999866,Evaluación
14.200000000000001,13.832000000000019,0.36799999999998256,Evaluación
14.4,14.35600000000001,0.043999999999989825,Evaluación
14.200000000000001,14.090000000000016,0.10999999999998522,Evaluación
12.600000000000001,12.579999999999998,0.020000000000003126,Evaluación
13.600000000000001,13.828000000000008,0.22800000000000686,Evaluación
12.600000000000001,12.722000000000001,0.12199999999999989,Evaluación
13.200000000000001,13.781999999999998,0.5819999999999972,Evaluación
12.600000000000001,13.017999999999994,0.41799999999999216,Evaluación
14.4,14.336000000000007,0.06399999999999295,Evaluación
14.0,14.240000000000007,0.24000000000000732,Evaluación
13.0,13.102533333333335,0.10253333333333536,Evaluación
13.4,13.488000000000014,0.0880000000000134,Evaluación
13.200000000000001,13.206000000000016,0.006000000000014438,Evaluación
13.8,13.775999999999984,0.024000000000016897,Evaluación
13.200000000000001,13.157000000000016,0.04299999999998505,Evaluación
14.0,14.428099999999999,0.4280999999999988,Evaluación
13.600000000000001,13.54199999999999,0.058000000000012264,Evaluación
13.0,12.98,0.019999999999999574,Evaluación
13.4,13.548000000000004,0.14800000000000324,Evaluación
14.200000000000001,14.170000000000016,0.02999999999998515,Evaluación
14.0,13.976,0.023999999999999133,Evaluación
12.200000000000001,12.300000000000018,0.10000000000001741,Evaluación
13.8,13.346000000000005,0.4539999999999953,Evaluación
12.600000000000001,12.677999999999992,0.07799999999999052,Evaluación
13.4,13.526000000000005,0.12600000000000477,Evaluación
13.0,12.897999999999998,0.10200000000000209,Evaluación
12.600000000000001,12.737999999999994,0.1379999999999928,Evaluación
13.4,13.31800000000001,0.08199999999999008,Evaluación
13.200000000000001,13.240000000000018,0.04000000000001691,Evaluación
14.4,14.416000000000013,0.01600000000001245,Evaluación
13.600000000000001,13.435999999999996,0.16400000000000503,Evaluación
13.4,13.41000000000001,0.010000000000010445,Evaluación
14.4,14.298000000000018,0.10199999999998255,Evaluación
13.200000000000001,13.430000000000014,0.23000000000001286,Evaluación
14.600000000000001,14.527999999999986,0.07200000000001516,Evaluación
14.200000000000001,13.894000000000016,0.30599999999998495,Evaluación
13.0,13.0151,0.015100000000000335,Evaluación
13.0,12.606000000000009,0.39399999999999125,Evaluación
13.0,12.905366666666662,0.09463333333333779,Evaluación
13.600000000000001,13.409999999999995,0.1900000000000066,Evaluación
14.0,13.680000000000001,0.3199999999999985,Evaluación
13.600000000000001,13.575999999999997,0.024000000000004462,Evaluación
12.4,12.74,0.33999999999999986,Evaluación
13.200000000000001,13.039999999999996,0.16000000000000547,Evaluación
13.0,12.929999999999998,0.07000000000000206,Evaluación
14.200000000000001,14.194000000000015,0.0059999999999860165,Evaluación
12.200000000000001,12.372000000000009,0.1720000000000077,Evaluación
12.600000000000001,12.605999999999995,0.005999999999993122,Evaluación
13.4,13.396000000000008,0.003999999999992454,Evaluación
14.0,13.917580952380959,0.08241904761904095,Evaluación
14.600000000000001,14.342866666666671,0.2571333333333303,Evaluación
14.4,14.304000000000006,0.09599999999999476,Evaluación
13.8,13.639999999999986,0.16000000000001435,Evaluación
12.200000000000001,12.430000000000016,0.23000000000001464,Evaluación
14.200000000000001,14.166500000000001,0.033500000000000085,Evaluación
12.8,12.905366666666662,0.1053666666666615,Evaluación
12.200000000000001,12.605999999999996,0.40599999999999525,Evaluación
12.600000000000001,12.467999999999995,0.13200000000000678,Evaluación
13.0,13.158,0.15799999999999947,Evaluación
14.600000000000001,14.551999999999994,0.04800000000000715,Evaluación
13.600000000000001,13.59799999999999,0.002000000000011326,Evaluación
14.4,14.675333333333324,0.27533333333332344,Evaluación
12.4,12.382000000000005,0.017999999999995353,Evaluación
12.600000000000001,12.443499999999995,0.15650000000000652,Evaluación
13.600000000000001,13.485333333333335,0.11466666666666647,Evaluación
14.8,14.469999999999997,0.3300000000000036,Evaluación
13.600000000000001,13.527333333333331,0.07266666666667021,Evaluación
13.4,13.318,0.08200000000000074,Evaluación
13.0,13.043733333333334,0.043733333333333846,Evaluación
12.600000000000001,12.847999999999995,0.247999999999994,Evaluación
14.200000000000001,13.925333333333333,0.2746666666666684,Evaluación
12.4,12.625999999999998,0.22599999999999731,Evaluación
13.200000000000001,13.22800000000002,0.028000000000018233,Evaluación
13.0,13.208,0.20800000000000018,Evaluación
13.200000000000001,13.380000000000006,0.18000000000000504,Evaluación
14.200000000000001,14.08266666666668,0.11733333333332041,Evaluación
13.600000000000001,13.662666666666652,0.06266666666665088,Evaluación
13.200000000000001,13.19530000000001,0.004699999999990823,Evaluación
13.200000000000001,13.019200000000003,0.18079999999999785,Evaluación
13.4,13.498000000000014,0.09800000000001319,Evaluación
14.200000000000001,14.032000000000014,0.16799999999998683,Evaluación
14.4,14.336000000000013,0.06399999999998762,Evaluación
12.8,12.839999999999986,0.039999999999984936,Evaluación
12.0,12.260000000000002,0.26000000000000156,Evaluación
12.8,12.300000000000002,0.4999999999999982,Evaluación
14.0,13.874,0.12599999999999945,Evaluación
14.4,14.187999999999999,0.21200000000000152,Evaluación
13.600000000000001,13.785999999999994,0.18599999999999284,Evaluación
12.4,12.5715,0.17149999999999999,Evaluación
13.600000000000001,13.779999999999996,0.1799999999999944,Evaluación
14.4,14.198000000000004,0.2019999999999964,Evaluación
12.0,12.021999999999998,0.021999999999998465,Evaluación
14.4,14.303800000000013,0.09619999999998718,Evaluación
13.0,12.962133333333329,0.03786666666667138,Evaluación
12.600000000000001,12.579999999999998,0.020000000000003126,Evaluación
13.200000000000001,12.958000000000018,0.24199999999998312,Evaluación
13.0,13.136000000000001,0.136000000000001,Evaluación
13.0,13.16000000000001,0.1600000000000108,Evaluación
13.4,13.43600000000001,0.036000000000010246,Evaluación
13.0,13.028000000000004,0.02800000000000402,Evaluación
13.4,13.773333333333328,0.37333333333332774,Evaluación
13.200000000000001,13.314000000000014,0.1140000000000132,Evaluación
14.200000000000001,14.141999999999996,0.05800000000000516,Evaluación
12.8,12.865333333333322,0.06533333333332081,Evaluación
12.200000000000001,12.495000000000015,0.29500000000001414,Evaluación
13.0,12.966000000000003,0.033999999999997144,Evaluación
12.200000000000001,12.182000000000007,0.017999999999993577,Evaluación
12.8,12.869999999999987,0.06999999999998607,Evaluación
13.8,13.713999999999983,0.08600000000001806,Evaluación
14.200000000000001,13.718000000000009,0.4819999999999922,Evaluación
14.0,13.801999999999998,0.19800000000000217,Evaluación
14.0,13.86199999999999,0.13800000000001056,Evaluación
12.4,12.420000000000002,0.02000000000000135,Evaluación
14.600000000000001,14.052,0.5480000000000018,Evaluación
13.200000000000001,13.42053333333334,0.22053333333333924,Evaluación
13.200000000000001,13.092000000000015,0.10799999999998633,Evaluación
13.200000000000001,13.223000000000019,0.02300000000001745,Evaluación
13.200000000000001,13.254000000000012,0.05400000000001093,Evaluación
13.0,12.808000000000003,0.19199999999999662,Evaluación
13.4,13.364,0.03599999999999959,Evaluación
13.200000000000001,13.158000000000017,0.04199999999998383,Evaluación
12.600000000000001,12.655999999999983,0.0559999999999814,Evaluación
14.200000000000001,14.194666666666683,0.005333333333318535,Evaluación
12.600000000000001,12.563999999999998,0.03600000000000314,Evaluación
13.4,13.260000000000002,0.1399999999999988,Evaluación
12.600000000000001,12.605,0.004999999999999005,Evaluación
14.4,14.214000000000006,0.18599999999999461,Evaluación
14.0,13.692000000000002,0.30799999999999805,Evaluación
12.4,12.478000000000002,0.07800000000000118,Evaluación
13.8,13.77399999999998,0.026000000000021117,Evaluación
13.200000000000001,13.316999999999993,0.116999999999992,Evaluación
12.8,12.729999999999997,0.07000000000000384,Evaluación
14.0,14.026266666666665,0.026266666666664662,Evaluación
13.4,13.472000000000014,0.07200000000001339,Evaluación
14.200000000000001,14.058000000000016,0.14199999999998525,Evaluación
13.8,13.852666666666646,0.05266666666664577,Evaluación
14.0,14.008000000000003,0.008000000000002672,Evaluación
14.0,14.05466666666667,0.05466666666666953,Evaluación
12.200000000000001,12.20000000000001,8.881784197001252e-15,Evaluación
13.0,13.225999999999999,0.2259999999999991,Evaluación
13.4,13.362000000000007,0.03799999999999315,Evaluación
14.0,13.378000000000007,0.6219999999999928,Evaluación
13.4,13.684000000000005,0.28400000000000425,Evaluación
13.600000000000001,13.69799999999999,0.09799999999998832,Evaluación
13.8,13.646133333333331,0.15386666666666926,Evaluación
13.0,12.862,0.1379999999999999,Evaluación
13.600000000000001,13.48499999999999,0.11500000000001087,Evaluación
13.4,13.284000000000002,0.11599999999999788,Evaluación
14.0,14.156666666666672,0.15666666666667162,Evaluación
13.600000000000001,13.523999999999994,0.07600000000000762,Evaluación
13.8,13.657999999999989,0.1420000000000119,Evaluación
14.0,13.582000000000004,0.4179999999999957,Evaluación
13.4,13.282000000000012,0.11799999999998789,Evaluación
14.0,13.432000000000002,0.5679999999999978,Evaluación
14.8,14.763999999999983,0.03600000000001735,Evaluación
12.600000000000001,12.711999999999998,0.11199999999999655,Evaluación
14.4,14.424000000000003,0.024000000000002686,Evaluación
12.4,12.508999999999999,0.10899999999999821,Evaluación
14.200000000000001,14.034000000000015,0.16599999999998616,Evaluación
13.600000000000001,13.732000000000001,0.13199999999999967,Evaluación
14.4,14.320000000000011,0.07999999999998941,Evaluación
12.8,12.891999999999982,0.09199999999998099,Evaluación
12.8,12.927999999999987,0.1279999999999859,Evaluación
12.600000000000001,12.781999999999996,0.18199999999999505,Evaluación
13.200000000000001,13.034000000000008,0.16599999999999326,Evaluación
14.200000000000001,14.034000000000013,0.16599999999998793,Evaluación
14.0,13.638,0.3620000000000001,Evaluación
13.4,13.30600000000001,0.09399999999999054,Evaluación
14.600000000000001,14.553999999999988,0.046000000000013586,Evaluación
12.8,12.817999999999989,0.017999999999988248,Evaluación
13.0,13.12,0.11999999999999922,Evaluación
12.4,12.39986666666667,0.0001333333333306541,Evaluación
12.8,12.717999999999986,0.08200000000001495,Evaluación
13.4,13.539500000000002,0.13950000000000173,Evaluación
14.8,14.597999999999987,0.20200000000001417,Evaluación
12.600000000000001,12.636000000000001,0.03599999999999959,Evaluación
12.8,12.669999999999984,0.13000000000001677,Evaluación
12.8,12.494600000000007,0.30539999999999345,Evaluación
14.0,14.088000000000006,0.0880000000000063,Evaluación
14.200000000000001,14.170000000000005,0.029999999999995808,Evaluación
12.600000000000001,12.697999999999997,0.09799999999999542,Evaluación
13.200000000000001,13.300000000000017,0.10000000000001563,Evaluación
13.0,13.0048,0.004799999999999471,Evaluación
14.0,13.993666666666666,0.006333333333333968,Evaluación
13.0,13.165999999999995,0.16599999999999504,Evaluación
13.600000000000001,13.521999999999998,0.07800000000000296,Evaluación
14.4,14.433299999999997,0.033299999999997,Evaluación
13.4,13.443999999999996,0.043999999999995154,Evaluación
13.0,13.006000000000004,0.00600000000000378,Evaluación
13.200000000000001,12.857999999999997,0.3420000000000041,Evaluación
13.4,13.332000000000004,0.06799999999999606,Evaluación
13.0,13.141999999999994,0.14199999999999413,Evaluación
13.600000000000001,13.595999999999997,0.0040000000000048885,Evaluación
13.600000000000001,13.571999999999989,0.028000000000012903,Evaluación
13.8,13.790333333333315,0.009666666666685586,Evaluación
14.200000000000001,14.166000000000002,0.03399999999999892,Evaluación
12.8,12.915999999999991,0.11599999999999078,Evaluación
13.0,13.230000000000002,0.2300000000000022,Evaluación
12.8,12.936666666666657,0.13666666666665606,Evaluación
13.4,13.440000000000003,0.0400000000000027,Evaluación
14.0,13.778000000000006,0.2219999999999942,Evaluación
13.200000000000001,13.292000000000021,0.09200000000002007,Evaluación
14.0,13.988999999999999,0.011000000000001009,Evaluación
14.0,14.06,0.0600000000000005,Evaluación
12.8,12.557999999999998,0.24200000000000266,Evaluación
14.200000000000001,14.306500000000018,0.10650000000001647,Evaluación
12.600000000000001,12.876838095238098,0.2768380952380962,Evaluación
14.4,14.336000000000004,0.0639999999999965,Evaluación
14.4,14.152500000000009,0.24749999999999162,Evaluación
12.200000000000001,12.292000000000003,0.0920000000000023,Evaluación
12.600000000000001,12.565999999999995,0.034000000000006025,Evaluación
13.4,13.456000000000008,0.05600000000000804,Evaluación
13.4,13.035000000000002,0.36499999999999844,Evaluación
13.0,13.541999999999998,0.541999999999998,Evaluación
12.8,13.24000000000001,0.44000000000001016,Evaluación
13.8,13.573999999999987,0.2260000000000133,Evaluación
13.0,13.024666666666668,0.02466666666666839,Evaluación
14.200000000000001,14.055900000000007,0.14409999999999457,Evaluación
14.0,14.038,0.038000000000000256,Evaluación
13.0,12.997999999999998,0.0020000000000024443,Evaluación
12.600000000000001,12.546000000000001,0.05400000000000027,Evaluación
12.200000000000001,12.746533333333327,0.5465333333333255,Evaluación
13.4,13.37333333333334,0.026666666666660177,Evaluación
12.8,13.005999999999986,0.2059999999999853,Evaluación
14.600000000000001,14.479999999999988,0.12000000000001343,Evaluación
13.8,13.972428571428573,0.17242857142857204,Evaluación
13.4,13.33200000000001,0.06799999999999073,Evaluación
12.600000000000001,12.735999999999999,0.13599999999999746,Evaluación
13.4,13.284000000000013,0.11599999999998722,Evaluación
13.200000000000001,13.162000000000011,0.0379999999999896,Evaluación
12.8,12.713999999999983,0.08600000000001806,Evaluación
13.600000000000001,13.665999999999997,0.0659999999999954,Evaluación
13.200000000000001,13.20500000000002,0.005000000000018545,Evaluación
13.0,12.974999999999998,0.02500000000000213,Evaluación
13.0,13.079166666666666,0.07916666666666572,Evaluación
13.4,13.314000000000005,0.08599999999999497,Evaluación
13.600000000000001,13.63209999999999,0.03209999999998914,Evaluación
12.600000000000001,12.613999999999994,0.013999999999992241,Evaluación
14.0,13.933499999999999,0.06650000000000134,Evaluación
13.600000000000001,13.542285714285713,0.057714285714288494,Evaluación
13.8,13.989999999999986,0.1899999999999853,Evaluación
13.4,13.618733333333322,0.21873333333332212,Evaluación
13.8,13.943999999999983,0.14399999999998236,Evaluación
13.0,13.054000000000006,0.0540000000000056,Evaluación
12.200000000000001,12.24400000000002,0.04400000000001825,Evaluación
13.0,13.05,0.05000000000000071,Evaluación
13.4,13.241704761904764,0.1582952380952367,Evaluación
13.200000000000001,13.446000000000012,0.2460000000000111,Evaluación
13.8,13.697999999999995,0.10200000000000564,Evaluación
14.200000000000001,14.120000000000019,0.07999999999998231,Evaluación
13.600000000000001,13.55399999999999,0.04600000000001181,Evaluación
13.0,13.082000000000004,0.08200000000000429,Evaluación
12.8,12.913199999999991,0.1131999999999902,Evaluación
13.600000000000001,13.545999999999992,0.05400000000000915,Evaluación
12.8,13.087999999999987,0.28799999999998604,Evaluación
14.200000000000001,14.422000000000008,0.22200000000000664,Evaluación
14.0,13.940999999999995,0.059000000000004604,Evaluación
13.600000000000001,13.388333333333328,0.2116666666666731,Evaluación
12.600000000000001,12.420000000000005,0.17999999999999616,Evaluación
12.200000000000001,12.43800000000001,0.23800000000000843,Evaluación
13.200000000000001,13.276000000000016,0.07600000000001472,Evaluación
15.0,14.543999999999992,0.4560000000000084,Evaluación
14.200000000000001,14.306000000000017,0.10600000000001586,Evaluación
13.8,13.81403333333331,0.014033333333308917,Evaluación
12.4,12.468,0.06799999999999962,Evaluación
13.0,12.957999999999993,0.04200000000000692,Evaluación
12.200000000000001,12.230000000000013,0.030000000000011795,Evaluación
13.8,13.75199999999998,0.04800000000002136,Evaluación
13.200000000000001,13.326000000000015,0.12600000000001366,Evaluación
12.8,12.589999999999993,0.21000000000000796,Evaluación
13.8,13.821999999999985,0.021999999999984254,Evaluación
13.600000000000001,13.489999999999993,0.11000000000000831,Evaluación
14.0,14.056000000000004,0.05600000000000449,Evaluación
13.600000000000001,13.514799999999994,0.08520000000000749,Evaluación
13.600000000000001,13.715999999999994,0.11599999999999255,Evaluación
13.8,13.831166666666652,0.031166666666651466,Evaluación
13.600000000000001,13.649999999999995,0.049999999999993605,Evaluación
13.4,13.406000000000008,0.006000000000007333,Evaluación
12.8,12.735999999999981,0.0640000000000196,Evaluación
12.8,13.000499999999981,0.20049999999998036,Evaluación
13.600000000000001,13.643999999999991,0.043999999999989825,Evaluación
13.4,13.603799999999994,0.20379999999999399,Evaluación
13.0,13.112000000000002,0.11200000000000188,Evaluación
13.200000000000001,13.102900000000018,0.09709999999998331,Evaluación
13.4,13.091466666666667,0.3085333333333331,Evaluación
12.8,12.949999999999987,0.14999999999998614,Evaluación
13.200000000000001,12.854,0.34600000000000186,Evaluación
12.600000000000001,12.774999999999995,0.1749999999999936,Evaluación
14.200000000000001,14.238000000000017,0.03800000000001624,Evaluación
12.4,12.305999999999997,0.09400000000000297,Evaluación
12.8,13.081999999999999,0.28199999999999825,Evaluación
14.4,14.286333333333346,0.11366666666665459,Evaluación
13.0,12.933999999999996,0.06600000000000428,Evaluación
13.4,13.44,0.03999999999999915,Evaluación
13.0,13.376000000000007,0.37600000000000655,Evaluación
12.600000000000001,12.990000000000002,0.39000000000000057,Evaluación
13.0,12.932000000000002,0.06799999999999784,Evaluación
13.4,13.324000000000007,0.0759999999999934,Evaluación
13.4,13.508000000000003,0.10800000000000232,Evaluación
13.0,13.160933333333334,0.16093333333333426,Evaluación
12.8,12.973999999999984,0.1739999999999835,Evaluación
12.8,12.817999999999984,0.01799999999998292,Evaluación
13.8,13.731999999999987,0.06800000000001383,Evaluación
12.0,12.076,0.07600000000000051,Evaluación
14.0,14.005999999999998,0.005999999999998451,Evaluación
13.200000000000001,13.116000000000016,0.08399999999998542,Evaluación
13.200000000000001,13.187500000000016,0.012499999999985079,Evaluación
13.600000000000001,13.645999999999985,0.04599999999998339,Evaluación
12.4,12.594000000000003,0.19400000000000261,Evaluación
14.0,13.996500000000001,0.0034999999999989484,Evaluación
14.4,14.404000000000007,0.004000000000006665,Evaluación
12.8,12.995999999999986,0.19599999999998552,Evaluación
14.200000000000001,14.140000000000017,0.05999999999998451,Evaluación
13.4,13.658000000000015,0.2580000000000151,Evaluación
12.8,12.685999999999984,0.11400000000001675,Evaluación
12.8,12.883333333333315,0.08333333333331439,Evaluación
14.4,14.278000000000011,0.12199999999998923,Evaluación
13.200000000000001,13.274000000000019,0.07400000000001761,Evaluación
13.600000000000001,13.351733333333323,0.2482666666666784,Evaluación
12.8,12.921999999999992,0.121999999999991,Evaluación
12.8,12.981999999999987,0.18199999999998617,Evaluación
13.600000000000001,13.553999999999991,0.04600000000001003,Evaluación
13.4,13.274000000000006,0.12599999999999412,Evaluación
13.4,13.38416666666668,0.01583333333332071,Evaluación
14.200000000000001,14.178000000000019,0.021999999999982478,Evaluación
12.600000000000001,12.780000000000005,0.18000000000000327,Evaluación
13.200000000000001,13.154000000000014,0.04599999999998694,Evaluación
13.0,12.979333333333331,0.02066666666666883,Evaluación
13.600000000000001,13.819999999999999,0.2199999999999971,Evaluación
13.600000000000001,13.753333333333332,0.15333333333333066,Evaluación
12.4,12.71849999999999,0.31849999999998957,Evaluación
13.4,13.446000000000005,0.046000000000004704,Evaluación
13.0,12.994000000000005,0.005999999999994898,Evaluación
14.200000000000001,14.138000000000016,0.06199999999998518,Evaluación
14.200000000000001,14.164000000000014,0.03599999999998715,Evaluación
12.200000000000001,12.390000000000013,0.19000000000001194,Evaluación
14.0,14.158,0.15799999999999947,Evaluación
12.0,12.094000000000001,0.0940000000000012,Evaluación
14.0,14.074666666666667,0.07466666666666733,Evaluación
13.4,13.57928571428571,0.17928571428570983,Evaluación
13.200000000000001,13.136000000000015,0.06399999999998585,Evaluación
12.600000000000001,12.669999999999995,0.06999999999999318,Evaluación
13.0,12.925999999999995,0.07400000000000517,Evaluación
15.0,14.692000000000007,0.3079999999999927,Evaluación
13.200000000000001,13.175000000000017,0.024999999999984368,Evaluación
12.200000000000001,12.603999999999992,0.40399999999999103,Evaluación
13.0,12.887999999999993,0.1120000000000072,Evaluación
12.200000000000001,12.290000000000015,0.09000000000001407,Evaluación
14.600000000000001,14.50799999999999,0.09200000000001118,Evaluación
14.600000000000001,14.551999999999989,0.04800000000001248,Evaluación
12.600000000000001,12.575999999999997,0.024000000000004462,Evaluación
13.4,13.729999999999983,0.3299999999999823,Evaluación
12.4,12.361999999999998,0.03800000000000203,Evaluación
14.200000000000001,14.21400000000002,0.014000000000018886,Evaluación
14.0,14.108000000000002,0.10800000000000232,Evaluación
14.0,13.989999999999998,0.010000000000001563,Evaluación
13.8,13.813999999999988,0.013999999999986912,Evaluación
13.200000000000001,13.23200000000002,0.03200000000001957,Evaluación
14.4,14.424500000000005,0.024500000000005073,Evaluación
12.600000000000001,12.573999999999998,0.026000000000003354,Evaluación
13.0,13.111066666666668,0.11106666666666776,Evaluación
14.200000000000001,13.958666666666685,0.24133333333331564,Evaluación
13.200000000000001,13.189999999999998,0.01000000000000334,Evaluación
13.8,13.78999999999998,0.010000000000021103,Evaluación
12.4,12.764000000000005,0.3640000000000043,Evaluación
13.200000000000001,13.107500000000014,0.09249999999998693,Evaluación
13.200000000000001,13.16400000000002,0.035999999999981824,Evaluación
12.8,12.871199999999986,0.07119999999998505,Evaluación
12.600000000000001,12.809999999999993,0.20999999999999197,Evaluación
13.600000000000001,13.671499999999996,0.07149999999999501,Evaluación
13.4,13.218000000000004,0.18199999999999683,Evaluación
13.4,13.400000000000007,7.105427357601002e-15,Evaluación
13.600000000000001,13.495333333333333,0.10466666666666846,Evaluación
13.0,12.77,0.23000000000000043,Evaluación
14.8,14.629999999999987,0.17000000000001414,Evaluación
12.8,12.787999999999988,0.01200000000001289,Evaluación
13.4,13.478000000000002,0.07800000000000118,Evaluación
13.600000000000001,13.32,0.28000000000000114,Evaluación
13.4,13.502,0.10200000000000031,Evaluación
13.0,12.913999999999994,0.08600000000000563,Evaluación
12.600000000000001,12.549999999999997,0.05000000000000426,Evaluación
12.8,12.889999999999985,0.08999999999998387,Evaluación
12.4,12.668000000000008,0.2680000000000078,Evaluación
13.600000000000001,13.616666666666658,0.016666666666656837,Evaluación
15.0,14.871999999999996,0.12800000000000367,Evaluación
12.600000000000001,12.788,0.18799999999999883,Evaluación
13.600000000000001,13.645999999999994,0.04599999999999227,Evaluación
12.600000000000001,12.568000000000001,0.03200000000000003,Evaluación
13.600000000000001,13.39799999999999,0.20200000000001062,Evaluación
12.4,12.38,0.019999999999999574,Evaluación
13.4,13.402000000000008,0.0020000000000077733,Evaluación
13.200000000000001,13.190000000000019,0.009999999999982023,Evaluación
13.0,13.261142857142856,0.2611428571428558,Evaluación
13.8,13.925999999999982,0.12599999999998168,Evaluación
14.0,13.905999999999997,0.09400000000000297,Evaluación
12.8,12.843999999999987,0.04399999999998627,Evaluación
15.0,14.951999999999993,0.04800000000000715,Evaluación
13.200000000000001,12.98905238095238,0.21094761904762116,Evaluación
12.4,12.787999999999986,0.3879999999999857,Evaluación
14.0,13.723999999999997,0.27600000000000335,Evaluación
13.600000000000001,13.749999999999995,0.14999999999999325,Evaluación
13.200000000000001,13.108000000000018,0.09199999999998276,Evaluación
13.0,13.101,0.10100000000000087,Evaluación
13.600000000000001,13.461999999999994,0.138000000000007,Evaluación
13.600000000000001,13.30533333333333,0.2946666666666715,Evaluación
12.4,12.478000000000002,0.07800000000000118,Evaluación
13.200000000000001,13.230000000000013,0.030000000000011795,Evaluación
13.8,13.71299999999998,0.08700000000002106,Evaluación
13.4,13.586000000000007,0.18600000000000705,Evaluación
14.8,14.595999999999982,0.2040000000000184,Evaluación
12.200000000000001,12.474000000000013,0.27400000000001157,Evaluación
12.8,12.715999999999985,0.08400000000001562,Evaluación
13.8,13.831999999999985,0.03199999999998404,Evaluación
13.200000000000001,13.574000000000005,0.3740000000000041,Evaluación
12.200000000000001,12.410000000000009,0.21000000000000796,Evaluación
14.200000000000001,13.98200000000001,0.2179999999999911,Evaluación
14.200000000000001,14.082000000000011,0.11799999999998967,Evaluación
13.8,13.683999999999987,0.11600000000001387,Evaluación
13.200000000000001,13.286000000000017,0.08600000000001629,Evaluación
12.8,12.933333333333323,0.1333333333333222,Evaluación
13.600000000000001,13.657999999999998,0.05799999999999628,Evaluación
14.200000000000001,14.184000000000001,0.016000000000000014,Evaluación
13.200000000000001,13.15800000000001,0.041999999999990933,Evaluación
13.600000000000001,13.88327142857143,0.2832714285714282,Evaluación
13.200000000000001,13.178333333333335,0.0216666666666665,Evaluación
14.0,13.892400000000002,0.10759999999999792,Evaluación
13.600000000000001,13.539499999999997,0.06050000000000466,Evaluación
13.0,12.986,0.013999999999999346,Evaluación
12.8,12.527999999999993,0.27200000000000735,Evaluación
13.8,13.598666666666654,0.2013333333333467,Evaluación
11.8,11.851999999999983,0.05199999999998184,Evaluación
14.0,14.027999999999997,0.027999999999996916,Evaluación
14.4,14.140000000000008,0.2599999999999927,Evaluación
12.8,12.87779999999998,0.07779999999997855,Evaluación
12.600000000000001,12.632000000000003,0.032000000000001805,Evaluación
13.4,13.330000000000007,0.06999999999999318,Evaluación
12.4,12.536,0.13599999999999923,Evaluación
13.8,13.661999999999985,0.1380000000000159,Evaluación
13.200000000000001,13.126000000000019,0.07399999999998208,Evaluación
13.200000000000001,13.533999999999994,0.3339999999999925,Evaluación
12.600000000000001,12.726,0.12599999999999945,Evaluación
12.4,12.351999999999999,0.04800000000000182,Evaluación
13.4,13.625000000000009,0.22500000000000853,Evaluación
13.600000000000001,13.603999999999994,0.003999999999992454,Evaluación
13.4,13.364333333333342,0.03566666666665874,Evaluación
13.4,13.248000000000012,0.1519999999999886,Evaluación
12.4,12.297500000000003,0.10249999999999737,Evaluación
13.200000000000001,13.006000000000014,0.19399999999998663,Evaluación
13.0,13.017999999999999,0.017999999999998906,Evaluación
13.4,13.424000000000003,0.024000000000002686,Evaluación
13.8,13.931999999999984,0.13199999999998369,Evaluación
13.4,13.384000000000004,0.01599999999999646,Evaluación
13.8,13.92399999999998,0.12399999999997924,Evaluación
12.4,12.422,0.02200000000000024,Evaluación
13.4,13.088000000000008,0.3119999999999923,Evaluación
12.600000000000001,12.715999999999994,0.11599999999999255,Evaluación
13.0,12.664000000000001,0.3359999999999985,Evaluación
13.200000000000001,13.058000000000016,0.14199999999998525,Evaluación
14.200000000000001,13.928000000000015,0.27199999999998603,Evaluación
14.0,13.924333333333333,0.07566666666666677,Evaluación
13.600000000000001,12.696000000000009,0.9039999999999928,Evaluación
13.4,13.330666666666664,0.06933333333333636,Evaluación
14.200000000000001,14.138000000000016,0.06199999999998518,Evaluación
13.0,13.104000000000003,0.10400000000000276,Evaluación
12.8,12.915999999999991,0.11599999999999078,Evaluación
13.8,13.665999999999983,0.1340000000000181,Evaluación
13.600000000000001,13.526666666666667,0.07333333333333414,Evaluación
13.4,13.258000000000003,0.14199999999999768,Evaluación
14.200000000000001,14.032000000000018,0.16799999999998327,Evaluación
12.8,12.803999999999983,0.003999999999981796,Evaluación
13.8,13.955999999999985,0.1559999999999846,Evaluación
13.600000000000001,13.495999999999992,0.10400000000000986,Evaluación
13.8,13.651999999999985,0.14800000000001567,Evaluación
13.4,13.432000000000006,0.03200000000000536,Evaluación
13.200000000000001,13.392000000000019,0.19200000000001793,Evaluación
13.8,13.57199999999998,0.22800000000002107,Evaluación
14.0,14.212000000000005,0.21200000000000507,Evaluación
14.0,14.026000000000003,0.026000000000003354,Evaluación
14.0,13.862,0.1379999999999999,Evaluación
13.200000000000001,13.148000000000016,0.05199999999998539,Evaluación
12.200000000000001,12.376000000000012,0.17600000000001081,Evaluación
14.200000000000001,14.292000000000014,0.09200000000001296,Evaluación
13.8,13.77999999999998,0.02000000000002089,Evaluación
13.8,13.263333333333327,0.5366666666666742,Evaluación
13.0,13.001999999999992,0.001999999999991786,Evaluación
13.8,13.61466666666665,0.18533333333335023,Evaluación
14.8,14.705999999999987,0.09400000000001363,Evaluación
14.200000000000001,14.170000000000016,0.02999999999998515,Evaluación
13.600000000000001,13.475999999999994,0.12400000000000766,Evaluación
13.8,13.825999999999986,0.02599999999998559,Evaluación
13.600000000000001,13.845999999999986,0.24599999999998445,Evaluación
12.600000000000001,12.828000000000005,0.2280000000000033,Evaluación
13.600000000000001,13.433999999999992,0.16600000000000925,Evaluación
13.4,13.294000000000008,0.10599999999999277,Evaluación
14.200000000000001,14.176666666666685,0.023333333333315665,Evaluación
13.200000000000001,13.543999999999993,0.3439999999999923,Evaluación
13.8,14.113500000000013,0.3135000000000119,Evaluación
13.600000000000001,13.425999999999993,0.17400000000000837,Evaluación
12.600000000000001,12.681999999999995,0.08199999999999363,Evaluación
13.8,13.947999999999986,0.14799999999998548,Evaluación
13.200000000000001,12.996000000000016,0.20399999999998464,Evaluación
14.200000000000001,14.11900000000002,0.08099999999998175,Evaluación
13.600000000000001,13.733999999999996,0.133999999999995,Evaluación
13.8,13.587000000000003,0.2129999999999974,Evaluación
13.0,12.958,0.041999999999999815,Evaluación
13.600000000000001,13.896,0.2959999999999994,Evaluación
13.4,13.487333333333337,0.08733333333333704,Evaluación
13.0,13.252,0.25200000000000067,Evaluación
13.0,13.146000000000006,0.14600000000000612,Evaluación
12.8,12.869999999999987,0.06999999999998607,Evaluación
13.8,13.779999999999983,0.020000000000017337,Evaluación
12.8,12.797999999999986,0.0020000000000148788,Evaluación
13.200000000000001,13.34000000000001,0.14000000000000945,Evaluación
13.0,12.979999999999995,0.020000000000004903,Evaluación
13.8,13.137999999999993,0.6620000000000079,Evaluación
13.200000000000001,13.42733333333333,0.22733333333332872,Evaluación
12.8,12.741999999999997,0.05800000000000338,Evaluación
12.200000000000001,12.418000000000015,0.21800000000001418,Evaluación
14.4,14.33666666666668,0.06333333333332014,Evaluación
12.600000000000001,12.806266666666657,0.2062666666666555,Evaluación
13.8,13.727299999999989,0.07270000000001176,Evaluación
14.0,14.104000000000001,0.10400000000000098,Evaluación
14.200000000000001,14.227333333333352,0.02733333333335075,Evaluación
12.0,12.106000000000002,0.10600000000000165,Evaluación
14.0,13.825999999999997,0.17400000000000304,Evaluación
13.8,13.685999999999988,0.1140000000000132,Evaluación
12.600000000000001,12.687999999999994,0.08799999999999208,Evaluación
13.8,13.687999999999999,0.11200000000000188,Evaluación
14.200000000000001,14.072000000000008,0.127999999999993,Evaluación
13.600000000000001,13.627999999999997,0.02799999999999514,Evaluación
12.8,13.079999999999979,0.27999999999997804,Evaluación
13.600000000000001,13.740433333333334,0.1404333333333323,Evaluación
13.8,13.884499999999992,0.08449999999999136,Evaluación
13.0,13.192,0.19200000000000017,Evaluación
13.600000000000001,13.529999999999994,0.07000000000000739,Evaluación
14.8,14.741999999999978,0.05800000000002292,Evaluación
14.4,14.248000000000008,0.15199999999999214,Evaluación
13.4,13.438000000000006,0.038000000000005585,Evaluación
14.600000000000001,14.442000000000009,0.15799999999999237,Evaluación
13.600000000000001,13.768000000000002,0.16800000000000104,Evaluación
12.200000000000001,12.252000000000018,0.052000000000017366,Evaluación
14.0,14.024000000000006,0.02400000000000624,Evaluación
12.4,12.526000000000003,0.126000000000003,Evaluación
13.4,13.356000000000003,0.04399999999999693,Evaluación
13.8,13.969333333333315,0.16933333333331468,Evaluación
13.600000000000001,13.609200000000001,0.009199999999999875,Evaluación
13.8,13.805999999999981,0.0059999999999806874,Evaluación
13.600000000000001,13.4738,0.12620000000000076,Evaluación
12.8,12.95399999999999,0.15399999999998926,Evaluación
13.8,13.613333333333314,0.18666666666668696,Evaluación
13.200000000000001,13.365999999999996,0.16599999999999504,Evaluación
13.600000000000001,13.569999999999993,0.030000000000008242,Evaluación
14.4,14.333333333333341,0.06666666666665932,Evaluación
12.600000000000001,12.728000000000002,0.1280000000000001,Evaluación
14.600000000000001,14.663999999999993,0.06399999999999118,Evaluación
13.0,12.973999999999998,0.026000000000001577,Evaluación
13.0,13.003999999999998,0.003999999999997783,Evaluación
13.600000000000001,13.64199999999999,0.04199999999998916,Evaluación
14.0,13.932999999999993,0.06700000000000728,Evaluación
13.0,13.126,0.12599999999999945,Evaluación
13.200000000000001,13.046000000000015,0.1539999999999857,Evaluación
13.200000000000001,13.208000000000016,0.008000000000015106,Evaluación
13.0,12.898,0.10200000000000031,Evaluación
13.8,13.780999999999985,0.019000000000016115,Evaluación
13.8,13.971333333333321,0.17133333333332068,Evaluación
12.8,12.973999999999982,0.17399999999998172,Evaluación
13.200000000000001,13.280000000000019,0.08000000000001783,Evaluación
12.600000000000001,12.97533333333334,0.37533333333333907,Evaluación
13.600000000000001,13.086000000000022,0.5139999999999798,Evaluación
13.600000000000001,13.259999999999991,0.3400000000000105,Evaluación
13.0,13.010000000000002,0.010000000000001563,Evaluación
13.8,13.82399999999998,0.023999999999979593,Evaluación
13.200000000000001,13.058000000000018,0.14199999999998347,Evaluación
12.600000000000001,12.814499999999999,0.21449999999999747,Evaluación
14.4,14.549999999999994,0.14999999999999325,Evaluación
13.4,13.338000000000006,0.06199999999999406,Evaluación
13.4,13.309333333333344,0.09066666666665668,Evaluación
13.600000000000001,13.588799999999987,0.011200000000014754,Evaluación
14.200000000000001,14.134000000000016,0.06599999999998474,Evaluación
14.600000000000001,14.384666666666673,0.21533333333332827,Evaluación
13.600000000000001,13.586000000000002,0.013999999999999346,Evaluación
13.8,13.884999999999986,0.08499999999998487,Evaluación
13.8,14.150000000000004,0.3500000000000032,Evaluación
12.600000000000001,12.38,0.22000000000000064,Evaluación
12.4,12.468000000000002,0.06800000000000139,Evaluación
14.0,14.099333333333336,0.09933333333333572,Evaluación
13.200000000000001,12.96900000000002,0.23099999999998033,Evaluación
12.4,12.43066666666667,0.030666666666670395,Evaluación
12.8,12.793999999999984,0.006000000000016215,Evaluación
12.600000000000001,12.689999999999996,0.08999999999999453,Evaluación
14.200000000000001,14.374000000000015,0.1740000000000137,Evaluación
13.4,13.380000000000006,0.019999999999994245,Evaluación
13.4,13.298000000000004,0.10199999999999676,Evaluación
13.4,13.487333333333337,0.08733333333333704,Evaluación
14.200000000000001,14.056000000000022,0.1439999999999788,Evaluación
13.8,13.76699999999998,0.03300000000002079,Evaluación
14.4,13.792,0.6080000000000005,Evaluación
14.200000000000001,14.260000000000018,0.060000000000016485,Evaluación
12.600000000000001,12.758000000000006,0.1580000000000048,Evaluación
13.0,12.962666666666669,0.037333333333331,Evaluación
12.200000000000001,12.340000000000014,0.140000000000013,Evaluación
13.200000000000001,13.112000000000018,0.0879999999999832,Evaluación
12.200000000000001,12.394000000000016,0.19400000000001505,Evaluación
13.4,13.501333333333335,0.10133333333333461,Evaluación
12.8,12.793999999999988,0.006000000000012662,Evaluación
13.8,13.695999999999984,0.10400000000001697,Evaluación
12.8,12.879999999999981,0.07999999999998053,Evaluación
14.0,14.144000000000007,0.14400000000000723,Evaluación
14.600000000000001,14.421999999999993,0.17800000000000793,Evaluación
12.600000000000001,12.787999999999997,0.18799999999999528,Evaluación
13.600000000000001,13.693999999999992,0.09399999999999054,Evaluación
12.8,12.945999999999986,0.1459999999999848,Evaluación
13.8,13.791333333333318,0.008666666666682588,Evaluación
13.8,13.808899999999984,0.00889999999998281,Evaluación
13.4,13.436000000000012,0.03600000000001202,Evaluación
13.8,13.607999999999988,0.1920000000000126,Evaluación
12.4,13.156000000000008,0.7560000000000073,Evaluación
13.200000000000001,13.466000000000015,0.2660000000000142,Evaluación
13.600000000000001,13.831999999999994,0.2319999999999922,Evaluación
14.200000000000001,14.14800000000002,0.05199999999998184,Evaluación
13.200000000000001,13.25600000000002,0.0560000000000187,Evaluación
12.4,12.384000000000007,0.01599999999999291,Evaluación
13.600000000000001,13.795999999999992,0.19599999999999085,Evaluación
11.8,11.931999999999986,0.13199999999998546,Evaluación
14.0,14.120000000000005,0.12000000000000455,Evaluación
13.200000000000001,13.01400000000002,0.1859999999999804,Evaluación
13.0,12.898,0.10200000000000031,Evaluación
13.200000000000001,13.306000000000019,0.10600000000001764,Evaluación
14.600000000000001,14.550999999999986,0.049000000000015476,Evaluación
13.0,13.025499999999992,0.025499999999992085,Evaluación
12.8,12.771999999999984,0.028000000000016456,Evaluación
13.8,13.635999999999981,0.16400000000001924,Evaluación
14.8,14.581999999999988,0.2180000000000124,Evaluación
13.600000000000001,13.601999999999997,0.001999999999995339,Evaluación
13.0,13.084000000000003,0.08400000000000318,Evaluación
14.4,14.376000000000008,0.023999999999992028,Evaluación
14.200000000000001,14.192000000000016,0.007999999999984908,Evaluación
13.8,13.771999999999977,0.02800000000002356,Evaluación
13.4,13.354000000000008,0.04599999999999227,Evaluación
14.200000000000001,14.148000000000016,0.05199999999998539,Evaluación
13.600000000000001,13.753999999999992,0.15399999999999103,Evaluación
12.600000000000001,12.709999999999997,0.10999999999999588,Evaluación
13.8,13.77399999999998,0.026000000000021117,Evaluación
13.600000000000001,13.743999999999994,0.14399999999999302,Evaluación
14.600000000000001,14.437999999999994,0.16200000000000792,Evaluación
13.8,13.066000000000004,0.7339999999999964,Evaluación
13.0,12.887999999999995,0.11200000000000543,Evaluación
12.600000000000001,12.583999999999994,0.01600000000000712,Evaluación
11.8,11.929999999999989,0.12999999999998835,Evaluación
13.200000000000001,13.23800000000002,0.038000000000019796,Evaluación
13.4,13.326000000000011,0.07399999999998919,Evaluación
13.4,13.320333333333343,0.07966666666665745,Evaluación
13.4,13.384000000000013,0.01599999999998758,Evaluación
13.0,12.889999999999997,0.11000000000000298,Evaluación
14.200000000000001,14.216000000000014,0.01600000000001245,Evaluación
13.200000000000001,13.172000000000017,0.027999999999984482,Evaluación
13.600000000000001,13.519666666666662,0.08033333333333914,Evaluación
13.0,13.144,0.14400000000000013,Evaluación
14.200000000000001,14.094166666666677,0.10583333333332412,Evaluación
12.8,12.841999999999983,0.04199999999998205,Evaluación
14.4,14.044666666666666,0.35533333333333417,Evaluación
13.8,13.847999999999983,0.04799999999998228,Evaluación
14.0,14.036999999999999,0.036999999999999034,Evaluación
13.200000000000001,13.526699999999996,0.3266999999999953,Evaluación
14.0,14.152000000000003,0.1520000000000028,Evaluación
12.4,12.40800000000001,0.008000000000009777,Evaluación
13.200000000000001,13.113566666666673,0.08643333333332848,Evaluación
14.0,14.041333333333327,0.041333333333327005,Evaluación
12.600000000000001,12.71,0.10999999999999943,Evaluación
14.600000000000001,14.523999999999992,0.0760000000000094,Evaluación
14.0,13.804000000000004,0.19599999999999618,Evaluación
14.200000000000001,14.138000000000016,0.06199999999998518,Evaluación
13.0,13.215999999999994,0.21599999999999397,Evaluación
12.8,12.837999999999981,0.037999999999980716,Evaluación
13.200000000000001,13.240000000000014,0.04000000000001336,Evaluación
13.600000000000001,13.53599999999999,0.06400000000001071,Evaluación
13.4,13.492000000000008,0.09200000000000763,Evaluación
13.600000000000001,13.510666666666658,0.08933333333334303,Evaluación
13.8,13.937999999999986,0.1379999999999857,Evaluación
12.600000000000001,12.628000000000002,0.02800000000000047,Evaluación
13.200000000000001,13.442133333333334,0.2421333333333333,Evaluación
13.600000000000001,13.661999999999988,0.061999999999986954,Evaluación
14.200000000000001,13.90000000000002,0.29999999999998117,Evaluación
13.8,13.500000000000005,0.2999999999999954,Evaluación
14.0,13.897999999999998,0.10200000000000209,Evaluación
14.0,13.970999999999998,0.02900000000000169,Evaluación
14.600000000000001,14.487999999999994,0.1120000000000072,Evaluación
13.600000000000001,14.008999999999991,0.40899999999999004,Evaluación
13.0,12.98,0.019999999999999574,Evaluación
14.4,14.31800000000001,0.08199999999999008,Evaluación
13.4,13.330000000000007,0.06999999999999318,Evaluación
13.600000000000001,13.558333333333328,0.04166666666667318,Evaluación
13.8,13.693999999999983,0.10600000000001764,Evaluación
14.0,13.922,0.0779999999999994,Evaluación
13.8,13.673999999999984,0.1260000000000172,Evaluación
13.600000000000001,13.645999999999994,0.04599999999999227,Evaluación
13.0,13.239,0.23900000000000077,Evaluación
14.0,14.014666666666665,0.014666666666665051,Evaluación
13.0,12.956000000000001,0.04399999999999871,Evaluación
12.200000000000001,12.72399999999999,0.5239999999999885,Evaluación
13.8,13.663999999999987,0.13600000000001344,Evaluación
13.4,13.608000000000011,0.20800000000001084,Evaluación
13.0,13.067,0.06700000000000017,Evaluación
12.600000000000001,12.594000000000001,0.006000000000000227,Evaluación
13.4,13.461000000000007,0.06100000000000705,Evaluación
14.0,13.870000000000003,0.12999999999999723,Evaluación
13.4,13.205400000000006,0.1945999999999941,Evaluación
13.200000000000001,13.054000000000013,0.14599999999998836,Evaluación
13.0,12.808,0.19200000000000017,Evaluación
13.0,13.103333333333332,0.10333333333333172,Evaluación
12.600000000000001,12.747999999999996,0.14799999999999436,Evaluación
14.8,14.625999999999985,0.17400000000001548,Evaluación
14.4,14.327257142857155,0.07274285714284545,Evaluación
13.600000000000001,13.160000000000004,0.4399999999999977,Evaluación
12.4,12.363999999999999,0.036000000000001364,Evaluación
13.0,13.263566666666668,0.2635666666666676,Evaluación
13.8,13.681999999999984,0.11800000000001631,Evaluación
12.200000000000001,12.406000000000015,0.20600000000001373,Evaluación
13.4,13.35200000000001,0.04799999999999116,Evaluación
13.200000000000001,13.388000000000003,0.1880000000000024,Evaluación
14.0,14.026000000000002,0.026000000000001577,Evaluación
13.8,13.673999999999985,0.12600000000001543,Evaluación
13.600000000000001,13.805999999999997,0.20599999999999596,Evaluación
14.8,14.685999999999984,0.11400000000001675,Evaluación
14.0,14.190733333333338,0.19073333333333764,Evaluación
13.4,13.268000000000006,0.13199999999999434,Evaluación
13.600000000000001,13.521599999999992,0.07840000000000913,Evaluación
13.8,13.625999999999987,0.1740000000000137,Evaluación
13.200000000000001,12.974000000000014,0.22599999999998666,Evaluación
13.200000000000001,13.130000000000013,0.06999999999998785,Evaluación
13.600000000000001,13.706,0.1059999999999981,Evaluación
13.8,13.775999999999978,0.024000000000022226,Evaluación
13.200000000000001,13.152000000000017,0.047999999999984055,Evaluación
12.600000000000001,12.731333333333328,0.13133333333332686,Evaluación
13.200000000000001,13.150000000000016,0.04999999999998472,Evaluación
12.8,12.94999999999999,0.1499999999999897,Evaluación
12.600000000000001,12.273999999999996,0.32600000000000584,Evaluación
13.600000000000001,13.711666666666666,0.11166666666666458,Evaluación
13.0,12.924,0.07600000000000051,Evaluación
13.0,12.932999999999998,0.06700000000000195,Evaluación
12.8,12.737999999999982,0.06200000000001893,Evaluación
12.4,12.700000000000006,0.30000000000000604,Evaluación
13.4,13.317000000000009,0.0829999999999913,Evaluación
14.600000000000001,13.910666666666666,0.6893333333333356,Evaluación
13.8,13.67799999999998,0.1220000000000212,Evaluación
13.0,13.12,0.11999999999999922,Evaluación
13.200000000000001,13.30200000000002,0.10200000000001808,Evaluación
14.600000000000001,14.517999999999983,0.0820000000000185,Evaluación
14.4,14.003999999999998,0.39600000000000257,Evaluación
14.4,14.244000000000012,0.15599999999998815,Evaluación
12.200000000000001,12.174000000000017,0.025999999999983814,Evaluación
13.8,13.681333333333333,0.11866666666666781,Evaluación
13.200000000000001,12.982000000000014,0.21799999999998754,Evaluación
14.8,14.60599999999999,0.1940000000000115,Evaluación
12.8,12.803999999999983,0.003999999999981796,Evaluación
13.200000000000001,13.24200000000002,0.042000000000019355,Evaluación
12.8,12.72599999999999,0.0740000000000105,Evaluación
13.200000000000001,12.986000000000011,0.21399999999998975,Evaluación
14.4,14.294000000000008,0.10599999999999277,Evaluación
14.200000000000001,13.69199999999998,0.5080000000000204,Evaluación
14.0,14.064000000000004,0.06400000000000361,Evaluación
13.4,13.400000000000011,1.0658141036401503e-14,Evaluación
14.200000000000001,14.162000000000019,0.03799999999998249,Evaluación
12.600000000000001,12.555999999999994,0.04400000000000759,Evaluación
12.8,12.873999999999977,0.07399999999997675,Evaluación
12.8,12.814666666666648,0.014666666666647288,Evaluación
13.0,12.981999999999998,0.01800000000000246,Evaluación
13.0,12.968,0.03200000000000003,Evaluación
12.4,12.434666666666669,0.03466666666666818,Evaluación
13.0,12.636666666666661,0.3633333333333386,Evaluación
12.8,12.797999999999984,0.002000000000016655,Evaluación
14.8,14.611999999999982,0.18800000000001837,Evaluación
13.4,13.190000000000003,0.2099999999999973,Evaluación
13.200000000000001,13.43999999999999,0.23999999999998956,Evaluación
14.0,13.836000000000002,0.16399999999999793,Evaluación
13.600000000000001,13.637999999999993,0.037999999999991374,Evaluación
12.8,12.791999999999982,0.008000000000018659,Evaluación
13.0,13.066499999999998,0.06649999999999778,Evaluación
13.600000000000001,13.577999999999996,0.02200000000000557,Evaluación
12.8,13.149999999999991,0.34999999999999076,Evaluación
13.200000000000001,13.194000000000017,0.00599999999998424,Evaluación
13.8,13.776499999999983,0.023500000000018062,Evaluación
13.600000000000001,13.545999999999994,0.054000000000007375,Evaluación
12.600000000000001,12.556,0.04400000000000226,Evaluación
12.8,12.999999999999984,0.1999999999999833,Evaluación
13.4,13.40000000000001,8.881784197001252e-15,Evaluación
13.600000000000001,13.82346666666666,0.22346666666665804,Evaluación
13.200000000000001,13.098000000000013,0.10199999999998788,Evaluación
13.200000000000001,12.942000000000018,0.25799999999998313,Evaluación
13.600000000000001,13.568666666666658,0.031333333333343205,Evaluación
12.8,12.813999999999995,0.013999999999994017,Evaluación
12.600000000000001,12.634,0.03399999999999892,Evaluación
12.4,12.454000000000008,0.054000000000007375,Evaluación
13.200000000000001,13.230000000000008,0.030000000000006466,Evaluación
13.0,13.038,0.038000000000000256,Evaluación
13.200000000000001,13.284000000000006,0.08400000000000496,Evaluación
13.200000000000001,13.174000000000014,0.025999999999987367,Evaluación
13.8,13.709999999999985,0.09000000000001585,Evaluación
13.4,13.400000000000013,1.2434497875801753e-14,Evaluación
15.0,14.821999999999994,0.17800000000000615,Evaluación
14.600000000000001,14.317999999999985,0.282000000000016,Evaluación
13.200000000000001,13.230000000000016,0.030000000000015348,Evaluación
12.200000000000001,12.184000000000012,0.015999999999989356,Evaluación
13.600000000000001,13.417,0.1830000000000016,Evaluación
13.4,13.484000000000007,0.08400000000000674,Evaluación
13.200000000000001,13.712000000000003,0.5120000000000022,Evaluación
13.8,13.929999999999984,0.12999999999998302,Evaluación
13.8,13.699999999999987,0.10000000000001386,Evaluación
13.4,13.57200000000001,0.17200000000000948,Evaluación
13.0,12.503000000000009,0.496999999999991,Evaluación
12.600000000000001,12.540433333333338,0.05956666666666344,Evaluación
12.600000000000001,12.561999999999998,0.03800000000000381,Evaluación
13.200000000000001,13.333333333333348,0.13333333333334707,Evaluación
13.200000000000001,13.274000000000017,0.07400000000001583,Evaluación
13.8,13.590971428571427,0.20902857142857378,Evaluación
14.4,14.364000000000008,0.03599999999999248,Evaluación
14.0,13.998000000000001,0.0019999999999988916,Evaluación
13.600000000000001,13.639999999999995,0.03999999999999382,Evaluación
13.200000000000001,13.142200000000017,0.05779999999998431,Evaluación
13.4,13.458999999999996,0.05899999999999572,Evaluación
13.600000000000001,13.575999999999995,0.02400000000000624,Evaluación
12.4,12.53833333333334,0.13833333333333897,Evaluación
12.8,12.866000000000012,0.06600000000001138,Evaluación
14.200000000000001,14.070000000000014,0.12999999999998657,Evaluación
13.0,12.996000000000004,0.003999999999996007,Evaluación
13.8,13.591999999999986,0.2080000000000144,Evaluación
13.0,13.081999999999995,0.08199999999999541,Evaluación
14.200000000000001,14.194000000000019,0.005999999999982464,Evaluación
13.8,13.963999999999984,0.16399999999998371,Evaluación
13.0,12.9817,0.018299999999999983,Evaluación
13.200000000000001,13.318000000000014,0.11800000000001276,Evaluación
13.600000000000001,13.597999999999997,0.0020000000000042206,Evaluación
14.4,14.126000000000015,0.2739999999999849,Evaluación
14.8,14.617999999999988,0.18200000000001282,Evaluación
12.8,13.014000000000015,0.21400000000001462,Evaluación
12.8,12.789999999999985,0.010000000000015774,Evaluación
12.600000000000001,13.06133333333334,0.46133333333333937,Evaluación
13.200000000000001,13.218000000000016,0.018000000000014893,Evaluación
13.4,13.372000000000003,0.027999999999996916,Evaluación
12.8,12.85199999999998,0.05199999999998006,Evaluación
12.4,12.431999999999995,0.0319999999999947,Evaluación
13.200000000000001,12.912,0.28800000000000026,Evaluación
14.200000000000001,14.270000000000017,0.07000000000001627,Evaluación
12.600000000000001,12.557999999999993,0.0420000000000087,Evaluación
14.4,14.217333333333347,0.18266666666665365,Evaluación
14.200000000000001,14.262000000000016,0.062000000000015376,Evaluación
12.200000000000001,12.226000000000015,0.026000000000014012,Evaluación
14.200000000000001,14.080000000000014,0.11999999999998678,Evaluación
13.8,13.917580952380959,0.11758095238095834,Evaluación
14.8,14.603999999999985,0.19600000000001572,Evaluación
12.200000000000001,12.27800000000002,0.07800000000001894,Evaluación
13.600000000000001,13.669999999999995,0.06999999999999318,Evaluación
13.4,13.378000000000009,0.02199999999999136,Evaluación
14.0,14.012000000000002,0.012000000000002231,Evaluación
13.8,14.24433333333334,0.4443333333333399,Evaluación
14.4,14.206000000000008,0.19399999999999196,Evaluación
13.200000000000001,13.3225,0.12249999999999872,Evaluación
13.4,13.182376190476198,0.21762380952380234,Evaluación
14.0,13.948000000000004,0.05199999999999605,Evaluación
13.600000000000001,13.530999999999992,0.06900000000000972,Evaluación
13.600000000000001,13.482000000000003,0.11799999999999855,Evaluación
13.0,13.11,0.10999999999999943,Evaluación
12.600000000000001,12.681999999999993,0.08199999999999186,Evaluación
12.4,12.488000000000001,0.08800000000000097,Evaluación
13.200000000000001,13.252500000000012,0.05250000000001087,Evaluación
12.4,12.440000000000005,0.040000000000004476,Evaluación
12.200000000000001,12.37800000000001,0.1780000000000097,Evaluación
12.600000000000001,12.801999999999994,0.20199999999999285,Evaluación
13.0,12.887999999999998,0.11200000000000188,Evaluación
12.8,12.642000000000001,0.15799999999999947,Evaluación
14.0,13.77399999999998,0.2260000000000204,Evaluación
12.600000000000001,12.847999999999999,0.24799999999999756,Evaluación
13.8,13.713999999999983,0.08600000000001806,Evaluación
14.0,13.962,0.038000000000000256,Evaluación
12.4,12.284,0.11599999999999966,Evaluación
14.200000000000001,14.047333333333354,0.1526666666666472,Evaluación
13.8,13.749999999999991,0.05000000000000959,Evaluación
13.8,13.851999999999983,0.05199999999998184,Evaluación
13.600000000000001,13.605999999999993,0.005999999999991346,Evaluación
13.0,13.259999999999998,0.259999999999998,Evaluación
13.0,12.963999999999997,0.03600000000000314,Evaluación
13.0,13.178000000000003,0.1780000000000026,Evaluación
14.4,14.310000000000013,0.08999999999998742,Evaluación
12.600000000000001,12.667999999999992,0.06799999999999073,Evaluación
13.600000000000001,13.354,0.24600000000000222,Evaluación
14.4,14.432000000000016,0.032000000000016016,Evaluación
13.200000000000001,13.106000000000012,0.09399999999998876,Evaluación
14.200000000000001,14.083999999999993,0.11600000000000854,Evaluación
13.4,13.318000000000008,0.08199999999999186,Evaluación
12.200000000000001,12.186000000000014,0.013999999999986912,Evaluación
14.0,13.80853333333332,0.19146666666667933,Evaluación
12.8,12.796399999999982,0.0036000000000182553,Evaluación
12.8,12.918199999999988,0.11819999999998743,Evaluación
13.600000000000001,13.721999999999985,0.1219999999999839,Evaluación
14.0,13.849999999999998,0.15000000000000213,Evaluación
13.0,12.855500000000005,0.1444999999999954,Evaluación
13.4,13.43200000000001,0.03200000000000891,Evaluación
13.0,13.530000000000008,0.5300000000000082,Evaluación
13.0,13.129333333333337,0.12933333333333685,Evaluación
13.0,12.736000000000004,0.2639999999999958,Evaluación
13.200000000000001,13.044000000000013,0.15599999999998815,Evaluación
12.4,12.431999999999999,0.03199999999999825,Evaluación
12.600000000000001,13.200000000000003,0.6000000000000014,Evaluación
12.600000000000001,13.480000000000008,0.8800000000000061,Evaluación
14.0,13.720333333333338,0.27966666666666207,Evaluación
13.4,13.48400000000001,0.08400000000001029,Evaluación
13.200000000000001,13.254333333333353,0.054333333333351774,Evaluación
13.200000000000001,13.128000000000016,0.07199999999998496,Evaluación
13.4,13.376000000000008,0.023999999999992028,Evaluación
13.600000000000001,13.679999999999993,0.07999999999999119,Evaluación
13.4,13.64130000000001,0.24130000000000962,Evaluación
13.200000000000001,13.268000000000008,0.06800000000000672,Evaluación
14.200000000000001,13.807999999999995,0.39200000000000657,Evaluación
13.8,13.791999999999987,0.00800000000001333,Evaluación
14.4,14.18400000000001,0.21599999999999042,Evaluación
14.0,14.088,0.08799999999999919,Evaluación
13.600000000000001,13.701999999999988,0.1019999999999861,Evaluación
13.600000000000001,13.683999999999992,0.08399999999999075,Evaluación
13.4,13.433285714285711,0.03328571428571081,Evaluación
12.4,12.650000000000002,0.2500000000000018,Evaluación
13.4,13.514000000000003,0.11400000000000254,Evaluación
13.8,13.757999999999983,0.04200000000001758,Evaluación
12.8,12.723999999999997,0.07600000000000406,Evaluación
13.200000000000001,13.143333333333352,0.05666666666664888,Evaluación
13.8,13.58999999999999,0.2100000000000115,Evaluación
14.0,13.931999999999992,0.0680000000000085,Evaluación
13.8,13.60999999999998,0.19000000000002082,Evaluación
14.4,14.329666666666682,0.07033333333331804,Evaluación
12.200000000000001,12.272000000000016,0.07200000000001516,Evaluación
13.600000000000001,14.226,0.6259999999999994,Evaluación
13.600000000000001,13.653999999999987,0.05399999999998606,Evaluación
13.200000000000001,13.336000000000018,0.136000000000017,Evaluación
13.0,12.896999999999998,0.10300000000000153,Evaluación
13.200000000000001,13.216000000000019,0.016000000000017778,Evaluación
13.4,13.386000000000006,0.013999999999994017,Evaluación
13.600000000000001,13.556899999999999,0.04310000000000258,Evaluación
13.4,13.398000000000001,0.0019999999999988916,Evaluación
12.600000000000001,12.985999999999997,0.3859999999999957,Evaluación
12.8,12.768999999999982,0.031000000000018346,Evaluación
13.200000000000001,13.073999999999998,0.126000000000003,Evaluación
13.8,13.849999999999977,0.04999999999997584,Evaluación
14.0,13.837999999999996,0.16200000000000436,Evaluación
14.4,14.34600000000001,0.05399999999998961,Evaluación
14.200000000000001,13.812999999999999,0.38700000000000223,Evaluación
12.600000000000001,12.505999999999997,0.09400000000000475,Evaluación
13.600000000000001,13.519999999999996,0.0800000000000054,Evaluación
13.4,13.346319047619051,0.053680952380949165,Evaluación
13.8,13.83599999999998,0.03599999999998005,Evaluación
13.0,13.07,0.07000000000000028,Evaluación
13.8,13.701999999999977,0.09800000000002385,Evaluación
14.200000000000001,14.186000000000021,0.013999999999979806,Evaluación
13.4,13.410000000000004,0.01000000000000334,Evaluación
12.8,12.715999999999983,0.0840000000000174,Evaluación
13.600000000000001,13.571999999999987,0.02800000000001468,Evaluación
13.4,13.386000000000006,0.013999999999994017,Evaluación
12.4,12.560000000000002,0.16000000000000192,Evaluación
13.600000000000001,13.577999999999989,0.022000000000012676,Evaluación
14.4,14.422000000000008,0.022000000000007347,Evaluación
12.200000000000001,12.37333333333335,0.17333333333334977,Evaluación
13.4,13.554666666666668,0.1546666666666674,Evaluación
14.0,13.953999999999994,0.04600000000000648,Evaluación
11.8,11.979999999999986,0.1799999999999855,Evaluación
14.0,13.970999999999997,0.029000000000003467,Evaluación
12.0,12.058000000000002,0.058000000000001606,Evaluación
14.8,14.716999999999983,0.08300000000001795,Evaluación
13.600000000000001,14.069,0.4689999999999994,Evaluación
13.4,13.319999999999983,0.08000000000001783,Evaluación
13.4,13.44800000000001,0.048000000000008924,Evaluación
13.200000000000001,13.128000000000016,0.07199999999998496,Evaluación
12.600000000000001,12.809000000000005,0.20900000000000318,Evaluación
12.4,12.400000000000007,7.105427357601002e-15,Evaluación
12.8,12.583999999999987,0.21600000000001351,Evaluación
13.600000000000001,13.457999999999993,0.14200000000000834,Evaluación
13.0,13.366666666666667,0.36666666666666714,Evaluación
14.200000000000001,14.048000000000012,0.1519999999999886,Evaluación
13.600000000000001,13.730399999999992,0.13039999999999097,Evaluación
12.4,12.578000000000005,0.17800000000000438,Evaluación
13.600000000000001,13.595999999999993,0.004000000000008441,Evaluación
13.600000000000001,13.397999999999998,0.2020000000000035,Evaluación
13.4,13.238000000000005,0.16199999999999548,Evaluación
13.4,13.430000000000007,0.030000000000006466,Evaluación
14.0,13.886000000000001,0.11399999999999899,Evaluación
13.8,13.92639999999998,0.12639999999997897,Evaluación
14.0,14.064,0.06400000000000006,Evaluación
13.8,13.85999999999998,0.05999999999997918,Evaluación
14.0,13.782,0.21799999999999997,Evaluación
14.4,14.330000000000014,0.06999999999998607,Evaluación
11.8,11.953999999999986,0.1539999999999857,Evaluación
12.8,12.900599999999987,0.10059999999998581,Evaluación
14.4,13.901999999999994,0.49800000000000644,Evaluación
14.0,13.75533333333334,0.24466666666666015,Evaluación
12.600000000000001,12.828999999999999,0.22899999999999743,Evaluación
13.200000000000001,13.266966666666669,0.06696666666666751,Evaluación
14.4,14.025000000000013,0.37499999999998757,Evaluación
14.200000000000001,14.108000000000015,0.09199999999998631,Evaluación
12.4,12.386000000000003,0.01399999999999757,Evaluación
12.4,12.494000000000005,0.09400000000000475,Evaluación
12.8,12.54600000000001,0.2539999999999907,Evaluación
13.0,12.754000000000003,0.2459999999999969,Evaluación
13.600000000000001,13.535999999999996,0.06400000000000539,Evaluación
13.4,13.038,0.3620000000000001,Evaluación
12.200000000000001,12.286666666666667,0.086666666666666,Evaluación
13.600000000000001,13.674,0.07399999999999807,Evaluación
13.600000000000001,13.710666666666661,0.11066666666665981,Evaluación
12.4,12.462,0.06199999999999939,Evaluación
12.4,12.421333333333338,0.02133333333333809,Evaluación
14.8,14.697999999999986,0.10200000000001452,Evaluación
13.600000000000001,13.726999999999997,0.12699999999999534,Evaluación
13.200000000000001,13.260000000000014,0.06000000000001293,Evaluación
13.4,13.364000000000008,0.03599999999999248,Evaluación
13.0,13.288100000000002,0.2881000000000018,Evaluación
13.200000000000001,13.158000000000014,0.04199999999998738,Evaluación
13.4,13.202000000000004,0.19799999999999685,Evaluación
13.200000000000001,13.192000000000021,0.007999999999979579,Evaluación
13.600000000000001,13.739999999999993,0.1399999999999917,Evaluación
12.600000000000001,12.600000000000007,5.329070518200751e-15,Evaluación
13.0,12.986,0.013999999999999346,Evaluación
12.600000000000001,12.614,0.013999999999999346,Evaluación
11.8,12.035499999999987,0.23549999999998583,Evaluación
14.8,14.869999999999983,0.06999999999998252,Evaluación
12.4,12.521999999999997,0.12199999999999633,Evaluación
11.8,11.901999999999985,0.10199999999998433,Evaluación
14.200000000000001,14.194000000000019,0.005999999999982464,Evaluación
14.600000000000001,14.575999999999988,0.024000000000013344,Evaluación
13.600000000000001,13.697999999999979,0.09799999999997766,Evaluación
13.600000000000001,13.604,0.003999999999997783,Evaluación
13.200000000000001,13.272000000000016,0.07200000000001516,Evaluación
13.8,14.171999999999995,0.37199999999999456,Evaluación
14.0,14.0,0.0,Evaluación
15.0,14.670000000000002,0.3299999999999983,Evaluación
14.200000000000001,14.070000000000018,0.12999999999998302,Evaluación
14.200000000000001,14.130000000000019,0.06999999999998252,Evaluación
13.0,13.286000000000003,0.28600000000000314,Evaluación
13.0,13.102,0.10200000000000031,Evaluación
13.0,12.932,0.06799999999999962,Evaluación
13.4,13.464000000000006,0.06400000000000539,Evaluación
13.4,13.338666666666677,0.061333333333323026,Evaluación
13.4,13.370500000000009,0.029499999999991644,Evaluación
14.200000000000001,14.03800000000001,0.16199999999999193,Evaluación
14.4,14.386000000000013,0.013999999999986912,Evaluación
12.4,12.412000000000004,0.012000000000004007,Evaluación
14.0,13.867999999999997,0.13200000000000323,Evaluación
14.4,14.43,0.02999999999999936,Evaluación
12.8,12.903999999999987,0.10399999999998677,Evaluación
13.200000000000001,13.234000000000014,0.03400000000001313,Evaluación
13.8,13.833999999999982,0.033999999999981156,Evaluación
14.200000000000001,14.188666666666688,0.011333333333313433,Evaluación
13.600000000000001,13.594000000000001,0.006000000000000227,Evaluación
12.600000000000001,12.538,0.062000000000001165,Evaluación
14.200000000000001,14.074000000000012,0.1259999999999888,Evaluación
13.0,13.126000000000007,0.12600000000000655,Evaluación
13.200000000000001,13.350000000000017,0.15000000000001634,Evaluación
13.600000000000001,13.593999999999994,0.006000000000007333,Evaluación
12.200000000000001,12.45333333333335,0.25333333333334807,Evaluación
14.200000000000001,14.138633333333349,0.06136666666665214,Evaluación
14.0,13.987333333333337,0.012666666666662607,Evaluación
13.200000000000001,13.360000000000014,0.16000000000001258,Evaluación
12.200000000000001,12.178000000000008,0.021999999999993136,Evaluación
13.4,13.330000000000005,0.06999999999999496,Evaluación
14.4,13.824666666666653,0.5753333333333472,Evaluación
13.0,12.877999999999995,0.12200000000000522,Evaluación
13.600000000000001,13.481999999999992,0.11800000000000921,Evaluación
14.0,14.141999999999996,0.1419999999999959,Evaluación
12.600000000000001,12.714666666666664,0.11466666666666292,Evaluación
13.8,13.752666666666642,0.04733333333335921,Evaluación
12.4,12.546000000000006,0.14600000000000612,Evaluación
14.200000000000001,13.589799999999999,0.6102000000000025,Evaluación
12.8,13.091999999999999,0.29199999999999804,Evaluación
13.8,13.77866666666667,0.021333333333330984,Evaluación
14.200000000000001,14.066800000000011,0.13319999999998977,Evaluación
12.600000000000001,12.891999999999996,0.2919999999999945,Evaluación
14.4,14.436000000000005,0.03600000000000492,Evaluación
13.200000000000001,13.092000000000015,0.10799999999998633,Evaluación
13.8,13.940366666666664,0.14036666666666342,Evaluación
12.0,12.130666666666668,0.13066666666666826,Evaluación
13.600000000000001,13.625333333333327,0.025333333333325214,Evaluación
13.0,13.06,0.0600000000000005,Evaluación
13.4,13.061499999999997,0.33850000000000335,Evaluación
13.200000000000001,13.663999999999987,0.4639999999999862,Evaluación
13.600000000000001,13.585999999999995,0.014000000000006452,Evaluación
12.600000000000001,12.975999999999997,0.3759999999999959,Evaluación
14.600000000000001,14.156000000000006,0.4439999999999955,Evaluación
13.200000000000001,13.395200000000006,0.19520000000000515,Evaluación
13.4,13.743999999999987,0.343999999999987,Evaluación
13.200000000000001,13.19600000000002,0.003999999999981796,Evaluación
12.0,12.315999999999992,0.31599999999999184,Evaluación
13.4,13.402000000000008,0.0020000000000077733,Evaluación
13.4,13.39000000000001,0.009999999999990905,Evaluación
14.0,13.94066666666666,0.05933333333334012,Evaluación
13.8,13.90959999999999,0.1095999999999897,Evaluación
13.600000000000001,13.593999999999989,0.006000000000012662,Evaluación
13.4,13.010000000000007,0.38999999999999346,Evaluación
12.600000000000001,12.591999999999993,0.008000000000008,Evaluación
14.0,13.768800000000006,0.23119999999999408,Evaluación
14.200000000000001,14.202000000000012,0.002000000000011326,Evaluación
13.4,13.338000000000006,0.06199999999999406,Evaluación
12.8,12.984999999999982,0.18499999999998096,Evaluación
13.200000000000001,13.356000000000016,0.1560000000000148,Evaluación
14.0,13.864999999999995,0.13500000000000512,Evaluación
13.0,12.988000000000001,0.011999999999998678,Evaluación
13.600000000000001,13.659999999999998,0.059999999999996945,Evaluación
13.0,12.950000000000005,0.04999999999999538,Evaluación
13.0,12.994000000000002,0.005999999999998451,Evaluación
13.8,13.757333333333317,0.042666666666683284,Evaluación
12.600000000000001,12.892333333333342,0.29233333333334066,Evaluación
14.0,14.194,0.19400000000000084,Evaluación
12.8,12.690000000000003,0.10999999999999766,Evaluación
12.4,12.386000000000003,0.01399999999999757,Evaluación
13.200000000000001,12.943114285714284,0.25688571428571727,Evaluación
14.600000000000001,14.389999999999988,0.2100000000000133,Evaluación
14.4,14.41080000000001,0.010800000000010357,Evaluación
13.600000000000001,13.776,0.17599999999999838,Evaluación
12.4,12.492000000000003,0.0920000000000023,Evaluación
13.4,13.828000000000007,0.42800000000000615,Evaluación
12.4,12.636,0.23599999999999888,Evaluación
14.4,14.256000000000013,0.1439999999999877,Evaluación
13.4,14.018000000000002,0.6180000000000021,Evaluación
13.600000000000001,13.637333333333322,0.03733333333332034,Evaluación
13.0,12.951999999999998,0.04800000000000182,Evaluación
13.200000000000001,13.123333333333326,0.0766666666666751,Evaluación
13.600000000000001,13.772,0.17199999999999882,Evaluación
13.0,12.931999999999995,0.06800000000000495,Evaluación
13.4,13.334000000000005,0.0659999999999954,Evaluación
13.4,13.344000000000003,0.055999999999997385,Evaluación
13.4,13.277700000000014,0.12229999999998675,Evaluación
13.600000000000001,13.162000000000004,0.43799999999999706,Evaluación
14.4,14.329000000000008,0.07099999999999262,Evaluación
13.0,13.096000000000005,0.09600000000000541,Evaluación
13.0,13.674100000000003,0.6741000000000028,Evaluación
14.0,14.056000000000001,0.05600000000000094,Evaluación
13.4,13.233400000000007,0.16659999999999364,Evaluación
12.600000000000001,12.586000000000007,0.013999999999994017,Evaluación
13.600000000000001,13.651066666666658,0.0510666666666566,Evaluación
13.8,13.517999999999995,0.28200000000000536,Evaluación
13.200000000000001,13.260000000000014,0.06000000000001293,Evaluación
12.8,12.959999999999994,0.15999999999999304,Evaluación
13.8,13.406000000000006,0.3939999999999948,Evaluación
12.4,12.717899999999997,0.3178999999999963,Evaluación
13.0,13.326333333333345,0.3263333333333449,Evaluación
14.0,13.973999999999997,0.026000000000003354,Evaluación
14.4,14.352000000000006,0.047999999999994714,Evaluación
13.200000000000001,13.24600000000002,0.046000000000018915,Evaluación
14.0,13.959999999999997,0.0400000000000027,Evaluación
13.4,13.516000000000009,0.11600000000000854,Evaluación
13.0,12.987999999999998,0.012000000000002231,Evaluación
13.600000000000001,13.555599999999995,0.044400000000006656,Evaluación
12.4,12.314,0.0860000000000003,Evaluación
13.600000000000001,13.657999999999989,0.057999999999987395,Evaluación
13.8,13.783999999999983,0.016000000000017778,Evaluación
13.0,13.295999999999994,0.29599999999999405,Evaluación
12.600000000000001,12.451999999999998,0.14800000000000324,Evaluación
13.600000000000001,13.389999999999997,0.2100000000000044,Evaluación
12.4,12.478000000000002,0.07800000000000118,Evaluación
13.8,13.893999999999991,0.09399999999999054,Evaluación
13.0,12.93633333333333,0.06366666666666987,Evaluación
14.8,14.600999999999983,0.1990000000000176,Evaluación
14.0,13.862,0.1379999999999999,Evaluación
13.0,12.832,0.16799999999999926,Evaluación
14.0,14.085999999999999,0.08599999999999852,Evaluación
11.8,12.291999999999994,0.4919999999999938,Evaluación
12.600000000000001,12.725999999999999,0.12599999999999767,Evaluación
12.8,12.89199999999998,0.09199999999997921,Evaluación
12.600000000000001,12.631999999999994,0.03199999999999292,Evaluación
13.4,13.380000000000004,0.01999999999999602,Evaluación
13.0,13.12616666666667,0.12616666666666987,Evaluación
13.4,13.38733333333334,0.01266666666666083,Evaluación
14.600000000000001,13.839333333333325,0.7606666666666762,Evaluación
12.8,12.727999999999984,0.07200000000001694,Evaluación
13.0,12.953999999999997,0.04600000000000293,Evaluación
14.4,14.324000000000014,0.0759999999999863,Evaluación
14.4,14.202000000000004,0.19799999999999685,Evaluación
13.200000000000001,13.096000000000014,0.10399999999998677,Evaluación
12.4,12.612,0.21199999999999974,Evaluación
13.600000000000001,13.683999999999994,0.08399999999999253,Evaluación
13.4,13.25600000000001,0.14399999999998947,Evaluación
13.8,13.79199999999999,0.008000000000011553,Evaluación
13.4,13.009999999999996,0.3900000000000041,Evaluación
12.600000000000001,12.76,0.15999999999999837,Evaluación
13.0,13.15200000000001,0.1520000000000099,Evaluación
14.200000000000001,13.610000000000003,0.5899999999999981,Evaluación
14.0,14.132000000000003,0.13200000000000323,Evaluación
13.600000000000001,13.256999999999994,0.3430000000000071,Evaluación
13.0,12.977999999999998,0.022000000000002018,Evaluación
13.600000000000001,13.524666666666656,0.07533333333334546,Evaluación
13.8,13.775999999999986,0.02400000000001512,Evaluación
12.4,12.432000000000002,0.032000000000001805,Evaluación
12.4,12.657999999999998,0.25799999999999734,Evaluación
14.4,14.350000000000012,0.049999999999988276,Evaluación
12.8,12.819999999999991,0.019999999999990692,Evaluación
13.200000000000001,13.226000000000015,0.026000000000014012,Evaluación
12.8,12.629333333333324,0.1706666666666763,Evaluación
13.600000000000001,13.360999999999997,0.23900000000000432,Evaluación
13.8,13.989199999999999,0.18919999999999781,Evaluación
14.200000000000001,14.306000000000013,0.1060000000000123,Evaluación
14.200000000000001,14.246000000000016,0.04600000000001536,Evaluación
13.4,13.552000000000003,0.1520000000000028,Evaluación
14.200000000000001,14.06000000000002,0.13999999999998103,Evaluación
12.8,12.785333333333314,0.014666666666686368,Evaluación
12.4,12.074000000000005,0.3259999999999952,Evaluación
14.0,14.017999999999999,0.017999999999998906,Evaluación
12.600000000000001,12.873999999999997,0.2739999999999956,Evaluación
13.200000000000001,13.028000000000013,0.17199999999998816,Evaluación
13.0,13.005999999999995,0.005999999999994898,Evaluación
13.8,13.708052380952383,0.09194761904761783,Evaluación
12.600000000000001,12.570000000000004,0.029999999999997584,Evaluación
12.8,13.092000000000011,0.2920000000000105,Evaluación
13.200000000000001,13.314000000000005,0.11400000000000432,Evaluación
13.200000000000001,13.076133333333345,0.12386666666665569,Evaluación
13.0,13.072000000000005,0.0720000000000045,Evaluación
14.4,14.292000000000014,0.10799999999998633,Evaluación
14.0,14.098999999999997,0.09899999999999665,Evaluación
13.4,13.28800000000001,0.11199999999999122,Evaluación
12.8,12.660666666666652,0.13933333333334907,Evaluación
13.0,13.280000000000019,0.2800000000000189,Evaluación
12.4,12.446000000000002,0.04600000000000115,Evaluación
13.4,13.546000000000001,0.1460000000000008,Evaluación
12.600000000000001,12.684999999999995,0.08499999999999375,Evaluación
14.4,14.384000000000015,0.015999999999985803,Evaluación
13.200000000000001,13.248000000000012,0.0480000000000107,Evaluación
14.0,13.848000000000003,0.15199999999999747,Evaluación
13.200000000000001,13.248000000000005,0.048000000000003595,Evaluación
14.0,13.837999999999996,0.16200000000000436,Evaluación
13.4,13.641999999999998,0.24199999999999733,Evaluación
12.8,12.809999999999986,0.009999999999985576,Evaluación
13.4,13.268000000000004,0.13199999999999612,Evaluación
14.4,14.310500000000006,0.08949999999999392,Evaluación
14.4,14.324000000000012,0.07599999999998808,Evaluación
13.600000000000001,13.283999999999992,0.3160000000000096,Evaluación
12.8,12.661999999999987,0.1380000000000141,Evaluación
13.200000000000001,12.934966666666675,0.2650333333333261,Evaluación
13.600000000000001,13.968,0.36799999999999855,Evaluación
13.200000000000001,13.382000000000021,0.18200000000001992,Evaluación
14.0,14.004999999999995,0.0049999999999954525,Evaluación
14.0,13.862,0.1379999999999999,Evaluación
12.4,12.563999999999997,0.16399999999999615,Evaluación
13.8,13.801999999999987,0.001999999999986457,Evaluación
13.8,13.810733333333319,0.010733333333318384,Evaluación
13.200000000000001,13.186666666666685,0.013333333333315878,Evaluación
13.600000000000001,13.485999999999997,0.11400000000000432,Evaluación
14.200000000000001,14.134000000000015,0.06599999999998651,Evaluación
12.8,12.851999999999984,0.051999999999983615,Evaluación
13.4,13.740666666666655,0.3406666666666549,Evaluación
13.600000000000001,13.378000000000004,0.22199999999999775,Evaluación
13.4,13.767999999999997,0.3679999999999968,Evaluación
13.600000000000001,13.54133333333333,0.058666666666670864,Evaluación
13.8,13.581999999999983,0.21800000000001774,Evaluación
14.200000000000001,14.310000000000016,0.11000000000001542,Evaluación
13.600000000000001,13.512000000000002,0.08799999999999919,Evaluación
13.0,12.823600000000004,0.17639999999999567,Evaluación
12.600000000000001,12.796,0.19599999999999795,Evaluación
13.0,13.701999999999993,0.7019999999999929,Evaluación
14.4,14.255833333333344,0.14416666666665634,Evaluación
13.4,13.55,0.15000000000000036,Evaluación
13.4,13.294000000000006,0.10599999999999454,Evaluación
12.8,12.731999999999982,0.06800000000001916,Evaluación
12.4,12.508000000000003,0.10800000000000232,Evaluación
14.200000000000001,14.220000000000013,0.020000000000012008,Evaluación
14.0,13.941999999999997,0.05800000000000338,Evaluación
12.8,12.891999999999989,0.09199999999998809,Evaluación
13.8,13.669999999999993,0.1300000000000079,Evaluación
14.600000000000001,14.603999999999983,0.003999999999981796,Evaluación
12.8,12.675999999999988,0.12400000000001299,Evaluación
12.8,12.471000000000004,0.3289999999999971,Evaluación
14.0,13.996000000000004,0.003999999999996007,Evaluación
14.0,13.792000000000003,0.20799999999999663,Evaluación
12.8,12.789999999999985,0.010000000000015774,Evaluación
12.8,12.851933333333324,0.05193333333332362,Evaluación
13.200000000000001,13.186000000000014,0.013999999999986912,Evaluación
13.200000000000001,13.264000000000015,0.06400000000001427,Evaluación
14.8,14.344000000000001,0.4559999999999995,Evaluación
13.8,13.73699999999998,0.06300000000002015,Evaluación
13.4,13.338000000000006,0.06199999999999406,Evaluación
14.600000000000001,14.569999999999988,0.03000000000001357,Evaluación
13.200000000000001,13.16400000000001,0.035999999999990706,Evaluación
13.4,13.416000000000002,0.01600000000000179,Evaluación
15.0,14.601999999999991,0.39800000000000857,Evaluación
14.600000000000001,14.44799999999999,0.15200000000001168,Evaluación
13.4,13.641999999999994,0.24199999999999378,Evaluación
13.0,13.020000000000003,0.020000000000003126,Evaluación
14.200000000000001,14.330000000000014,0.13000000000001322,Evaluación
12.600000000000001,12.710333333333331,0.11033333333332962,Evaluación
13.600000000000001,13.515999999999993,0.08400000000000851,Evaluación
14.4,14.55800000000001,0.15800000000001013,Evaluación
13.4,13.402000000000008,0.0020000000000077733,Evaluación
14.200000000000001,13.936400000000003,0.2635999999999985,Evaluación
13.4,13.350000000000012,0.049999999999988276,Evaluación
13.200000000000001,12.763,0.43700000000000117,Evaluación
14.4,14.360000000000012,0.03999999999998849,Evaluación
12.8,12.903999999999986,0.103999999999985,Evaluación
13.600000000000001,13.563999999999995,0.03600000000000669,Evaluación
13.0,13.178000000000004,0.17800000000000438,Evaluación
14.8,14.593999999999983,0.20600000000001728,Evaluación
13.0,12.826000000000004,0.17399999999999594,Evaluación
12.600000000000001,12.538,0.062000000000001165,Evaluación
13.0,12.56484444444445,0.43515555555554997,Evaluación
14.0,13.930000000000012,0.06999999999998785,Evaluación
14.200000000000001,14.428000000000004,0.2280000000000033,Evaluación
13.200000000000001,13.318,0.11799999999999855,Evaluación
13.8,13.643999999999982,0.15600000000001835,Evaluación
13.4,13.400000000000013,1.2434497875801753e-14,Evaluación
12.8,12.79999999999999,1.0658141036401503e-14,Evaluación
13.4,13.315999999999999,0.0840000000000014,Evaluación
13.4,13.298000000000004,0.10199999999999676,Evaluación
14.0,14.057999999999998,0.05799999999999805,Evaluación
14.200000000000001,14.136000000000017,0.06399999999998407,Evaluación
13.600000000000001,13.441999999999993,0.15800000000000836,Evaluación
13.0,12.771999999999997,0.2280000000000033,Evaluación
14.0,14.012000000000002,0.012000000000002231,Evaluación
12.8,12.801999999999985,0.0019999999999846807,Evaluación
13.4,13.37800000000001,0.021999999999989583,Evaluación
12.600000000000001,12.79106666666666,0.19106666666665895,Evaluación
13.0,13.090000000000009,0.09000000000000874,Evaluación
14.0,14.032000000000005,0.03200000000000536,Evaluación
13.4,13.449757142857145,0.04975714285714439,Evaluación
12.0,12.074000000000003,0.0740000000000034,Evaluación
12.8,13.329999999999993,0.5299999999999923,Evaluación
13.0,13.225999999999997,0.22599999999999731,Evaluación
12.8,12.84799999999998,0.047999999999978726,Evaluación
13.4,13.40333333333334,0.0033333333333391835,Evaluación
14.200000000000001,14.06100000000001,0.13899999999999046,Evaluación
13.8,13.794666666666648,0.005333333333352286,Evaluación
14.0,14.075333333333338,0.07533333333333836,Evaluación
13.8,13.75399999999998,0.04600000000002069,Evaluación
13.8,13.145333333333326,0.6546666666666745,Evaluación
12.8,12.837999999999981,0.037999999999980716,Evaluación
12.600000000000001,12.84199999999999,0.24199999999998845,Evaluación
13.4,13.392000000000007,0.00799999999999379,Evaluación
13.200000000000001,13.268000000000015,0.06800000000001383,Evaluación
13.8,13.758999999999979,0.041000000000021686,Evaluación
13.8,13.813999999999995,0.013999999999994017,Evaluación
13.8,13.721999999999982,0.07800000000001894,Evaluación
14.4,14.312000000000014,0.08799999999998676,Evaluación
13.0,13.118,0.11800000000000033,Evaluación
12.600000000000001,12.516000000000002,0.08399999999999963,Evaluación
13.8,13.836666666666646,0.03666666666664575,Evaluación
13.8,13.55599999999999,0.24400000000001043,Evaluación
12.8,12.737999999999989,0.06200000000001182,Evaluación
13.8,13.566000000000004,0.23399999999999643,Evaluación
14.4,14.396000000000013,0.003999999999987125,Evaluación
12.4,12.491999999999994,0.09199999999999342,Evaluación
13.200000000000001,13.298000000000016,0.09800000000001496,Evaluación
13.0,13.132000000000003,0.13200000000000323,Evaluación
13.8,13.779999999999983,0.020000000000017337,Evaluación
13.0,12.916000000000004,0.08399999999999608,Evaluación
13.4,13.257,0.14300000000000068,Evaluación
12.600000000000001,12.606999999999996,0.006999999999994344,Evaluación
13.200000000000001,13.103000000000016,0.09699999999998532,Evaluación
12.200000000000001,12.959733333333334,0.7597333333333331,Evaluación
12.8,12.821999999999987,0.02199999999998603,Evaluación
12.8,12.745999999999981,0.05400000000001981,Evaluación
13.0,13.10600000000001,0.10600000000001053,Evaluación
13.600000000000001,13.49799999999999,0.10200000000001097,Evaluación
13.8,13.905976190476188,0.10597619047618778,Evaluación
14.4,14.358000000000013,0.04199999999998738,Evaluación
12.200000000000001,12.138000000000012,0.06199999999998873,Evaluación
13.200000000000001,13.208000000000016,0.008000000000015106,Evaluación
12.0,12.014000000000001,0.014000000000001123,Evaluación
13.8,14.035999999999992,0.23599999999999177,Evaluación
14.4,14.330000000000007,0.06999999999999318,Evaluación
13.8,13.54000000000001,0.2599999999999909,Evaluación
14.200000000000001,13.97400000000002,0.22599999999998133,Evaluación
12.8,12.853999999999987,0.05399999999998606,Evaluación
14.200000000000001,14.096000000000014,0.10399999999998677,Evaluación
12.8,12.823999999999987,0.0239999999999867,Evaluación
13.4,12.953999999999999,0.4460000000000015,Evaluación
13.4,13.423000000000007,0.023000000000006793,Evaluación
13.200000000000001,13.386000000000017,0.18600000000001593,Evaluación
14.600000000000001,14.581999999999988,0.018000000000013117,Evaluación
14.600000000000001,14.531999999999988,0.06800000000001383,Evaluación
14.0,14.076000000000004,0.07600000000000406,Evaluación
14.0,13.915999999999991,0.08400000000000851,Evaluación
12.4,12.5,0.09999999999999964,Evaluación
13.600000000000001,13.527999999999997,0.0720000000000045,Evaluación
13.0,13.089999999999996,0.0899999999999963,Evaluación
14.600000000000001,14.229999999999988,0.37000000000001343,Evaluación
13.0,12.996000000000004,0.003999999999996007,Evaluación
13.200000000000001,13.231333333333353,0.03133333333335209,Evaluación
12.8,12.869499999999984,0.06949999999998369,Evaluación
12.600000000000001,12.681999999999995,0.08199999999999363,Evaluación
12.4,12.660000000000009,0.26000000000000867,Evaluación
14.0,13.933999999999994,0.06600000000000605,Evaluación
13.0,12.843666666666666,0.15633333333333432,Evaluación
12.8,12.959999999999988,0.1599999999999877,Evaluación
14.0,13.657838095238098,0.3421619047619018,Evaluación
12.4,12.4992,0.09919999999999973,Evaluación
13.4,13.1224,0.2775999999999996,Evaluación
13.200000000000001,13.673999999999996,0.47399999999999487,Evaluación
14.8,14.679999999999982,0.12000000000001876,Evaluación
13.8,13.775999999999986,0.02400000000001512,Evaluación
14.0,13.985,0.015000000000000568,Evaluación
13.600000000000001,13.807999999999998,0.20799999999999663,Evaluación
14.0,13.859999999999998,0.14000000000000234,Evaluación
14.200000000000001,14.172000000000017,0.027999999999984482,Evaluación
14.600000000000001,14.469999999999994,0.1300000000000079,Evaluación
13.8,13.618733333333322,0.18126666666667823,Evaluación
12.200000000000001,12.154000000000014,0.04599999999998694,Evaluación
13.600000000000001,13.831999999999999,0.23199999999999754,Evaluación
13.200000000000001,13.32200000000001,0.12200000000000877,Evaluación
13.4,13.446000000000005,0.046000000000004704,Evaluación
12.8,12.899999999999986,0.09999999999998543,Evaluación
13.4,13.43200000000001,0.03200000000000891,Evaluación
12.200000000000001,12.472000000000016,0.27200000000001445,Evaluación
13.0,12.997666666666667,0.0023333333333326323,Evaluación
12.4,12.358666666666672,0.04133333333332878,Evaluación
13.8,13.967999999999996,0.1679999999999957,Evaluación
12.200000000000001,12.190000000000015,0.009999999999985576,Evaluación
13.8,13.723999999999984,0.0760000000000165,Evaluación
12.8,12.717999999999986,0.08200000000001495,Evaluación
13.0,13.126000000000003,0.126000000000003,Evaluación
12.8,13.017999999999983,0.2179999999999822,Evaluación
13.600000000000001,13.545999999999994,0.054000000000007375,Evaluación
13.4,13.39800000000001,0.0019999999999900098,Evaluación
13.600000000000001,13.52799999999999,0.07200000000001161,Evaluación
12.200000000000001,12.258000000000017,0.05800000000001582,Evaluación
13.8,13.465999999999992,0.3340000000000085,Evaluación
12.8,12.920699999999993,0.12069999999999226,Evaluación
14.8,14.528899999999986,0.2711000000000148,Evaluación
13.200000000000001,13.161000000000016,0.03899999999998549,Evaluación
13.0,12.920699999999993,0.07930000000000703,Evaluación
13.200000000000001,13.32400000000002,0.12400000000001832,Evaluación
13.200000000000001,13.170000000000002,0.02999999999999936,Evaluación
13.0,12.615333333333327,0.38466666666667315,Evaluación
13.4,13.372000000000009,0.027999999999991587,Evaluación
13.0,13.4584,0.45839999999999925,Evaluación
12.600000000000001,12.804999999999998,0.20499999999999652,Evaluación
13.4,13.366000000000007,0.03399999999999359,Evaluación
14.0,14.016000000000004,0.016000000000003567,Evaluación
13.600000000000001,13.61799999999999,0.017999999999988248,Evaluación
13.200000000000001,13.332000000000019,0.13200000000001744,Evaluación
13.4,13.432000000000007,0.032000000000007134,Evaluación
14.4,14.534000000000002,0.13400000000000212,Evaluación
13.600000000000001,13.575619047619035,0.024380952380965937,Evaluación
13.200000000000001,13.73200000000001,0.5320000000000089,Evaluación
12.4,12.516000000000002,0.11600000000000144,Evaluación
13.0,13.152000000000005,0.15200000000000458,Evaluación
13.4,13.466000000000001,0.06600000000000072,Evaluación
12.4,12.4,0.0,Evaluación
13.200000000000001,13.248000000000015,0.048000000000014253,Evaluación
13.4,13.340000000000009,0.059999999999991616,Evaluación
13.600000000000001,13.60999999999999,0.009999999999989129,Evaluación
13.200000000000001,13.254333333333346,0.05433333333334467,Evaluación
13.600000000000001,13.569999999999995,0.030000000000006466,Evaluación
12.4,12.607999999999997,0.20799999999999663,Evaluación
12.8,12.920866666666669,0.12086666666666801,Evaluación
13.600000000000001,13.54,0.060000000000002274,Evaluación
14.200000000000001,14.211999999999998,0.011999999999996902,Evaluación
12.600000000000001,12.762,0.16199999999999903,Evaluación
12.4,12.426000000000009,0.026000000000008683,Evaluación
13.8,13.735999999999985,0.06400000000001604,Evaluación
12.4,12.52866666666667,0.12866666666666937,Evaluación
14.200000000000001,14.183600000000018,0.016399999999983095,Evaluación
13.8,13.693999999999981,0.10600000000001941,Evaluación
13.200000000000001,13.180000000000014,0.01999999999998714,Evaluación
12.8,13.211999999999982,0.41199999999998127,Evaluación
13.0,13.039999999999997,0.03999999999999737,Evaluación
13.600000000000001,13.449999999999996,0.15000000000000568,Evaluación
13.600000000000001,13.687999999999981,0.08799999999997965,Evaluación
14.200000000000001,14.284000000000015,0.08400000000001384,Evaluación
13.200000000000001,13.903999999999998,0.7039999999999971,Evaluación
13.0,12.936,0.06400000000000006,Evaluación
13.600000000000001,13.376000000000003,0.22399999999999842,Evaluación
14.4,14.132,0.2680000000000007,Evaluación
15.0,14.855999999999995,0.14400000000000546,Evaluación
13.4,13.223000000000004,0.17699999999999605,Evaluación
13.4,13.338000000000005,0.061999999999995836,Evaluación
14.0,14.015566666666661,0.015566666666661177,Evaluación
12.8,12.743999999999986,0.05600000000001515,Evaluación
13.0,12.937999999999997,0.06200000000000294,Evaluación
13.600000000000001,13.607999999999993,0.007999999999992013,Evaluación
13.4,13.486,0.0860000000000003,Evaluación
13.200000000000001,13.294000000000015,0.09400000000001363,Evaluación
13.8,13.699999999999989,0.10000000000001208,Evaluación
12.8,13.024999999999988,0.2249999999999872,Evaluación
13.600000000000001,13.661999999999992,0.06199999999999051,Evaluación
13.600000000000001,13.60999999999999,0.009999999999989129,Evaluación
13.0,13.138000000000002,0.13800000000000168,Evaluación
13.0,13.32,0.3200000000000003,Evaluación
13.0,13.275999999999996,0.27599999999999625,Evaluación
13.4,13.42600000000001,0.02600000000001046,Evaluación
12.600000000000001,12.601499999999996,0.0014999999999947278,Evaluación
12.4,12.604000000000008,0.20400000000000773,Evaluación
14.600000000000001,14.485999999999988,0.1140000000000132,Evaluación
14.4,14.322000000000012,0.07799999999998875,Evaluación
14.200000000000001,14.287999999999986,0.08799999999998498,Evaluación
13.4,13.240666666666659,0.15933333333334154,Evaluación
13.200000000000001,13.354000000000017,0.1540000000000159,Evaluación
13.600000000000001,13.509999999999993,0.09000000000000874,Evaluación
14.0,14.087999999999996,0.08799999999999564,Evaluación
13.200000000000001,13.138000000000016,0.06199999999998518,Evaluación
14.200000000000001,14.250000000000014,0.050000000000013145,Evaluación
12.8,12.717766666666659,0.08223333333334182,Evaluación
13.0,13.071799999999996,0.07179999999999609,Evaluación
14.0,14.169999999999998,0.16999999999999815,Evaluación
14.0,13.833999999999998,0.16600000000000215,Evaluación
14.200000000000001,14.233666666666679,0.033666666666677614,Evaluación
14.0,14.022,0.02200000000000024,Evaluación
12.4,12.51200000000001,0.11200000000000898,Evaluación
14.4,14.32800000000001,0.0719999999999903,Evaluación
12.4,12.591999999999999,0.1919999999999984,Evaluación
13.4,13.506000000000007,0.10600000000000698,Evaluación
13.8,13.877999999999977,0.07799999999997631,Evaluación
12.0,12.634,0.6340000000000003,Evaluación
14.4,14.270000000000012,0.12999999999998835,Evaluación
13.200000000000001,13.48133333333335,0.28133333333334853,Evaluación
13.200000000000001,13.432000000000002,0.2320000000000011,Evaluación
13.8,13.807999999999984,0.007999999999983132,Evaluación
14.0,14.131999999999998,0.1319999999999979,Evaluación
14.0,13.941999999999997,0.05800000000000338,Evaluación
14.0,14.063733333333337,0.06373333333333697,Evaluación
13.4,13.436000000000009,0.03600000000000847,Evaluación
13.4,13.39866666666667,0.0013333333333296338,Evaluación
11.8,12.071999999999985,0.27199999999998425,Evaluación
13.4,13.35600000000001,0.043999999999989825,Evaluación
13.0,12.913199999999994,0.08680000000000554,Evaluación
13.600000000000001,13.405999999999992,0.19400000000000972,Evaluación
14.200000000000001,13.714000000000004,0.4859999999999971,Evaluación
12.200000000000001,12.182000000000018,0.01799999999998292,Evaluación
12.600000000000001,12.468000000000002,0.13199999999999967,Evaluación
13.4,13.524000000000015,0.12400000000001477,Evaluación
13.8,13.796199999999983,0.003800000000017789,Evaluación
14.0,14.067999999999998,0.06799999999999784,Evaluación
13.8,13.907999999999982,0.107999999999981,Evaluación
13.200000000000001,13.294000000000015,0.09400000000001363,Evaluación
14.0,14.017999999999997,0.01799999999999713,Evaluación
13.4,13.304,0.09600000000000009,Evaluación
12.200000000000001,12.466000000000001,0.266,Evaluación
14.8,14.631999999999987,0.16800000000001347,Evaluación
14.0,14.036,0.03599999999999959,Evaluación
13.200000000000001,13.04700000000001,0.1529999999999916,Evaluación
14.600000000000001,14.420000000000014,0.17999999999998728,Evaluación
12.4,12.398,0.002000000000000668,Evaluación
13.0,13.0146,0.014599999999999724,Evaluación
12.4,12.564000000000004,0.16400000000000325,Evaluación
12.8,12.823999999999982,0.02399999999998137,Evaluación
12.600000000000001,12.762599999999996,0.16259999999999408,Evaluación
13.8,13.505999999999995,0.2940000000000058,Evaluación
12.600000000000001,12.629999999999988,0.029999999999986926,Evaluación
13.4,13.454800000000008,0.05480000000000729,Evaluación
13.0,13.042999999999997,0.042999999999997485,Evaluación
14.200000000000001,14.675999999999993,0.475999999999992,Evaluación
14.200000000000001,13.984000000000012,0.21599999999998865,Evaluación
13.8,13.937399999999993,0.13739999999999242,Evaluación
14.200000000000001,14.100000000000017,0.09999999999998366,Evaluación
13.600000000000001,13.859999999999987,0.2599999999999856,Evaluación
14.0,13.936000000000002,0.06399999999999828,Evaluación
14.200000000000001,14.207333333333349,0.007333333333347625,Evaluación
13.600000000000001,13.482000000000001,0.11800000000000033,Evaluación
13.8,13.81199999999999,0.011999999999989797,Evaluación
14.200000000000001,13.974000000000022,0.22599999999997955,Evaluación
12.600000000000001,12.740999999999996,0.14099999999999469,Evaluación
13.200000000000001,13.17200000000002,0.02799999999998093,Evaluación
14.200000000000001,14.116666666666685,0.08333333333331616,Evaluación
11.8,11.985999999999988,0.1859999999999875,Evaluación
13.4,13.442333333333343,0.04233333333334244,Evaluación
13.200000000000001,13.456000000000003,0.256000000000002,Evaluación
14.4,14.268000000000018,0.1319999999999819,Evaluación
14.0,14.078000000000001,0.07800000000000118,Evaluación
13.600000000000001,13.505999999999995,0.09400000000000652,Evaluación
12.600000000000001,12.783999999999992,0.1839999999999904,Evaluación
13.8,13.673999999999984,0.1260000000000172,Evaluación
13.4,13.527000000000001,0.12700000000000067,Evaluación
15.0,14.520000000000003,0.4799999999999969,Evaluación
13.4,13.680000000000014,0.28000000000001357,Evaluación
14.8,14.655999999999985,0.14400000000001612,Evaluación
13.200000000000001,13.13200000000001,0.06799999999999073,Evaluación
13.0,13.153999999999998,0.15399999999999814,Evaluación
12.0,12.249999999999998,0.24999999999999822,Evaluación
12.600000000000001,13.258666666666663,0.6586666666666616,Evaluación
13.8,13.587999999999976,0.2120000000000246,Evaluación
12.8,12.71849999999999,0.08150000000001079,Evaluación
13.600000000000001,13.956000000000001,0.35599999999999987,Evaluación
12.600000000000001,12.597999999999999,0.0020000000000024443,Evaluación
13.0,13.002,0.002000000000000668,Evaluación
13.0,12.869999999999996,0.13000000000000433,Evaluación
12.200000000000001,12.882000000000007,0.6820000000000057,Evaluación
13.200000000000001,13.200000000000019,1.7763568394002505e-14,Evaluación
13.4,13.294000000000008,0.10599999999999277,Evaluación
13.200000000000001,13.138000000000018,0.0619999999999834,Evaluación
13.8,13.305999999999985,0.49400000000001576,Evaluación
13.0,13.127999999999995,0.12799999999999478,Evaluación
13.0,12.982333333333333,0.01766666666666694,Evaluación
13.200000000000001,13.438000000000018,0.2380000000000173,Evaluación
12.8,13.060999999999986,0.260999999999985,Evaluación
13.4,13.526000000000009,0.12600000000000833,Evaluación
13.4,13.260999999999997,0.1390000000000029,Evaluación
13.600000000000001,13.627999999999997,0.02799999999999514,Evaluación
14.200000000000001,13.982000000000019,0.2179999999999822,Evaluación
12.8,12.937999999999994,0.1379999999999928,Evaluación
13.4,13.416000000000004,0.016000000000003567,Evaluación
13.600000000000001,13.772799999999997,0.17279999999999518,Evaluación
13.4,13.652000000000001,0.25200000000000067,Evaluación
14.0,13.927999999999999,0.07200000000000095,Evaluación
12.8,12.83999999999998,0.03999999999997961,Evaluación
12.600000000000001,13.212000000000023,0.6120000000000214,Evaluación
14.200000000000001,13.759999999999986,0.4400000000000155,Evaluación
12.8,12.977999999999993,0.17799999999999194,Evaluación
14.0,13.946666666666664,0.05333333333333634,Evaluación
14.0,13.907999999999994,0.09200000000000585,Evaluación
13.4,13.508000000000006,0.10800000000000587,Evaluación
12.4,12.513999999999996,0.11399999999999544,Evaluación
13.8,13.879999999999987,0.07999999999998586,Evaluación
13.8,13.765999999999988,0.03400000000001313,Evaluación
12.4,12.543000000000001,0.14300000000000068,Evaluación
14.0,14.156166666666673,0.15616666666667278,Evaluación
13.200000000000001,13.114000000000017,0.08599999999998431,Evaluación
13.8,13.735999999999985,0.06400000000001604,Evaluación
13.0,12.979999999999997,0.020000000000003126,Evaluación
13.200000000000001,13.627000000000002,0.4270000000000014,Evaluación
13.8,13.110000000000003,0.6899999999999977,Evaluación
13.200000000000001,13.218,0.017999999999998906,Evaluación
13.0,13.122400000000003,0.1224000000000025,Evaluación
13.200000000000001,12.782,0.41800000000000104,Evaluación
12.600000000000001,12.757999999999996,0.15799999999999415,Evaluación
14.4,14.302000000000007,0.09799999999999365,Evaluación
12.4,12.278000000000006,0.12199999999999456,Evaluación
12.8,12.807999999999979,0.007999999999977803,Evaluación
12.200000000000001,12.390000000000013,0.19000000000001194,Evaluación
14.0,13.79,0.21000000000000085,Evaluación
13.4,13.552000000000007,0.15200000000000635,Evaluación
13.200000000000001,13.488000000000005,0.2880000000000038,Evaluación
13.600000000000001,13.899999999999993,0.29999999999999183,Evaluación
13.4,13.378000000000009,0.02199999999999136,Evaluación
13.0,12.998000000000001,0.0019999999999988916,Evaluación
14.0,14.05600000000001,0.05600000000000982,Evaluación
13.8,13.911999999999988,0.11199999999998766,Evaluación
13.600000000000001,13.44599999999999,0.15400000000001057,Evaluación
12.200000000000001,12.364000000000017,0.1640000000000157,Evaluación
13.0,12.945999999999994,0.0540000000000056,Evaluación
14.200000000000001,13.798333333333323,0.40166666666667794,Evaluación
13.200000000000001,13.14800000000001,0.05199999999999072,Evaluación
12.4,12.502000000000008,0.10200000000000742,Evaluación
12.200000000000001,12.322000000000019,0.12200000000001765,Evaluación
13.4,13.354000000000006,0.045999999999994046,Evaluación
13.200000000000001,13.3079,0.107899999999999,Evaluación
14.200000000000001,14.378000000000016,0.17800000000001504,Evaluación
12.4,12.532,0.13199999999999967,Evaluación
13.4,13.511999999999999,0.11199999999999832,Evaluación
12.8,12.944,0.14400000000000013,Evaluación
13.600000000000001,13.455999999999994,0.14400000000000723,Evaluación
13.4,13.239999999999998,0.16000000000000192,Evaluación
12.600000000000001,12.691999999999993,0.09199999999999164,Evaluación
14.0,13.886,0.11400000000000077,Evaluación
13.4,13.813999999999998,0.4139999999999979,Evaluación
14.200000000000001,14.300800000000013,0.10080000000001199,Evaluación
12.4,12.336000000000015,0.06399999999998585,Evaluación
15.0,14.522000000000002,0.477999999999998,Evaluación
14.4,14.44400000000001,0.044000000000009365,Evaluación
14.600000000000001,14.359999999999989,0.24000000000001265,Evaluación
12.8,12.98599999999999,0.18599999999998929,Evaluación
13.200000000000001,13.21200000000001,0.012000000000009337,Evaluación
13.8,13.75399999999998,0.04600000000002069,Evaluación
14.0,14.305499999999997,0.3054999999999968,Evaluación
14.0,13.912,0.08799999999999919,Evaluación
14.200000000000001,14.259333333333348,0.05933333333334723,Evaluación
12.8,12.908333333333317,0.10833333333331652,Evaluación
14.200000000000001,13.858000000000013,0.3419999999999881,Evaluación
12.600000000000001,12.637999999999998,0.0379999999999967,Evaluación
13.600000000000001,13.401999999999992,0.19800000000000928,Evaluación
14.200000000000001,14.244000000000026,0.04400000000002535,Evaluación
13.0,12.903999999999996,0.09600000000000364,Evaluación
13.200000000000001,13.118000000000016,0.08199999999998475,Evaluación
14.4,14.352000000000011,0.047999999999989384,Evaluación
13.0,12.892000000000005,0.10799999999999521,Evaluación
12.0,12.213999999999997,0.21399999999999686,Evaluación
13.4,13.400000000000011,1.0658141036401503e-14,Evaluación
13.0,13.094666666666669,0.09466666666666868,Evaluación
12.8,13.284000000000006,0.4840000000000053,Evaluación
14.4,14.392000000000019,0.007999999999981355,Evaluación
12.4,12.440000000000007,0.04000000000000625,Evaluación
13.4,13.582,0.18200000000000038,Evaluación
13.4,13.440000000000007,0.04000000000000625,Evaluación
13.8,13.667999999999981,0.1320000000000192,Evaluación
13.0,12.968000000000007,0.03199999999999292,Evaluación
12.4,12.492000000000003,0.0920000000000023,Evaluación
13.8,13.729999999999983,0.07000000000001805,Evaluación
14.4,13.721999999999985,0.678000000000015,Evaluación
12.600000000000001,12.949999999999998,0.3499999999999961,Evaluación
12.8,13.021999999999997,0.22199999999999598,Evaluación
13.4,13.638000000000009,0.23800000000000843,Evaluación
14.0,13.899999999999999,0.10000000000000142,Evaluación
12.8,12.859999999999987,0.059999999999986287,Evaluación
13.8,13.771999999999982,0.028000000000018233,Evaluación
14.4,14.299000000000001,0.10099999999999909,Evaluación
13.8,13.587999999999983,0.2120000000000175,Evaluación
15.0,14.943999999999994,0.05600000000000627,Evaluación
13.4,13.459000000000009,0.05900000000000816,Evaluación
13.4,13.414000000000005,0.014000000000004675,Evaluación
13.200000000000001,13.262000000000018,0.06200000000001715,Evaluación
12.8,12.98905238095238,0.1890523809523792,Evaluación
13.600000000000001,13.833999999999987,0.23399999999998577,Evaluación
13.200000000000001,12.909999999999995,0.29000000000000625,Evaluación
13.8,13.751999999999985,0.04800000000001603,Evaluación
13.0,12.848000000000004,0.1519999999999957,Evaluación
14.0,13.924000000000001,0.07599999999999874,Evaluación
13.8,13.749999999999982,0.050000000000018474,Evaluación
14.0,13.9,0.09999999999999964,Evaluación
12.600000000000001,12.416000000000004,0.1839999999999975,Evaluación
13.200000000000001,13.112000000000016,0.08799999999998498,Evaluación
12.8,12.666999999999998,0.13300000000000267,Evaluación
13.0,12.974,0.0259999999999998,Evaluación
12.8,12.738000000000005,0.061999999999995836,Evaluación
12.4,12.56466666666666,0.16466666666666008,Evaluación
14.200000000000001,14.203666666666685,0.0036666666666835823,Evaluación
12.8,12.837999999999989,0.03799999999998782,Evaluación
14.4,14.184666666666672,0.21533333333332827,Evaluación
12.8,12.93599999999999,0.13599999999998857,Evaluación
14.200000000000001,13.992000000000017,0.2079999999999842,Evaluación
13.600000000000001,13.434000000000005,0.16599999999999682,Evaluación
13.600000000000001,13.42,0.1800000000000015,Evaluación
13.600000000000001,13.661999999999994,0.061999999999992284,Evaluación
13.8,13.82999999999999,0.029999999999988702,Evaluación
13.4,13.456000000000001,0.05600000000000094,Evaluación
13.200000000000001,13.076000000000013,0.12399999999998812,Evaluación
13.0,13.000000000000002,1.7763568394002505e-15,Evaluación
12.600000000000001,13.016000000000012,0.416000000000011,Evaluación
12.4,12.508000000000004,0.10800000000000409,Evaluación
13.4,13.344000000000012,0.0559999999999885,Evaluación
13.0,12.887999999999995,0.11200000000000543,Evaluación
13.200000000000001,13.088000000000013,0.11199999999998766,Evaluación
13.200000000000001,13.278000000000018,0.07800000000001717,Evaluación
12.8,13.036000000000008,0.23600000000000776,Evaluación
13.4,13.216000000000003,0.1839999999999975,Evaluación
13.4,13.492000000000004,0.09200000000000408,Evaluación
12.200000000000001,12.420000000000009,0.22000000000000774,Evaluación
13.200000000000001,13.198000000000015,0.001999999999986457,Evaluación
13.200000000000001,13.102000000000011,0.0979999999999901,Evaluación
13.4,13.540000000000006,0.1400000000000059,Evaluación
12.8,12.837999999999976,0.03799999999997539,Evaluación
12.8,12.961999999999984,0.16199999999998305,Evaluación
13.4,13.368000000000004,0.031999999999996476,Evaluación
13.600000000000001,13.802666666666667,0.20266666666666566,Evaluación
12.8,12.747999999999992,0.052000000000008484,Evaluación
12.600000000000001,12.725333333333337,0.12533333333333552,Evaluación
13.600000000000001,13.40799999999999,0.19200000000001083,Evaluación
12.8,13.04999999999999,0.24999999999998934,Evaluación
14.0,14.179999999999998,0.17999999999999794,Evaluación
11.8,11.991333333333321,0.19133333333332025,Evaluación
14.200000000000001,14.114000000000017,0.08599999999998431,Evaluación
13.4,13.548000000000004,0.14800000000000324,Evaluación
14.600000000000001,14.383999999999991,0.21600000000000996,Evaluación
13.200000000000001,13.292000000000016,0.09200000000001474,Evaluación
14.600000000000001,14.433299999999997,0.16670000000000407,Evaluación
12.4,12.348000000000003,0.051999999999997826,Evaluación
13.8,13.703999999999978,0.09600000000002318,Evaluación
13.200000000000001,13.081000000000012,0.11899999999998911,Evaluación
13.600000000000001,13.785999999999994,0.18599999999999284,Evaluación
13.0,12.754000000000001,0.24599999999999866,Evaluación
13.4,13.436000000000005,0.03600000000000492,Evaluación
12.8,12.763999999999985,0.036000000000015575,Evaluación
13.4,13.38250000000001,0.01749999999999119,Evaluación
13.200000000000001,13.324000000000012,0.12400000000001121,Evaluación
13.600000000000001,13.397999999999994,0.20200000000000706,Evaluación
13.600000000000001,13.573999999999991,0.02600000000001046,Evaluación
12.8,13.009999999999984,0.2099999999999831,Evaluación
12.600000000000001,12.386,0.2140000000000022,Evaluación
14.4,14.106000000000003,0.29399999999999693,Evaluación
15.0,14.931999999999999,0.06800000000000139,Evaluación
14.200000000000001,14.16200000000002,0.037999999999980716,Evaluación
14.200000000000001,14.20000000000002,1.9539925233402755e-14,Evaluación
13.200000000000001,13.178000000000015,0.02199999999998603,Evaluación
14.200000000000001,14.18399999999999,0.016000000000010672,Evaluación
12.200000000000001,12.14600000000001,0.05399999999999139,Evaluación
13.0,12.717899999999997,0.28210000000000335,Evaluación
12.4,12.372000000000005,0.02799999999999514,Evaluación
13.8,13.825999999999999,0.025999999999998025,Evaluación
13.0,12.895499999999995,0.10450000000000514,Evaluación
13.8,13.657999999999989,0.1420000000000119,Evaluación
13.600000000000001,13.517999999999997,0.08200000000000429,Evaluación
14.4,14.368000000000011,0.03199999999998937,Evaluación
13.600000000000001,13.623999999999993,0.023999999999992028,Evaluación
13.4,13.430000000000007,0.030000000000006466,Evaluación
12.200000000000001,12.304000000000014,0.10400000000001342,Evaluación
12.8,12.946766666666658,0.14676666666665739,Evaluación
14.8,14.76599999999998,0.034000000000020236,Evaluación
12.8,13.031999999999991,0.23199999999999044,Evaluación
12.8,12.348400000000016,0.4515999999999849,Evaluación
12.200000000000001,12.244000000000012,0.04400000000001114,Evaluación
14.4,14.415999999999991,0.015999999999991132,Evaluación
13.600000000000001,13.623999999999993,0.023999999999992028,Evaluación
13.8,13.935999999999986,0.13599999999998502,Evaluación
14.8,14.701999999999982,0.09800000000001852,Evaluación
14.0,14.025999999999996,0.02599999999999625,Evaluación
13.8,13.703999999999983,0.09600000000001785,Evaluación
12.8,12.873999999999983,0.07399999999998208,Evaluación
14.200000000000001,13.703999999999997,0.496000000000004,Evaluación
13.0,12.937999999999997,0.06200000000000294,Evaluación
14.200000000000001,14.134000000000015,0.06599999999998651,Evaluación
14.200000000000001,14.05100000000002,0.14899999999998137,Evaluación
13.200000000000001,12.97400000000002,0.22599999999998133,Evaluación
12.8,12.844000000000001,0.04400000000000048,Evaluación
14.0,14.044,0.04400000000000048,Evaluación
12.200000000000001,12.34200000000001,0.14200000000000834,Evaluación
14.200000000000001,14.322000000000013,0.12200000000001232,Evaluación
13.0,13.056,0.05599999999999916,Evaluación
11.8,12.029999999999989,0.229999999999988,Evaluación
12.600000000000001,12.660666666666662,0.06066666666666087,Evaluación
12.8,12.807999999999986,0.007999999999984908,Evaluación
12.600000000000001,12.655466666666662,0.05546666666666056,Evaluación
14.0,14.017999999999995,0.017999999999995353,Evaluación
14.0,13.921999999999995,0.07800000000000473,Evaluación
14.4,14.347999999999999,0.05200000000000138,Evaluación
13.0,13.050000000000002,0.05000000000000249,Evaluación
14.200000000000001,14.048500000000015,0.1514999999999862,Evaluación
14.0,13.466000000000006,0.5339999999999936,Evaluación
13.200000000000001,13.174000000000019,0.025999999999982037,Evaluación
12.8,12.967999999999986,0.16799999999998505,Evaluación
12.8,13.00599999999998,0.20599999999997998,Evaluación
11.8,11.93999999999999,0.1399999999999899,Evaluación
13.0,12.71,0.28999999999999915,Evaluación
13.200000000000001,13.07400000000002,0.12599999999998168,Evaluación
13.4,13.121999999999998,0.27800000000000225,Evaluación
12.4,12.546000000000001,0.1460000000000008,Evaluación
13.0,13.015999999999998,0.015999999999998238,Evaluación
14.600000000000001,14.471999999999987,0.12800000000001432,Evaluación
14.0,13.87053333333333,0.12946666666666928,Evaluación
13.200000000000001,12.956819047619042,0.24318095238095871,Evaluación
13.0,12.960000000000003,0.03999999999999737,Evaluación
12.8,12.789999999999981,0.010000000000019327,Evaluación
14.0,13.662000000000011,0.33799999999998853,Evaluación
14.200000000000001,14.037857142857144,0.16214285714285737,Evaluación
13.600000000000001,13.807999999999995,0.20799999999999308,Evaluación
12.8,12.793999999999988,0.006000000000012662,Evaluación
13.4,13.414000000000001,0.014000000000001123,Evaluación
13.0,12.703999999999999,0.29600000000000115,Evaluación
12.4,12.205999999999996,0.1940000000000044,Evaluación
13.600000000000001,13.52700000000001,0.07299999999999152,Evaluación
13.200000000000001,13.164000000000017,0.0359999999999836,Evaluación
13.8,13.949999999999983,0.1499999999999826,Evaluación
13.600000000000001,13.553999999999991,0.04600000000001003,Evaluación
14.200000000000001,14.222000000000016,0.022000000000014452,Evaluación
13.600000000000001,13.589999999999993,0.010000000000008669,Evaluación
12.8,12.97799999999999,0.17799999999999017,Evaluación
13.200000000000001,13.384000000000013,0.1840000000000117,Evaluación
14.0,13.971999999999996,0.02800000000000402,Evaluación
12.0,12.324000000000002,0.3240000000000016,Evaluación
13.8,13.71199999999999,0.08800000000000985,Evaluación
13.0,12.53,0.47000000000000064,Evaluación
12.8,12.737999999999992,0.06200000000000827,Evaluación
14.200000000000001,14.16900000000001,0.0309999999999917,Evaluación
13.200000000000001,13.247999999999998,0.04799999999999649,Evaluación
13.200000000000001,13.234000000000021,0.034000000000020236,Evaluación
13.600000000000001,13.835999999999995,0.23599999999999355,Evaluación
12.600000000000001,12.699999999999996,0.09999999999999432,Evaluación
13.200000000000001,13.21800000000002,0.018000000000018446,Evaluación
12.200000000000001,12.442000000000021,0.24200000000002042,Evaluación
14.0,13.736000000000006,0.263999999999994,Evaluación
13.600000000000001,13.450000000000003,0.14999999999999858,Evaluación
13.0,12.892000000000001,0.10799999999999876,Evaluación
13.8,13.809999999999985,0.0099999999999838,Evaluación
13.4,13.330000000000009,0.0699999999999914,Evaluación
12.4,12.494000000000003,0.09400000000000297,Evaluación
12.200000000000001,12.799666666666676,0.5996666666666748,Evaluación
14.0,13.679999999999998,0.32000000000000206,Evaluación
13.0,12.864,0.13599999999999923,Evaluación
13.0,13.063333333333334,0.06333333333333435,Evaluación
13.200000000000001,13.162000000000017,0.03799999999998427,Evaluación
13.200000000000001,13.336000000000013,0.13600000000001167,Evaluación
13.8,13.909999999999982,0.10999999999998167,Evaluación
14.0,13.998,0.002000000000000668,Evaluación
12.600000000000001,12.721999999999998,0.12199999999999633,Evaluación
12.8,12.909999999999986,0.10999999999998522,Evaluación
13.0,13.132,0.13199999999999967,Evaluación
14.200000000000001,14.168666666666674,0.03133333333332722,Evaluación
12.200000000000001,12.21200000000002,0.012000000000018218,Evaluación
13.8,13.837999999999976,0.03799999999997539,Evaluación
13.200000000000001,13.278000000000015,0.07800000000001361,Evaluación
14.4,14.23400000000001,0.1659999999999897,Evaluación
12.0,11.969999999999986,0.03000000000001357,Evaluación
12.4,12.548000000000004,0.14800000000000324,Evaluación
13.200000000000001,13.15200000000002,0.0479999999999805,Evaluación
13.8,13.561999999999996,0.23800000000000487,Evaluación
13.8,13.83799999999998,0.03799999999997894,Evaluación
14.200000000000001,13.88327142857143,0.31672857142857147,Evaluación
14.4,14.099199999999996,0.3008000000000042,Evaluación
13.200000000000001,13.296000000000008,0.09600000000000719,Evaluación
13.200000000000001,13.11,0.09000000000000163,Evaluación
14.0,13.615999999999994,0.38400000000000567,Evaluación
13.4,13.376000000000008,0.023999999999992028,Evaluación
13.0,12.988,0.012000000000000455,Evaluación
12.600000000000001,12.791999999999994,0.19199999999999307,Evaluación
13.600000000000001,13.375999999999994,0.2240000000000073,Evaluación
12.600000000000001,12.934966666666675,0.3349666666666735,Evaluación
12.600000000000001,12.667999999999997,0.06799999999999606,Evaluación
13.600000000000001,13.465999999999994,0.13400000000000745,Evaluación
12.0,12.132000000000003,0.13200000000000323,Evaluación
13.4,13.415000000000004,0.015000000000004121,Evaluación
13.0,13.016000000000002,0.01600000000000179,Evaluación
13.600000000000001,13.697999999999997,0.09799999999999542,Evaluación
12.4,12.636666666666661,0.23666666666666103,Evaluación
13.0,13.012,0.012000000000000455,Evaluación
13.200000000000001,13.24200000000002,0.042000000000019355,Evaluación
13.4,13.162000000000003,0.23799999999999777,Evaluación
12.0,12.318999999999999,0.31899999999999906,Evaluación
14.8,14.484000000000002,0.31599999999999895,Evaluación
12.4,12.637999999999993,0.23799999999999244,Evaluación
12.200000000000001,12.130666666666668,0.0693333333333328,Evaluación
12.600000000000001,12.548000000000002,0.0519999999999996,Evaluación
13.200000000000001,13.716,0.5159999999999982,Evaluación
13.0,12.947999999999995,0.05200000000000493,Evaluación
14.4,14.410000000000007,0.010000000000006892,Evaluación
14.0,14.309999999999993,0.3099999999999934,Evaluación
14.200000000000001,14.09400000000001,0.10599999999999099,Evaluación
12.8,12.791999999999982,0.008000000000018659,Evaluación
14.0,13.912000000000003,0.08799999999999741,Evaluación
13.600000000000001,13.558000000000007,0.041999999999994486,Evaluación
12.200000000000001,12.378000000000007,0.17800000000000615,Evaluación
13.600000000000001,13.390999999999993,0.2090000000000085,Evaluación
12.8,12.851999999999984,0.051999999999983615,Evaluación
12.8,12.844666666666672,0.04466666666667152,Evaluación
14.200000000000001,13.532000000000012,0.6679999999999886,Evaluación
14.4,14.75199999999998,0.351999999999979,Evaluación
13.200000000000001,13.156000000000015,0.04399999999998627,Evaluación
14.8,14.763999999999976,0.03600000000002446,Evaluación
13.0,12.875999999999992,0.12400000000000766,Evaluación
12.8,12.771999999999998,0.028000000000002245,Evaluación
13.8,13.743999999999977,0.05600000000002403,Evaluación
12.4,12.795666666666662,0.3956666666666617,Evaluación
12.4,12.524000000000003,0.12400000000000233,Evaluación
14.4,14.298000000000012,0.10199999999998788,Evaluación
14.600000000000001,14.510666666666657,0.08933333333334481,Evaluación
12.8,12.786666666666655,0.013333333333346076,Evaluación
13.0,12.901999999999992,0.09800000000000786,Evaluación
14.0,13.924000000000003,0.07599999999999696,Evaluación
13.200000000000001,13.056000000000015,0.14399999999998592,Evaluación
14.0,13.956000000000003,0.04399999999999693,Evaluación
12.600000000000001,12.541999999999998,0.05800000000000338,Evaluación
13.8,13.775999999999987,0.024000000000013344,Evaluación
12.8,12.869999999999983,0.06999999999998252,Evaluación
12.600000000000001,12.602999999999994,0.0029999999999930083,Evaluación
13.200000000000001,13.218000000000018,0.01800000000001667,Evaluación
13.600000000000001,13.483999999999995,0.11600000000000676,Evaluación
13.4,13.384000000000006,0.015999999999994685,Evaluación
14.200000000000001,14.208000000000016,0.008000000000015106,Evaluación
13.200000000000001,13.524000000000003,0.3240000000000016,Evaluación
14.4,14.38200000000001,0.017999999999990024,Evaluación
14.0,13.904000000000002,0.09599999999999831,Evaluación
13.8,13.735999999999985,0.06400000000001604,Evaluación
13.200000000000001,13.01,0.19000000000000128,Evaluación
13.8,13.515999999999988,0.28400000000001313,Evaluación
13.0,13.036,0.03599999999999959,Evaluación
15.0,14.866,0.13400000000000034,Evaluación
14.0,14.021333333333336,0.021333333333336313,Evaluación
14.0,13.96733333333333,0.032666666666669286,Evaluación
13.8,13.943999999999994,0.14399999999999302,Evaluación
13.600000000000001,13.483999999999991,0.11600000000001032,Evaluación
14.600000000000001,14.57799999999999,0.0220000000000109,Evaluación
14.8,14.685999999999977,0.11400000000002386,Evaluación
13.200000000000001,13.22000000000002,0.020000000000019114,Evaluación
14.8,14.554000000000004,0.2459999999999969,Evaluación
13.4,13.382000000000007,0.017999999999993577,Evaluación
13.4,13.468,0.06799999999999962,Evaluación
14.0,13.826000000000004,0.17399999999999594,Evaluación
13.4,13.408000000000008,0.008000000000008,Evaluación
14.0,14.04,0.03999999999999915,Evaluación
14.200000000000001,14.046500000000014,0.15349999999998687,Evaluación
12.8,12.550933333333335,0.24906666666666588,Evaluación
13.600000000000001,13.501999999999994,0.09800000000000786,Evaluación
13.600000000000001,14.013600000000006,0.4136000000000042,Evaluación
13.8,13.77883333333332,0.0211666666666801,Evaluación
14.4,14.282000000000012,0.11799999999998789,Evaluación
13.0,13.058000000000002,0.058000000000001606,Evaluación
12.8,13.06199999999999,0.2619999999999898,Evaluación
12.8,12.843999999999989,0.04399999999998805,Evaluación
13.8,13.741999999999988,0.058000000000012264,Evaluación
12.200000000000001,12.021999999999993,0.17800000000000793,Evaluación
13.600000000000001,13.80853333333332,0.20853333333331925,Evaluación
13.200000000000001,13.096000000000018,0.10399999999998322,Evaluación
13.600000000000001,13.603999999999996,0.00399999999999423,Evaluación
14.0,14.089666666666677,0.08966666666667678,Evaluación
12.4,12.296,0.10400000000000098,Evaluación
14.200000000000001,14.265000000000008,0.06500000000000661,Evaluación
12.200000000000001,12.398000000000016,0.1980000000000146,Evaluación
12.8,12.686666666666653,0.1133333333333475,Evaluación
13.0,13.196000000000003,0.19600000000000328,Evaluación
12.600000000000001,12.613999999999994,0.013999999999992241,Evaluación
14.8,14.619999999999981,0.18000000000001926,Evaluación
13.600000000000001,13.599999999999996,5.329070518200751e-15,Evaluación
13.0,12.770000000000003,0.22999999999999687,Evaluación
13.200000000000001,13.542000000000003,0.3420000000000023,Evaluación
13.8,13.876000000000012,0.07600000000001117,Evaluación
13.8,14.012666666666668,0.21266666666666723,Evaluación
14.0,13.669399999999996,0.330600000000004,Evaluación
14.0,13.892000000000001,0.10799999999999876,Evaluación
14.200000000000001,13.99860000000001,0.2013999999999907,Evaluación
14.4,14.406000000000006,0.0060000000000055564,Evaluación
12.200000000000001,12.445333333333348,0.24533333333334717,Evaluación
13.600000000000001,13.702333333333321,0.10233333333331984,Evaluación
14.0,14.057999999999998,0.05799999999999805,Evaluación
12.600000000000001,12.649999999999993,0.04999999999999183,Evaluación
13.600000000000001,13.883799999999997,0.28379999999999583,Evaluación
12.4,12.612000000000009,0.21200000000000863,Evaluación
13.8,13.729999999999977,0.07000000000002338,Evaluación
13.8,13.705999999999985,0.0940000000000154,Evaluación
14.4,14.16000000000001,0.23999999999998956,Evaluación
12.8,12.719999999999981,0.08000000000001961,Evaluación
12.600000000000001,12.653333333333329,0.05333333333332746,Evaluación
14.0,13.941999999999993,0.058000000000006935,Evaluación
13.8,13.823999999999986,0.023999999999984922,Evaluación
12.200000000000001,12.232000000000014,0.03200000000001246,Evaluación
14.0,13.860000000000003,0.13999999999999702,Evaluación
12.8,12.851999999999986,0.05199999999998539,Evaluación
14.600000000000001,14.539999999999985,0.060000000000016485,Evaluación
13.4,13.45600000000001,0.05600000000000982,Evaluación
13.8,13.837999999999987,0.037999999999986045,Evaluación
14.4,14.379000000000008,0.020999999999991914,Evaluación
13.200000000000001,13.120000000000019,0.07999999999998231,Evaluación
14.0,14.12066666666667,0.12066666666667025,Evaluación
14.600000000000001,14.397999999999993,0.20200000000000884,Evaluación
13.600000000000001,13.357999999999993,0.242000000000008,Evaluación
13.200000000000001,13.136000000000015,0.06399999999998585,Evaluación
13.4,13.522000000000013,0.12200000000001232,Evaluación
13.4,13.458000000000013,0.058000000000012264,Evaluación
12.4,12.537300000000005,0.13730000000000508,Evaluación
14.4,14.013600000000006,0.38639999999999475,Evaluación
13.0,13.124000000000006,0.12400000000000588,Evaluación
13.8,13.569999999999988,0.23000000000001286,Evaluación
13.8,14.098400000000005,0.29840000000000444,Evaluación
13.8,13.736499999999984,0.06350000000001721,Evaluación
13.8,13.863999999999981,0.06399999999998052,Evaluación
13.8,14.007999999999988,0.20799999999998775,Evaluación
14.0,14.021999999999997,0.02199999999999669,Evaluación
13.4,13.32200000000001,0.07799999999999052,Evaluación
13.8,13.649999999999984,0.15000000000001634,Evaluación
15.0,14.953999999999997,0.04600000000000293,Evaluación
13.200000000000001,13.22800000000002,0.028000000000018233,Evaluación
12.600000000000001,12.747999999999998,0.14799999999999613,Evaluación
12.8,12.857999999999999,0.05799999999999805,Evaluación
13.200000000000001,13.234000000000014,0.03400000000001313,Evaluación
14.4,14.334000000000012,0.06599999999998829,Evaluación
14.200000000000001,14.16000000000002,0.039999999999981384,Evaluación
14.0,14.128,0.1280000000000001,Evaluación
13.4,13.338000000000001,0.06199999999999939,Evaluación
13.0,12.959199999999996,0.04080000000000439,Evaluación
13.0,12.999999999999998,1.7763568394002505e-15,Evaluación
14.600000000000001,14.533999999999994,0.06600000000000783,Evaluación
13.200000000000001,13.104000000000017,0.0959999999999841,Evaluación
12.4,12.490000000000002,0.09000000000000163,Evaluación
14.200000000000001,14.062000000000017,0.1379999999999839,Evaluación
13.200000000000001,13.170000000000009,0.029999999999992255,Evaluación
13.0,13.330899999999987,0.3308999999999873,Evaluación
15.0,14.823999999999998,0.17600000000000193,Evaluación
14.8,14.4318,0.36819999999999986,Evaluación
13.0,13.076,0.07600000000000051,Evaluación
14.200000000000001,14.220000000000017,0.02000000000001556,Evaluación
13.0,12.936,0.06400000000000006,Evaluación
13.0,13.051999999999989,0.051999999999988944,Evaluación
13.4,13.637466666666676,0.23746666666667515,Evaluación
13.4,13.342000000000017,0.05799999999998384,Evaluación
13.200000000000001,13.045600000000015,0.15439999999998655,Evaluación
13.4,13.292000000000005,0.10799999999999521,Evaluación
13.200000000000001,13.146000000000017,0.05399999999998428,Evaluación
13.0,13.245999999999995,0.2459999999999951,Evaluación
11.8,12.516666666666673,0.7166666666666721,Evaluación
13.8,13.722466666666651,0.07753333333334922,Evaluación
12.600000000000001,12.825999999999992,0.2259999999999902,Evaluación
13.0,13.200999999999999,0.20099999999999874,Evaluación
12.200000000000001,12.156000000000013,0.04399999999998805,Evaluación
13.600000000000001,13.793999999999992,0.19399999999999018,Evaluación
13.0,13.159,0.1590000000000007,Evaluación
12.200000000000001,12.368000000000016,0.16800000000001525,Evaluación
13.8,13.756333333333327,0.04366666666667385,Evaluación
14.4,14.293666666666685,0.10633333333331585,Evaluación
11.8,12.053999999999991,0.2539999999999907,Evaluación
12.600000000000001,12.696,0.09599999999999831,Evaluación
13.8,13.292000000000009,0.507999999999992,Evaluación
13.4,13.516000000000005,0.11600000000000499,Evaluación
14.0,14.195999999999996,0.19599999999999618,Evaluación
13.4,13.475200000000003,0.07520000000000238,Evaluación
13.200000000000001,13.303000000000011,0.10300000000001042,Evaluación
13.600000000000001,13.354,0.24600000000000222,Evaluación
14.200000000000001,14.284000000000017,0.08400000000001562,Evaluación
13.8,13.66199999999998,0.13800000000002122,Evaluación
13.0,12.905999999999995,0.09400000000000475,Evaluación
13.200000000000001,13.197000000000019,0.00299999999998235,Evaluación
13.200000000000001,13.172000000000017,0.027999999999984482,Evaluación
13.4,13.225999999999997,0.17400000000000304,Evaluación
14.8,14.62199999999998,0.17800000000002036,Evaluación
13.200000000000001,13.076000000000006,0.12399999999999523,Evaluación
14.4,14.514000000000005,0.11400000000000432,Evaluación
13.8,13.585999999999986,0.21400000000001462,Evaluación
13.600000000000001,13.847999999999987,0.24799999999998512,Evaluación
14.200000000000001,14.184000000000019,0.01599999999998225,Evaluación
12.200000000000001,12.52799999999999,0.32799999999998875,Evaluación
13.0,12.857999999999986,0.14200000000001367,Evaluación
14.200000000000001,14.082000000000011,0.11799999999998967,Evaluación
11.8,12.061999999999989,0.261999999999988,Evaluación
14.200000000000001,14.05233333333335,0.14766666666665174,Evaluación
14.4,14.424000000000012,0.024000000000011568,Evaluación
14.200000000000001,14.130000000000017,0.0699999999999843,Evaluación
12.200000000000001,12.22800000000002,0.028000000000018233,Evaluación
13.4,13.711000000000011,0.3110000000000106,Evaluación
13.4,13.574000000000003,0.17400000000000304,Evaluación
14.8,14.85399999999998,0.053999999999978954,Evaluación
13.200000000000001,12.800833333333333,0.3991666666666678,Evaluación
12.600000000000001,13.037499999999993,0.4374999999999911,Evaluación
12.600000000000001,12.648000000000007,0.04800000000000537,Evaluación
13.600000000000001,14.024000000000006,0.4240000000000048,Evaluación
13.0,12.927999999999999,0.07200000000000095,Evaluación
13.200000000000001,13.410000000000014,0.2100000000000133,Evaluación
13.4,13.669399999999996,0.26939999999999564,Evaluación
13.4,13.413999999999998,0.01399999999999757,Evaluación
14.0,13.923999999999996,0.07600000000000406,Evaluación
13.0,13.078000000000008,0.07800000000000828,Evaluación
13.600000000000001,13.67799999999999,0.07799999999998875,Evaluación
14.0,14.094000000000005,0.09400000000000475,Evaluación
13.200000000000001,12.945333333333346,0.2546666666666546,Evaluación
13.8,13.647999999999985,0.15200000000001523,Evaluación
13.0,13.1224,0.12240000000000073,Evaluación
13.600000000000001,13.432,0.16800000000000104,Evaluación
13.0,13.054,0.05400000000000027,Evaluación
14.0,13.995999999999997,0.004000000000003112,Evaluación
13.0,13.038000000000002,0.03800000000000203,Evaluación
13.4,13.168000000000005,0.23199999999999577,Evaluación
12.8,12.799999999999981,1.9539925233402755e-14,Evaluación
13.600000000000001,13.53999999999999,0.060000000000011156,Evaluación
14.0,13.801599999999999,0.19840000000000124,Evaluación
12.8,13.015999999999986,0.2159999999999851,Evaluación
13.4,13.303333333333343,0.09666666666665691,Evaluación
13.600000000000001,13.563999999999991,0.036000000000010246,Evaluación
13.4,13.146000000000008,0.25399999999999245,Evaluación
13.200000000000001,13.044666666666679,0.15533333333332244,Evaluación
13.200000000000001,13.124000000000015,0.0759999999999863,Evaluación
13.200000000000001,13.256000000000014,0.05600000000001337,Evaluación
13.4,13.35200000000001,0.04799999999999116,Evaluación
13.8,13.627999999999986,0.1720000000000148,Evaluación
13.0,13.360400000000013,0.3604000000000127,Evaluación
13.600000000000001,13.526000000000002,0.07399999999999984,Evaluación
13.4,13.406000000000004,0.00600000000000378,Evaluación
13.8,13.635999999999989,0.16400000000001214,Evaluación
12.8,12.829999999999982,0.029999999999981597,Evaluación
13.4,13.366000000000012,0.03399999999998826,Evaluación
13.4,13.31400000000001,0.08599999999998964,Evaluación
13.4,13.368000000000006,0.0319999999999947,Evaluación
13.4,13.516000000000012,0.1160000000000121,Evaluación
13.600000000000001,13.585999999999997,0.014000000000004675,Evaluación
13.0,12.843999999999996,0.15600000000000414,Evaluación
14.0,13.959999999999996,0.040000000000004476,Evaluación
13.600000000000001,13.663999999999996,0.06399999999999473,Evaluación
14.4,14.388000000000009,0.011999999999991573,Evaluación
13.4,13.528000000000006,0.12800000000000544,Evaluación
13.200000000000001,13.194000000000008,0.005999999999993122,Evaluación
13.600000000000001,13.933999999999996,0.3339999999999943,Evaluación
12.8,12.991999999999985,0.19199999999998418,Evaluación
15.0,14.751999999999978,0.24800000000002242,Evaluación
13.200000000000001,13.038000000000016,0.16199999999998482,Evaluación
13.4,13.318000000000007,0.08199999999999363,Evaluación
14.200000000000001,14.298000000000018,0.09800000000001674,Evaluación
13.600000000000001,13.747000000000007,0.14700000000000557,Evaluación
13.0,12.989999999999995,0.010000000000005116,Evaluación
13.4,13.440000000000007,0.04000000000000625,Evaluación
13.200000000000001,13.330000000000014,0.13000000000001322,Evaluación
12.0,12.032000000000004,0.03200000000000358,Evaluación
12.8,12.867999999999984,0.06799999999998363,Evaluación
13.8,13.304000000000007,0.49599999999999334,Evaluación
12.8,12.893999999999984,0.09399999999998343,Evaluación
14.4,13.762,0.6379999999999999,Evaluación
12.0,12.246999999999996,0.24699999999999633,Evaluación
13.8,13.74799999999998,0.05200000000002092,Evaluación
12.4,12.476000000000004,0.07600000000000406,Evaluación
14.0,13.752,0.24799999999999933,Evaluación
13.0,13.644000000000004,0.6440000000000037,Evaluación
14.200000000000001,14.220000000000017,0.02000000000001556,Evaluación
13.200000000000001,13.282000000000018,0.08200000000001673,Evaluación
14.8,14.639999999999986,0.16000000000001435,Evaluación
14.0,14.054000000000004,0.05400000000000382,Evaluación
13.8,13.91466666666665,0.11466666666664871,Evaluación
12.8,12.925999999999988,0.125999999999987,Evaluación
13.8,13.861999999999988,0.061999999999986954,Evaluación
13.600000000000001,13.587999999999996,0.012000000000005784,Evaluación
12.600000000000001,12.649999999999999,0.04999999999999716,Evaluación
12.200000000000001,12.326000000000015,0.12600000000001366,Evaluación
12.200000000000001,12.595199999999998,0.39519999999999733,Evaluación
13.0,13.510000000000005,0.5100000000000051,Evaluación
13.0,13.569999999999995,0.569999999999995,Evaluación
13.8,13.849999999999982,0.04999999999998117,Evaluación
13.8,13.665999999999983,0.1340000000000181,Evaluación
13.0,13.1,0.09999999999999964,Evaluación
14.4,14.350000000000014,0.0499999999999865,Evaluación
13.8,13.867999999999986,0.0679999999999854,Evaluación
14.200000000000001,13.674100000000003,0.5258999999999983,Evaluación
13.4,13.430000000000009,0.030000000000008242,Evaluación
14.4,14.488000000000005,0.08800000000000452,Evaluación
14.0,13.707999999999991,0.2920000000000087,Evaluación
13.600000000000001,13.761999999999986,0.16199999999998482,Evaluación
13.200000000000001,12.931666666666683,0.26833333333331844,Evaluación
13.600000000000001,13.636,0.03599999999999781,Evaluación
14.200000000000001,13.716,0.48400000000000176,Evaluación
12.600000000000001,12.942000000000002,0.3420000000000005,Evaluación
14.0,14.441500000000005,0.4415000000000049,Evaluación
13.0,13.118999999999998,0.118999999999998,Evaluación
14.0,13.778000000000002,0.22199999999999775,Evaluación
13.0,12.951999999999991,0.048000000000008924,Evaluación
13.600000000000001,13.419400000000005,0.18059999999999654,Evaluación
13.8,13.69033333333332,0.1096666666666799,Evaluación
13.200000000000001,13.205500000000018,0.00550000000001738,Evaluación
12.4,12.659000000000008,0.25900000000000745,Evaluación
14.0,13.905999999999997,0.09400000000000297,Evaluación
13.0,12.904000000000002,0.09599999999999831,Evaluación
14.200000000000001,14.053200000000002,0.14679999999999893,Evaluación
13.600000000000001,13.596666666666659,0.003333333333342736,Evaluación
13.0,13.162,0.1620000000000008,Evaluación
14.0,14.010000000000005,0.010000000000005116,Evaluación
13.8,13.546000000000006,0.25399999999999423,Evaluación
13.200000000000001,13.120000000000006,0.07999999999999474,Evaluación
13.200000000000001,13.21400000000001,0.014000000000008228,Evaluación
13.4,13.316000000000004,0.08399999999999608,Evaluación
12.600000000000001,12.793999999999999,0.19399999999999729,Evaluación
14.0,14.161333333333346,0.16133333333334576,Evaluación
13.0,13.17,0.16999999999999993,Evaluación
14.0,14.027000000000003,0.0270000000000028,Evaluación
14.8,14.703999999999978,0.09600000000002318,Evaluación
13.8,13.813999999999979,0.01399999999997803,Evaluación
13.600000000000001,13.62133333333332,0.02133333333331855,Evaluación
12.8,12.665999999999997,0.1340000000000039,Evaluación
14.600000000000001,14.527999999999988,0.07200000000001339,Evaluación
13.200000000000001,13.174000000000019,0.025999999999982037,Evaluación
13.0,13.128000000000002,0.1280000000000019,Evaluación
13.200000000000001,13.16400000000001,0.035999999999990706,Evaluación
13.4,13.35600000000001,0.043999999999989825,Evaluación
13.4,13.548000000000009,0.14800000000000857,Evaluación
13.200000000000001,13.192000000000021,0.007999999999979579,Evaluación
13.8,13.707999999999988,0.09200000000001296,Evaluación
13.8,13.56199999999998,0.23800000000002086,Evaluación
13.600000000000001,13.680999999999992,0.08099999999999064,Evaluación
12.8,12.96399999999998,0.16399999999998016,Evaluación
14.0,13.962000000000005,0.03799999999999493,Evaluación
13.4,13.32533333333334,0.07466666666666022,Evaluación
13.600000000000001,13.699999999999994,0.09999999999999254,Evaluación
14.600000000000001,14.425999999999995,0.1740000000000066,Evaluación
13.8,13.540000000000004,0.25999999999999623,Evaluación
12.600000000000001,12.715499999999993,0.11549999999999194,Evaluación
13.600000000000001,13.571999999999996,0.028000000000005798,Evaluación
12.8,13.047999999999984,0.24799999999998334,Evaluación
13.600000000000001,13.609333333333325,0.009333333333323424,Evaluación
13.200000000000001,13.304000000000013,0.10400000000001164,Evaluación
13.0,13.107599999999998,0.10759999999999792,Evaluación
13.8,13.595999999999979,0.20400000000002194,Evaluación
13.8,13.92666666666665,0.12666666666664916,Evaluación
12.8,13.350000000000007,0.550000000000006,Evaluación
14.8,14.617999999999988,0.18200000000001282,Evaluación
12.8,12.879999999999987,0.07999999999998586,Evaluación
12.600000000000001,12.222000000000005,0.37799999999999656,Evaluación
12.8,12.76866666666665,0.03133333333335031,Evaluación
14.200000000000001,14.138000000000018,0.0619999999999834,Evaluación
13.600000000000001,13.701999999999991,0.10199999999998965,Evaluación
14.4,14.161000000000008,0.23899999999999189,Evaluación
13.4,13.34200000000001,0.05799999999999095,Evaluación
12.8,12.937999999999986,0.1379999999999857,Evaluación
14.0,13.906,0.09399999999999942,Evaluación
13.0,12.871599999999995,0.1284000000000045,Evaluación
13.8,13.679999999999989,0.12000000000001165,Evaluación
13.0,13.044000000000004,0.044000000000004036,Evaluación
13.200000000000001,12.889999999999995,0.3100000000000058,Evaluación
13.4,13.316000000000008,0.08399999999999253,Evaluación
13.600000000000001,13.8266,0.2265999999999977,Evaluación
13.0,13.006000000000004,0.00600000000000378,Evaluación
13.600000000000001,13.687999999999997,0.08799999999999564,Evaluación
12.600000000000001,12.533999999999999,0.0660000000000025,Evaluación
14.200000000000001,14.23000000000002,0.0300000000000189,Evaluación
14.200000000000001,14.178000000000015,0.02199999999998603,Evaluación
13.0,12.804000000000006,0.1959999999999944,Evaluación
13.0,13.122000000000005,0.12200000000000522,Evaluación
13.600000000000001,13.662999999999997,0.06299999999999528,Evaluación
13.0,12.789199999999996,0.21080000000000432,Evaluación
13.200000000000001,13.378000000000013,0.17800000000001148,Evaluación
13.8,13.82599999999998,0.025999999999978485,Evaluación
13.0,12.991999999999997,0.008000000000002672,Evaluación
13.0,13.127999999999997,0.12799999999999656,Evaluación
14.0,13.988533333333336,0.011466666666663627,Evaluación
14.0,14.213999999999992,0.21399999999999153,Evaluación
13.4,13.512000000000006,0.11200000000000543,Evaluación
15.0,14.738499999999998,0.2615000000000016,Evaluación
13.0,12.98,0.019999999999999574,Evaluación
13.200000000000001,13.479999999999997,0.2799999999999958,Evaluación
13.4,13.043000000000001,0.3569999999999993,Evaluación
13.4,13.538000000000013,0.13800000000001234,Evaluación
12.4,12.581999999999999,0.1819999999999986,Evaluación
13.200000000000001,13.290000000000015,0.09000000000001407,Evaluación
13.200000000000001,14.037000000000004,0.8370000000000033,Evaluación
12.8,12.879999999999985,0.07999999999998408,Evaluación
12.0,12.231200000000001,0.23120000000000118,Evaluación
14.0,13.913999999999994,0.08600000000000563,Evaluación
14.4,14.268000000000004,0.13199999999999612,Evaluación
13.4,13.392000000000005,0.007999999999995566,Evaluación
13.4,13.374000000000013,0.025999999999987367,Evaluación
14.4,14.282000000000014,0.11799999999998612,Evaluación
12.600000000000001,12.499999999999998,0.1000000000000032,Evaluación
12.0,12.320000000000002,0.32000000000000206,Evaluación
13.0,12.956999999999999,0.04300000000000104,Evaluación
14.4,13.929999999999998,0.4700000000000024,Evaluación
14.0,14.124133333333338,0.12413333333333831,Evaluación
14.200000000000001,14.121200000000018,0.07879999999998333,Evaluación
13.200000000000001,13.288000000000016,0.08800000000001518,Evaluación
14.4,14.40950000000001,0.009500000000009834,Evaluación
14.600000000000001,14.447999999999993,0.15200000000000813,Evaluación
14.200000000000001,14.060000000000018,0.1399999999999828,Evaluación
12.8,12.850299999999995,0.05029999999999468,Evaluación
13.200000000000001,12.817333333333337,0.3826666666666636,Evaluación
13.8,13.709999999999987,0.09000000000001407,Evaluación
13.200000000000001,13.32400000000001,0.12400000000000944,Evaluación
12.600000000000001,13.160000000000004,0.5600000000000023,Evaluación
12.4,12.502000000000004,0.10200000000000387,Evaluación
14.200000000000001,13.868000000000006,0.3319999999999954,Evaluación
13.200000000000001,13.202000000000023,0.002000000000021984,Evaluación
13.600000000000001,13.424666666666665,0.17533333333333623,Evaluación
13.8,13.735999999999988,0.06400000000001249,Evaluación
13.600000000000001,13.535999999999992,0.06400000000000894,Evaluación
12.0,12.082000000000004,0.08200000000000429,Evaluación
12.8,12.82199999999998,0.021999999999978925,Evaluación
14.200000000000001,14.16820000000002,0.031799999999980955,Evaluación
13.8,13.571999999999985,0.22800000000001575,Evaluación
12.0,12.046000000000003,0.04600000000000293,Evaluación
14.0,13.795999999999998,0.2040000000000024,Evaluación
13.200000000000001,13.226000000000017,0.026000000000015788,Evaluación
13.600000000000001,13.481142857142856,0.11885714285714499,Evaluación
13.4,12.964999999999993,0.4350000000000076,Evaluación
14.0,13.580000000000009,0.41999999999999105,Evaluación
13.8,13.85999999999998,0.05999999999997918,Evaluación
15.0,14.705999999999985,0.2940000000000147,Evaluación
13.0,13.039999999999997,0.03999999999999737,Evaluación
13.0,12.942000000000002,0.05799999999999805,Evaluación
13.200000000000001,13.202000000000014,0.0020000000000131024,Evaluación
12.8,12.74399999999999,0.056000000000011596,Evaluación
13.200000000000001,13.474,0.27399999999999913,Evaluación
14.0,13.971999999999998,0.028000000000002245,Evaluación
12.600000000000001,12.658666666666662,0.058666666666660205,Evaluación
13.200000000000001,13.280000000000008,0.08000000000000718,Evaluación
14.200000000000001,14.174000000000024,0.02599999999997671,Evaluación
13.600000000000001,13.819999999999999,0.2199999999999971,Evaluación
13.600000000000001,13.489999999999993,0.11000000000000831,Evaluación
14.200000000000001,14.23400000000002,0.03400000000001846,Evaluación
12.600000000000001,12.731999999999992,0.1319999999999908,Evaluación
12.0,12.218599999999995,0.21859999999999502,Evaluación
14.600000000000001,14.709999999999985,0.10999999999998344,Evaluación
13.600000000000001,13.491999999999994,0.10800000000000765,Evaluación
14.0,13.770166666666658,0.22983333333334244,Evaluación
13.200000000000001,13.246000000000016,0.04600000000001536,Evaluación
14.4,14.34650000000001,0.05349999999999078,Evaluación
14.0,14.038000000000004,0.03800000000000381,Evaluación
13.600000000000001,13.251333333333342,0.34866666666665935,Evaluación
12.0,12.206000000000008,0.2060000000000084,Evaluación
13.600000000000001,13.587999999999992,0.012000000000009337,Evaluación
14.8,14.705999999999987,0.09400000000001363,Evaluación
13.600000000000001,13.54,0.060000000000002274,Evaluación
14.4,14.282000000000009,0.11799999999999145,Evaluación
13.8,13.705999999999996,0.09400000000000475,Evaluación
13.600000000000001,13.451199999999998,0.14880000000000315,Evaluación
14.0,13.975999999999994,0.02400000000000624,Evaluación
13.8,13.799999999999981,1.9539925233402755e-14,Evaluación
12.8,12.775999999999984,0.024000000000016897,Evaluación
13.0,12.981999999999996,0.018000000000004235,Evaluación
13.8,13.597999999999987,0.20200000000001417,Evaluación
13.4,13.424000000000003,0.024000000000002686,Evaluación
13.0,13.006000000000002,0.006000000000002004,Evaluación
14.0,13.913999999999998,0.08600000000000207,Evaluación
13.600000000000001,13.830666666666673,0.23066666666667146,Evaluación
13.0,12.898000000000001,0.10199999999999854,Evaluación
14.8,14.621999999999987,0.17800000000001326,Evaluación
13.0,13.087199999999998,0.0871999999999975,Evaluación
13.0,13.116666666666665,0.11666666666666536,Evaluación
13.600000000000001,13.516399999999997,0.08360000000000412,Evaluación
13.600000000000001,13.677999999999995,0.07799999999999407,Evaluación
14.8,14.371666666666671,0.42833333333332924,Evaluación
14.200000000000001,14.095600000000015,0.10439999999998584,Evaluación
13.4,13.440000000000007,0.04000000000000625,Evaluación
12.8,12.791999999999987,0.00800000000001333,Evaluación
12.200000000000001,12.346000000000014,0.14600000000001323,Evaluación
13.200000000000001,13.280000000000014,0.0800000000000125,Evaluación
12.200000000000001,12.378000000000016,0.17800000000001504,Evaluación
14.600000000000001,14.54999999999999,0.05000000000001137,Evaluación
14.0,14.041600000000006,0.04160000000000608,Evaluación
14.0,14.020000000000003,0.020000000000003126,Evaluación
12.600000000000001,12.497999999999998,0.10200000000000387,Evaluación
13.8,13.649533333333316,0.1504666666666843,Evaluación
14.4,14.292000000000009,0.10799999999999166,Evaluación
13.200000000000001,13.200000000000015,1.4210854715202004e-14,Evaluación
13.600000000000001,13.619999999999983,0.01999999999998181,Evaluación
13.4,13.73,0.33000000000000007,Evaluación
13.0,13.129000000000001,0.12900000000000134,Evaluación
13.600000000000001,13.631999999999989,0.031999999999987594,Evaluación
13.600000000000001,13.468,0.13200000000000145,Evaluación
13.8,13.619999999999981,0.18000000000001926,Evaluación
13.200000000000001,13.175000000000018,0.02499999999998259,Evaluación
12.0,12.154000000000002,0.1540000000000017,Evaluación
13.4,13.274000000000008,0.12599999999999234,Evaluación
13.0,13.016000000000004,0.016000000000003567,Evaluación
12.4,12.729999999999995,0.32999999999999474,Evaluación
13.0,13.159999999999998,0.15999999999999837,Evaluación
13.8,13.839999999999982,0.039999999999981384,Evaluación
14.0,14.042000000000003,0.04200000000000337,Evaluación
14.0,14.236000000000008,0.23600000000000776,Evaluación
12.600000000000001,12.667999999999997,0.06799999999999606,Evaluación
13.8,13.605333333333327,0.19466666666667365,Evaluación
12.8,13.548000000000004,0.7480000000000029,Evaluación
13.8,13.751999999999992,0.048000000000008924,Evaluación
14.0,13.93,0.07000000000000028,Evaluación
12.8,12.963999999999983,0.16399999999998194,Evaluación
14.0,13.984000000000002,0.015999999999998238,Evaluación
12.0,11.985999999999997,0.014000000000002899,Evaluación
13.600000000000001,13.521999999999993,0.07800000000000828,Evaluación
12.200000000000001,12.378000000000016,0.17800000000001504,Evaluación
13.600000000000001,13.479999999999995,0.12000000000000632,Evaluación
12.200000000000001,12.232000000000017,0.032000000000016016,Evaluación
12.8,12.927999999999988,0.12799999999998768,Evaluación
13.200000000000001,13.591999999999993,0.39199999999999235,Evaluación
14.0,13.719819047619046,0.2801809523809542,Evaluación
13.0,13.094000000000005,0.09400000000000475,Evaluación
14.8,14.78199999999998,0.018000000000020222,Evaluación
13.200000000000001,13.132000000000014,0.06799999999998718,Evaluación
13.0,13.052,0.0519999999999996,Evaluación
13.8,13.774999999999988,0.02500000000001279,Evaluación
13.8,13.512000000000006,0.2879999999999949,Evaluación
13.8,13.887999999999987,0.08799999999998676,Evaluación
13.200000000000001,13.20200000000002,0.0020000000000184315,Evaluación
12.600000000000001,12.675999999999997,0.07599999999999518,Evaluación
13.8,13.907999999999983,0.10799999999998278,Evaluación
13.0,13.213999999999999,0.21399999999999864,Evaluación
13.4,13.434000000000005,0.03400000000000425,Evaluación
13.200000000000001,13.428666666666684,0.22866666666668323,Evaluación
13.4,13.430000000000009,0.030000000000008242,Evaluación
13.0,13.308666666666667,0.3086666666666673,Evaluación
13.8,13.683999999999983,0.11600000000001742,Evaluación
13.0,13.085999999999999,0.08599999999999852,Evaluación
13.4,13.214,0.18599999999999994,Evaluación
13.200000000000001,13.180000000000017,0.019999999999983586,Evaluación
12.8,12.831999999999985,0.03199999999998404,Evaluación
14.0,14.012666666666673,0.012666666666673265,Evaluación
13.0,13.122,0.12199999999999989,Evaluación
13.0,12.891999999999998,0.10800000000000232,Evaluación
12.8,13.025999999999984,0.2259999999999831,Evaluación
12.8,12.803999999999983,0.003999999999981796,Evaluación
12.200000000000001,12.200000000000019,1.7763568394002505e-14,Evaluación
13.0,13.065999999999999,0.06599999999999895,Evaluación
13.600000000000001,13.613999999999985,0.013999999999983359,Evaluación
14.0,14.050000000000002,0.05000000000000249,Evaluación
14.8,14.609999999999983,0.19000000000001727,Evaluación
12.0,12.166000000000004,0.16600000000000392,Evaluación
14.200000000000001,13.90800000000002,0.2919999999999803,Evaluación
14.0,14.067999999999994,0.06799999999999429,Evaluación
13.4,13.35800000000001,0.041999999999990933,Evaluación
12.8,12.70499999999999,0.0950000000000113,Evaluación
13.4,13.626000000000007,0.2260000000000062,Evaluación
13.0,13.19,0.1899999999999995,Evaluación
13.200000000000001,13.099000000000013,0.10099999999998843,Evaluación
14.4,14.35600000000001,0.043999999999989825,Evaluación
13.8,13.468600000000002,0.3313999999999986,Evaluación
13.0,13.040000000000004,0.040000000000004476,Evaluación
14.200000000000001,13.721999999999985,0.47800000000001575,Evaluación
14.4,14.430000000000001,0.030000000000001137,Evaluación
14.0,14.096000000000004,0.09600000000000364,Evaluación
12.600000000000001,12.799333333333324,0.19933333333332293,Evaluación
13.200000000000001,13.148000000000017,0.051999999999983615,Evaluación
13.4,13.471999999999994,0.07199999999999385,Evaluación
13.4,13.330000000000009,0.0699999999999914,Evaluación
12.4,12.476000000000008,0.07600000000000762,Evaluación
14.4,14.26400000000001,0.13599999999999035,Evaluación
13.8,13.597999999999983,0.20200000000001772,Evaluación
12.200000000000001,12.206000000000016,0.006000000000014438,Evaluación
13.4,13.484000000000007,0.08400000000000674,Evaluación
13.200000000000001,13.300000000000004,0.1000000000000032,Evaluación
13.600000000000001,13.399499999999996,0.20050000000000523,Evaluación
12.4,12.440000000000003,0.0400000000000027,Evaluación
12.600000000000001,12.570000000000002,0.02999999999999936,Evaluación
14.0,14.014,0.013999999999999346,Evaluación
13.600000000000001,13.695999999999994,0.09599999999999298,Evaluación
14.200000000000001,14.116000000000017,0.08399999999998364,Evaluación
13.0,13.001999999999995,0.001999999999995339,Evaluación
11.8,11.86599999999998,0.06599999999997941,Evaluación
12.8,12.637999999999993,0.16200000000000792,Evaluación
13.4,13.250500000000004,0.1494999999999962,Evaluación
13.600000000000001,13.56799999999999,0.03200000000001069,Evaluación
14.0,13.976000000000004,0.02399999999999558,Evaluación
13.600000000000001,13.551999999999994,0.04800000000000715,Evaluación
13.0,12.962000000000003,0.0379999999999967,Evaluación
14.0,14.090000000000016,0.09000000000001585,Evaluación
13.4,13.350000000000009,0.04999999999999183,Evaluación
13.8,13.936399999999985,0.1363999999999841,Evaluación
13.600000000000001,13.467999999999995,0.13200000000000678,Evaluación
14.4,14.248000000000014,0.1519999999999868,Evaluación
14.200000000000001,14.229000000000015,0.029000000000014126,Evaluación
15.0,14.885999999999994,0.1140000000000061,Evaluación
14.0,14.090000000000002,0.09000000000000163,Evaluación
13.200000000000001,13.162000000000017,0.03799999999998427,Evaluación
13.4,13.362000000000013,0.03799999999998782,Evaluación
14.0,13.808000000000007,0.19199999999999307,Evaluación
14.200000000000001,13.693733333333336,0.5062666666666651,Evaluación
12.8,12.698100000000002,0.10189999999999877,Evaluación
13.0,13.074500000000002,0.07450000000000223,Evaluación
12.8,12.849999999999989,0.049999999999988276,Evaluación
12.4,12.494000000000002,0.0940000000000012,Evaluación
12.8,12.741999999999987,0.05800000000001404,Evaluación
13.200000000000001,13.249000000000018,0.04900000000001725,Evaluación
12.8,12.707999999999986,0.09200000000001474,Evaluación
14.200000000000001,14.104000000000017,0.0959999999999841,Evaluación
13.600000000000001,13.403999999999995,0.19600000000000684,Evaluación
14.0,13.866000000000001,0.13399999999999856,Evaluación
13.200000000000001,13.22000000000002,0.020000000000019114,Evaluación
14.200000000000001,14.126,0.07400000000000162,Evaluación
13.600000000000001,13.56399999999999,0.03600000000001202,Evaluación
13.200000000000001,13.274000000000019,0.07400000000001761,Evaluación
13.200000000000001,13.122000000000016,0.07799999999998519,Evaluación
13.0,13.13800000000001,0.13800000000001056,Evaluación
12.8,12.736999999999984,0.0630000000000166,Evaluación
13.4,13.548000000000002,0.14800000000000146,Evaluación
13.0,12.770599999999991,0.22940000000000893,Evaluación
13.8,13.72399999999998,0.07600000000002005,Evaluación
13.8,13.677999999999997,0.12200000000000344,Evaluación
13.8,13.679999999999984,0.12000000000001698,Evaluación
13.600000000000001,13.651999999999989,0.05199999999998717,Evaluación
13.4,13.336000000000002,0.06399999999999828,Evaluación
13.600000000000001,13.63199999999999,0.03199999999998937,Evaluación
13.0,13.217999999999996,0.21799999999999642,Evaluación
13.8,13.436000000000002,0.363999999999999,Evaluación
14.600000000000001,14.359999999999989,0.24000000000001265,Evaluación
13.8,13.607999999999986,0.19200000000001438,Evaluación
13.600000000000001,13.619999999999994,0.019999999999992468,Evaluación
14.0,13.722666666666663,0.27733333333333654,Evaluación
12.8,12.853999999999985,0.05399999999998428,Evaluación
14.600000000000001,14.773999999999987,0.17399999999998528,Evaluación
12.8,12.751999999999988,0.04800000000001248,Evaluación
13.0,12.987000000000002,0.012999999999998124,Evaluación
13.8,13.933999999999987,0.13399999999998613,Evaluación
12.4,12.594000000000003,0.19400000000000261,Evaluación
12.8,13.061499999999997,0.2614999999999963,Evaluación
12.8,13.095999999999986,0.29599999999998516,Evaluación
13.4,13.22200000000001,0.17799999999999017,Evaluación
13.8,13.899999999999984,0.09999999999998366,Evaluación
13.4,13.33200000000001,0.06799999999999073,Evaluación
13.0,13.002000000000002,0.0020000000000024443,Evaluación
12.600000000000001,12.58666666666666,0.013333333333340747,Evaluación
13.200000000000001,13.32800000000002,0.12800000000001965,Evaluación
14.0,13.901999999999997,0.09800000000000253,Evaluación
14.0,14.040000000000003,0.0400000000000027,Evaluación
13.4,13.300666666666677,0.09933333333332328,Evaluación
13.0,13.146,0.1460000000000008,Evaluación
14.0,14.050000000000006,0.05000000000000604,Evaluación
13.200000000000001,13.18600000000002,0.013999999999981583,Evaluación
13.200000000000001,13.104000000000015,0.09599999999998587,Evaluación
14.4,14.251999999999999,0.14800000000000146,Evaluación
12.8,12.799999999999985,1.5987211554602254e-14,Evaluación
14.0,13.772,0.22799999999999976,Evaluación
14.200000000000001,14.209999999999996,0.009999999999994458,Evaluación
13.200000000000001,13.39000000000002,0.19000000000001904,Evaluación
14.0,13.897999999999998,0.10200000000000209,Evaluación
12.8,12.920000000000002,0.120000000000001,Evaluación
14.0,14.144,0.14400000000000013,Evaluación
13.4,13.57000000000001,0.1700000000000088,Evaluación
13.0,13.18800000000001,0.1880000000000095,Evaluación
13.600000000000001,13.307266666666681,0.2927333333333202,Evaluación
13.8,13.483999999999998,0.3160000000000025,Evaluación
13.600000000000001,13.613999999999992,0.013999999999990465,Evaluación
13.600000000000001,13.467999999999995,0.13200000000000678,Evaluación
12.8,12.719999999999985,0.08000000000001606,Evaluación
13.4,13.566000000000008,0.16600000000000747,Evaluación
12.200000000000001,12.355000000000016,0.15500000000001535,Evaluación
14.8,14.659999999999984,0.14000000000001656,Evaluación
14.200000000000001,14.260000000000014,0.06000000000001293,Evaluación
14.0,14.015999999999998,0.015999999999998238,Evaluación
14.200000000000001,14.058000000000014,0.14199999999998703,Evaluación
13.4,13.578000000000001,0.17800000000000082,Evaluación
13.200000000000001,13.428000000000015,0.22800000000001397,Evaluación
13.8,13.80650000000001,0.00650000000000972,Evaluación
14.4,14.482000000000012,0.0820000000000114,Evaluación
13.600000000000001,13.541999999999991,0.05800000000001049,Evaluación
14.200000000000001,14.046000000000014,0.15399999999998748,Evaluación
14.0,14.04174285714287,0.04174285714286974,Evaluación
13.200000000000001,13.136000000000019,0.0639999999999823,Evaluación
13.0,12.841999999999995,0.1580000000000048,Evaluación
12.8,12.77300000000001,0.026999999999990365,Evaluación
12.0,12.036000000000001,0.036000000000001364,Evaluación
13.0,13.161400000000006,0.16140000000000576,Evaluación
13.4,13.270000000000008,0.1299999999999919,Evaluación
13.200000000000001,12.716000000000003,0.4839999999999982,Evaluación
13.8,13.921999999999978,0.1219999999999768,Evaluación
14.4,14.284000000000017,0.11599999999998367,Evaluación
13.200000000000001,13.248000000000015,0.048000000000014253,Evaluación
13.200000000000001,12.887999999999998,0.31200000000000294,Evaluación
12.600000000000001,12.623999999999999,0.023999999999997357,Evaluación
12.8,12.60146666666667,0.19853333333333012,Evaluación
13.0,13.125999999999998,0.12599999999999767,Evaluación
14.200000000000001,13.99100000000001,0.20899999999999075,Evaluación
13.200000000000001,13.336000000000018,0.136000000000017,Evaluación
12.8,12.685999999999996,0.11400000000000432,Evaluación
12.600000000000001,12.902000000000003,0.3020000000000014,Evaluación
13.8,13.860000000000007,0.060000000000005826,Evaluación
13.4,13.245000000000005,0.1549999999999958,Evaluación
12.200000000000001,12.154000000000005,0.04599999999999582,Evaluación
13.600000000000001,13.408999999999994,0.19100000000000783,Evaluación
12.200000000000001,12.388000000000012,0.18800000000001127,Evaluación
12.8,12.77199999999998,0.02800000000002001,Evaluación
13.4,13.38400000000001,0.015999999999991132,Evaluación
12.600000000000001,12.608999999999998,0.008999999999996788,Evaluación
12.8,12.783333333333319,0.016666666666681706,Evaluación
13.4,13.334000000000005,0.0659999999999954,Evaluación
13.0,13.732000000000003,0.7320000000000029,Evaluación
12.8,12.85599999999998,0.05599999999997962,Evaluación
14.0,13.974,0.0259999999999998,Evaluación
13.600000000000001,13.418000000000005,0.18199999999999683,Evaluación
13.0,12.757400000000011,0.24259999999998882,Evaluación
13.600000000000001,13.443999999999992,0.15600000000000946,Evaluación
12.8,12.827999999999989,0.027999999999988034,Evaluación
13.600000000000001,13.525999999999994,0.07400000000000695,Evaluación
12.600000000000001,12.608000000000002,0.008000000000000895,Evaluación
12.8,13.046000000000006,0.24600000000000577,Evaluación
12.8,12.89000000000001,0.09000000000000874,Evaluación
13.4,13.458000000000002,0.058000000000001606,Evaluación
13.4,13.34,0.0600000000000005,Evaluación
13.200000000000001,13.254000000000014,0.054000000000012705,Evaluación
14.4,14.335333333333345,0.0646666666666551,Evaluación
13.0,13.189999999999992,0.1899999999999924,Evaluación
14.200000000000001,14.13000000000001,0.0699999999999914,Evaluación
13.200000000000001,13.078500000000012,0.12149999999998862,Evaluación
13.600000000000001,13.71599999999999,0.115999999999989,Evaluación
14.0,13.847999999999997,0.1520000000000028,Evaluación
12.4,12.470666666666668,0.07066666666666777,Evaluación
13.600000000000001,13.489999999999993,0.11000000000000831,Evaluación
13.4,13.296000000000008,0.1039999999999921,Evaluación
14.200000000000001,14.341333333333344,0.14133333333334264,Evaluación
13.600000000000001,13.585999999999991,0.014000000000010004,Evaluación
13.8,13.699999999999989,0.10000000000001208,Evaluación
14.0,13.864666666666666,0.13533333333333353,Evaluación
13.8,13.977999999999986,0.17799999999998484,Evaluación
13.0,13.26200000000001,0.26200000000000934,Evaluación
14.0,13.941066666666666,0.05893333333333395,Evaluación
14.200000000000001,14.238000000000008,0.03800000000000736,Evaluación
13.0,12.944000000000003,0.055999999999997385,Evaluación
14.4,14.402000000000008,0.0020000000000077733,Evaluación
13.8,13.709999999999987,0.09000000000001407,Evaluación
13.200000000000001,13.106000000000009,0.09399999999999231,Evaluación
13.600000000000001,13.395200000000006,0.2047999999999952,Evaluación
13.0,13.060000000000002,0.060000000000002274,Evaluación
12.8,12.892999999999988,0.09299999999998754,Evaluación
12.0,12.229999999999997,0.22999999999999687,Evaluación
13.0,13.155333333333326,0.155333333333326,Evaluación
13.200000000000001,13.148000000000014,0.05199999999998717,Evaluación
14.8,14.619999999999987,0.18000000000001393,Evaluación
12.4,12.580000000000007,0.18000000000000682,Evaluación
14.0,13.828,0.1720000000000006,Evaluación
13.8,13.791999999999984,0.008000000000016882,Evaluación
13.4,13.304000000000004,0.09599999999999653,Evaluación
12.8,13.067999999999989,0.26799999999998825,Evaluación
14.200000000000001,13.917999999999997,0.2820000000000036,Evaluación
13.600000000000001,13.797999999999988,0.1979999999999862,Evaluación
12.8,12.940000000000005,0.14000000000000412,Evaluación
12.600000000000001,13.366000000000007,0.7660000000000053,Evaluación
14.200000000000001,13.900700000000008,0.29929999999999346,Evaluación
13.8,13.943666666666672,0.14366666666667172,Evaluación
13.600000000000001,13.511999999999992,0.08800000000000985,Evaluación
12.4,12.558000000000007,0.15800000000000658,Evaluación
13.600000000000001,13.60199999999999,0.0019999999999882334,Evaluación
13.200000000000001,13.234400000000011,0.03440000000001042,Evaluación
12.8,12.849999999999982,0.04999999999998117,Evaluación
13.4,13.524000000000008,0.12400000000000766,Evaluación
13.0,12.984333333333334,0.015666666666666273,Evaluación
13.0,13.300999999999998,0.3009999999999984,Evaluación
13.8,13.92,0.11999999999999922,Evaluación
12.600000000000001,12.665999999999997,0.0659999999999954,Evaluación
14.4,14.22200000000001,0.17799999999999017,Evaluación
13.8,13.813399999999985,0.013399999999984757,Evaluación
13.4,13.326000000000006,0.07399999999999451,Evaluación
13.8,13.409666666666663,0.39033333333333786,Evaluación
12.600000000000001,12.588,0.012000000000002231,Evaluación
13.4,13.266966666666669,0.13303333333333178,Evaluación
13.200000000000001,13.510666666666658,0.3106666666666573,Evaluación
12.8,12.771999999999982,0.028000000000018233,Evaluación
14.600000000000001,14.585999999999988,0.014000000000013557,Evaluación
12.600000000000001,12.862000000000002,0.26200000000000045,Evaluación
13.0,13.070000000000007,0.07000000000000739,Evaluación
14.600000000000001,14.591999999999992,0.008000000000009777,Evaluación
14.0,13.777333333333331,0.2226666666666688,Evaluación
13.600000000000001,13.463999999999992,0.1360000000000099,Evaluación
13.0,13.378933333333327,0.3789333333333271,Evaluación
14.200000000000001,14.306000000000013,0.1060000000000123,Evaluación
12.8,12.861999999999991,0.06199999999999051,Evaluación
13.600000000000001,13.40205714285715,0.1979428571428521,Evaluación
13.8,13.66,0.14000000000000057,Evaluación
13.8,13.811999999999989,0.01199999999998802,Evaluación
13.8,13.844099999999996,0.04409999999999492,Evaluación
13.4,13.416000000000006,0.016000000000005343,Evaluación
13.600000000000001,13.631666666666653,0.03166666666665208,Evaluación
12.8,12.855999999999984,0.055999999999983174,Evaluación
13.200000000000001,13.170000000000016,0.02999999999998515,Evaluación
12.600000000000001,12.563999999999995,0.03600000000000669,Evaluación
13.200000000000001,13.326000000000013,0.12600000000001188,Evaluación
13.200000000000001,13.28570000000001,0.0857000000000081,Evaluación
13.4,13.049999999999994,0.35000000000000675,Evaluación
13.0,13.056000000000004,0.05600000000000449,Evaluación
13.600000000000001,13.591999999999992,0.008000000000009777,Evaluación
13.600000000000001,13.940000000000007,0.3400000000000052,Evaluación
13.0,13.030000000000003,0.030000000000002913,Evaluación
14.200000000000001,14.220000000000022,0.02000000000002089,Evaluación
13.0,13.027999999999997,0.027999999999996916,Evaluación
12.8,12.741999999999987,0.05800000000001404,Evaluación
14.4,14.098000000000013,0.30199999999998717,Evaluación
13.0,13.231999999999998,0.23199999999999754,Evaluación
13.200000000000001,13.550000000000018,0.3500000000000174,Evaluación
12.200000000000001,12.315333333333347,0.11533333333334639,Evaluación
13.600000000000001,14.026,0.4259999999999984,Evaluación
13.8,13.68399999999998,0.11600000000002098,Evaluación
14.4,14.297600000000012,0.10239999999998872,Evaluación
14.200000000000001,14.102000000000016,0.09799999999998477,Evaluación
14.0,13.968999999999994,0.03100000000000591,Evaluación
13.600000000000001,13.631000000000013,0.03100000000001124,Evaluación
13.4,13.496666666666671,0.09666666666667112,Evaluación
13.600000000000001,13.432000000000006,0.1679999999999957,Evaluación
13.600000000000001,13.439999999999996,0.16000000000000547,Evaluación
14.4,14.516000000000005,0.11600000000000499,Evaluación
13.0,13.074133333333334,0.07413333333333405,Evaluación
13.200000000000001,13.156000000000015,0.04399999999998627,Evaluación
13.0,13.118000000000006,0.11800000000000566,Evaluación
13.4,13.870000000000013,0.4700000000000131,Evaluación
13.200000000000001,13.144000000000016,0.05599999999998495,Evaluación
13.8,13.897999999999984,0.09799999999998299,Evaluación
13.200000000000001,13.068000000000008,0.13199999999999257,Evaluación
13.8,13.733999999999986,0.06600000000001494,Evaluación
13.4,13.486000000000008,0.0860000000000074,Evaluación
13.200000000000001,13.080000000000014,0.11999999999998678,Evaluación
14.200000000000001,14.214000000000024,0.014000000000022439,Evaluación
14.0,13.980000000000008,0.019999999999992468,Evaluación
14.200000000000001,13.974000000000016,0.22599999999998488,Evaluación
13.200000000000001,12.560000000000002,0.6399999999999988,Evaluación
13.4,13.829999999999995,0.4299999999999944,Evaluación
13.200000000000001,13.248000000000012,0.0480000000000107,Evaluación
14.4,14.292000000000007,0.10799999999999343,Evaluación
13.600000000000001,13.519999999999998,0.08000000000000362,Evaluación
13.8,13.702,0.09800000000000075,Evaluación
14.200000000000001,14.168000000000022,0.03199999999997871,Evaluación
14.0,14.164000000000001,0.16400000000000148,Evaluación
13.4,13.343000000000007,0.05699999999999328,Evaluación
13.8,13.75599999999998,0.04400000000002002,Evaluación
13.0,13.385333333333334,0.3853333333333335,Evaluación
13.0,13.162199999999999,0.16219999999999857,Evaluación
12.8,12.623999999999999,0.17600000000000193,Evaluación
12.600000000000001,12.653066666666659,0.05306666666665727,Evaluación
13.8,13.828000000000005,0.02800000000000402,Evaluación
12.8,12.797999999999984,0.002000000000016655,Evaluación
14.4,14.28266666666668,0.11733333333332041,Evaluación
12.600000000000001,12.755999999999995,0.15599999999999348,Evaluación
12.8,12.931999999999999,0.1319999999999979,Evaluación
12.8,12.59999999999999,0.20000000000000995,Evaluación
13.4,13.095400000000007,0.30459999999999354,Evaluación
14.200000000000001,14.152666666666681,0.04733333333332013,Evaluación
14.0,14.133999999999988,0.1339999999999879,Evaluación
12.200000000000001,12.204000000000008,0.004000000000006665,Evaluación
13.4,13.403333333333334,0.0033333333333338544,Evaluación
14.4,14.040000000000006,0.3599999999999941,Evaluación
13.200000000000001,13.28000000000002,0.08000000000001961,Evaluación
14.0,13.980000000000002,0.019999999999997797,Evaluación
13.4,13.418000000000008,0.018000000000007788,Evaluación
13.4,13.042000000000003,0.357999999999997,Evaluación
14.200000000000001,14.15533333333335,0.0446666666666502,Evaluación
13.200000000000001,12.865999999999996,0.33400000000000496,Evaluación
13.600000000000001,13.474800000000009,0.12519999999999243,Evaluación
14.8,14.629999999999985,0.17000000000001592,Evaluación
12.8,12.957999999999988,0.15799999999998704,Evaluación
13.0,13.113566666666673,0.11356666666667259,Evaluación
13.200000000000001,13.352666666666675,0.15266666666667383,Evaluación
13.200000000000001,13.346319047619051,0.14631904761905012,Evaluación
13.600000000000001,13.479999999999995,0.12000000000000632,Evaluación
13.4,13.408000000000007,0.008000000000006224,Evaluación
14.8,14.60999999999999,0.19000000000001016,Evaluación
14.8,14.539999999999997,0.26000000000000334,Evaluación
12.4,12.588,0.18799999999999883,Evaluación
13.200000000000001,13.361466666666677,0.16146666666667642,Evaluación
13.8,13.679999999999993,0.1200000000000081,Evaluación
13.600000000000001,13.691999999999986,0.09199999999998454,Evaluación
13.200000000000001,13.14600000000002,0.05399999999998073,Evaluación
13.600000000000001,13.742666666666656,0.1426666666666545,Evaluación
13.8,13.813999999999982,0.013999999999981583,Evaluación
13.4,13.466000000000006,0.06600000000000605,Evaluación
15.0,14.443333333333337,0.5566666666666631,Evaluación
12.0,12.122000000000003,0.12200000000000344,Evaluación
13.200000000000001,13.050000000000013,0.14999999999998792,Evaluación
14.600000000000001,14.617999999999988,0.01799999999998647,Evaluación
13.600000000000001,13.953999999999992,0.3539999999999903,Evaluación
12.4,12.356800000000007,0.043199999999993466,Evaluación
12.4,12.29,0.11000000000000121,Evaluación
13.0,13.058000000000002,0.058000000000001606,Evaluación
13.8,13.82799999999998,0.027999999999979153,Evaluación
12.8,12.805999999999983,0.005999999999982464,Evaluación
13.4,13.441933333333337,0.041933333333336265,Evaluación
14.0,13.906000000000006,0.09399999999999409,Evaluación
14.0,13.877999999999995,0.12200000000000522,Evaluación
13.8,13.366000000000001,0.4339999999999993,Evaluación
12.200000000000001,12.403999999999991,0.20399999999998997,Evaluación
13.8,13.899333333333315,0.0993333333333144,Evaluación
12.600000000000001,12.647000000000007,0.047000000000005926,Evaluación
13.4,13.60200000000001,0.20200000000000884,Evaluación
13.0,13.172,0.1720000000000006,Evaluación
13.200000000000001,13.178000000000015,0.02199999999998603,Evaluación
12.600000000000001,12.72733333333333,0.12733333333332908,Evaluación
13.600000000000001,13.615999999999994,0.01599999999999291,Evaluación
13.0,12.829999999999998,0.1700000000000017,Evaluación
13.4,13.807999999999982,0.4079999999999817,Evaluación
13.600000000000001,13.611999999999988,0.011999999999986244,Evaluación
12.8,12.951999999999984,0.15199999999998326,Evaluación
14.200000000000001,14.262000000000025,0.06200000000002426,Evaluación
13.8,13.704499999999989,0.09550000000001191,Evaluación
13.4,13.430000000000016,0.030000000000015348,Evaluación
13.0,13.208000000000002,0.20800000000000196,Evaluación
13.600000000000001,13.765999999999993,0.1659999999999915,Evaluación
13.4,13.398000000000001,0.0019999999999988916,Evaluación
13.4,13.280000000000012,0.11999999999998856,Evaluación
13.200000000000001,13.222000000000014,0.022000000000012676,Evaluación
14.0,14.008000000000006,0.008000000000006224,Evaluación
13.0,12.845999999999997,0.15400000000000347,Evaluación
13.8,13.713999999999992,0.08600000000000918,Evaluación
13.0,12.85999999999999,0.14000000000000945,Evaluación
12.600000000000001,12.605999999999996,0.005999999999994898,Evaluación
13.4,13.306000000000008,0.09399999999999231,Evaluación
13.0,12.838000000000001,0.16199999999999903,Evaluación
13.200000000000001,13.22400000000002,0.024000000000018673,Evaluación
13.200000000000001,13.190000000000005,0.009999999999996234,Evaluación
13.8,13.817999999999984,0.01799999999998292,Evaluación
12.600000000000001,12.578000000000001,0.02200000000000024,Evaluación
13.0,12.918000000000001,0.08199999999999896,Evaluación
13.4,14.027999999999997,0.6279999999999966,Evaluación
13.8,13.81399999999998,0.013999999999979806,Evaluación
13.0,12.515999999999998,0.48400000000000176,Evaluación
13.0,12.935999999999993,0.06400000000000716,Evaluación
13.0,12.993999999999994,0.0060000000000055564,Evaluación
13.4,13.528000000000004,0.12800000000000367,Evaluación
13.200000000000001,13.39400000000001,0.19400000000000972,Evaluación
14.4,14.362000000000005,0.03799999999999493,Evaluación
13.200000000000001,13.083000000000013,0.11699999999998845,Evaluación
13.0,13.078733333333332,0.07873333333333221,Evaluación
13.8,13.807999999999982,0.007999999999981355,Evaluación
13.600000000000001,13.719999999999994,0.11999999999999211,Evaluación
12.8,12.76499999999998,0.03500000000002146,Evaluación
13.8,14.099199999999996,0.29919999999999547,Evaluación
11.8,11.919999999999986,0.11999999999998501,Evaluación
13.600000000000001,13.62599999999999,0.025999999999989143,Evaluación
12.0,12.633999999999991,0.6339999999999915,Evaluación
12.4,12.817333333333337,0.4173333333333371,Evaluación
13.4,13.476,0.07600000000000051,Evaluación
13.600000000000001,13.582671428571423,0.017328571428578243,Evaluación
12.8,12.861999999999991,0.06199999999999051,Evaluación
13.0,12.955999999999996,0.044000000000004036,Evaluación
13.0,13.121999999999998,0.12199999999999811,Evaluación
12.600000000000001,12.70599999999999,0.10599999999998921,Evaluación
14.0,13.724000000000004,0.27599999999999625,Evaluación
13.200000000000001,13.202000000000021,0.002000000000020208,Evaluación
13.600000000000001,13.497999999999992,0.1020000000000092,Evaluación
13.200000000000001,13.34799999999999,0.14799999999998903,Evaluación
12.600000000000001,12.592,0.008000000000000895,Evaluación
13.200000000000001,13.302000000000016,0.10200000000001452,Evaluación
13.0,13.334999999999994,0.33499999999999375,Evaluación
13.200000000000001,13.080000000000007,0.11999999999999389,Evaluación
13.4,13.374000000000013,0.025999999999987367,Evaluación
13.200000000000001,13.319000000000008,0.11900000000000688,Evaluación
12.600000000000001,12.907999999999994,0.3079999999999927,Evaluación
13.200000000000001,13.154000000000018,0.04599999999998339,Evaluación
13.4,13.431142857142868,0.031142857142867797,Evaluación
14.200000000000001,14.324000000000014,0.12400000000001299,Evaluación
13.4,13.406000000000008,0.006000000000007333,Evaluación
13.8,13.777999999999984,0.02200000000001623,Evaluación
13.4,13.463999999999992,0.06399999999999118,Evaluación
14.4,14.258000000000012,0.1419999999999888,Evaluación
14.0,14.165999999999995,0.16599999999999504,Evaluación
13.4,13.502000000000002,0.10200000000000209,Evaluación
12.8,13.013999999999987,0.2139999999999862,Evaluación
13.4,13.545999999999994,0.1459999999999937,Evaluación
13.8,13.699999999999983,0.10000000000001741,Evaluación
13.600000000000001,13.643999999999995,0.04399999999999338,Evaluación
12.600000000000001,12.806000000000004,0.20600000000000307,Evaluación
13.600000000000001,13.485999999999995,0.1140000000000061,Evaluación
14.0,13.849999999999998,0.15000000000000213,Evaluación
13.200000000000001,13.35200000000001,0.15200000000000813,Evaluación
13.600000000000001,13.578000000000015,0.02199999999998603,Evaluación
13.4,13.29000000000001,0.10999999999999055,Evaluación
13.8,13.863999999999983,0.0639999999999823,Evaluación
13.200000000000001,13.382,0.1819999999999986,Evaluación
13.600000000000001,13.468000000000002,0.13199999999999967,Evaluación
13.8,13.777999999999986,0.022000000000014452,Evaluación
14.0,13.993200000000002,0.006799999999998363,Evaluación
14.8,14.653999999999987,0.14600000000001323,Evaluación
14.0,13.869333333333342,0.1306666666666576,Evaluación
13.200000000000001,13.250000000000005,0.05000000000000426,Evaluación
13.8,13.343999999999996,0.45600000000000485,Evaluación
12.8,12.877999999999984,0.07799999999998342,Evaluación
12.4,12.727828571428569,0.3278285714285687,Evaluación
14.0,14.203999999999999,0.20399999999999885,Evaluación
13.600000000000001,13.749999999999995,0.14999999999999325,Evaluación
13.0,12.966000000000001,0.03399999999999892,Evaluación
13.0,12.933999999999996,0.06600000000000428,Evaluación
14.200000000000001,13.898000000000017,0.3019999999999836,Evaluación
13.200000000000001,12.76866666666666,0.4313333333333418,Evaluación
12.200000000000001,12.348000000000015,0.1480000000000139,Evaluación
13.4,13.694666666666675,0.29466666666667507,Evaluación
13.0,13.078000000000001,0.07800000000000118,Evaluación
13.0,13.068000000000001,0.06800000000000139,Evaluación
13.0,13.095999999999998,0.09599999999999831,Evaluación
14.600000000000001,14.305499999999997,0.29450000000000465,Evaluación
12.4,12.515999999999998,0.11599999999999788,Evaluación
12.0,12.112,0.1120000000000001,Evaluación
12.200000000000001,12.31600000000002,0.1160000000000192,Evaluación
13.4,13.294000000000004,0.10599999999999632,Evaluación
14.0,14.064033333333342,0.0640333333333416,Evaluación
13.8,13.925999999999988,0.125999999999987,Evaluación
13.200000000000001,13.42600000000001,0.22600000000000975,Evaluación
12.8,12.749666666666654,0.050333333333346886,Evaluación
13.600000000000001,13.48799999999999,0.11200000000001076,Evaluación
13.4,13.094000000000001,0.30599999999999916,Evaluación
12.8,12.84199999999998,0.0419999999999785,Evaluación
13.0,12.680000000000001,0.3199999999999985,Evaluación
13.200000000000001,13.154914285714304,0.04508571428569752,Evaluación
12.600000000000001,12.573999999999998,0.026000000000003354,Evaluación
13.600000000000001,13.541999999999994,0.058000000000006935,Evaluación
13.200000000000001,13.31600000000001,0.11600000000000854,Evaluación
12.600000000000001,12.813999999999995,0.2139999999999933,Evaluación
12.600000000000001,12.727999999999993,0.12799999999999123,Evaluación
14.0,13.974000000000004,0.02599999999999625,Evaluación
13.600000000000001,13.405999999999997,0.1940000000000044,Evaluación
13.200000000000001,13.158000000000015,0.041999999999985604,Evaluación
12.600000000000001,12.64266666666666,0.042666666666658415,Evaluación
13.4,13.412000000000003,0.012000000000002231,Evaluación
12.4,12.378000000000002,0.021999999999998465,Evaluación
14.200000000000001,13.98933333333333,0.2106666666666719,Evaluación
14.4,14.204466666666669,0.19553333333333178,Evaluación
14.4,14.410000000000007,0.010000000000006892,Evaluación
13.600000000000001,13.763999999999992,0.16399999999999082,Evaluación
13.200000000000001,13.224000000000023,0.024000000000022226,Evaluación
14.0,14.08866666666667,0.08866666666667022,Evaluación
13.200000000000001,13.044000000000018,0.15599999999998282,Evaluación
14.4,14.100000000000014,0.2999999999999865,Evaluación
12.8,12.80999999999998,0.00999999999997847,Evaluación
12.600000000000001,12.503333333333341,0.09666666666666046,Evaluación
12.200000000000001,12.418000000000015,0.21800000000001418,Evaluación
12.4,12.616000000000003,0.21600000000000286,Evaluación
13.600000000000001,13.6304,0.03039999999999843,Evaluación
13.600000000000001,13.646999999999986,0.04699999999998461,Evaluación
12.600000000000001,12.991499999999998,0.3914999999999971,Evaluación
14.0,14.084000000000001,0.0840000000000014,Evaluación
13.600000000000001,13.496000000000011,0.10399999999999032,Evaluación
14.4,14.191166666666675,0.20883333333332565,Evaluación
13.4,13.183999999999996,0.21600000000000463,Evaluación
12.200000000000001,12.39000000000001,0.19000000000000838,Evaluación
13.8,13.92599999999998,0.1259999999999799,Evaluación
12.200000000000001,12.266000000000012,0.06600000000001138,Evaluación
15.0,14.778000000000002,0.22199999999999775,Evaluación
13.600000000000001,13.733999999999996,0.133999999999995,Evaluación
13.0,13.027999999999999,0.027999999999998693,Evaluación
13.4,13.126000000000003,0.27399999999999736,Evaluación
15.0,14.731999999999998,0.26800000000000246,Evaluación
12.8,12.717999999999988,0.08200000000001317,Evaluación
14.0,14.217333333333347,0.2173333333333467,Evaluación
13.4,13.654000000000002,0.25400000000000134,Evaluación
12.600000000000001,12.522666666666659,0.07733333333334258,Evaluación
13.0,12.965499999999999,0.03450000000000131,Evaluación
13.4,13.499333333333341,0.09933333333334105,Evaluación
13.4,13.483666666666666,0.08366666666666589,Evaluación
12.600000000000001,12.518666666666666,0.08133333333333503,Evaluación
13.200000000000001,13.220000000000013,0.020000000000012008,Evaluación
13.0,12.913999999999998,0.08600000000000207,Evaluación
13.4,13.561999999999994,0.1619999999999937,Evaluación
13.8,13.909999999999986,0.10999999999998522,Evaluación
13.200000000000001,12.872000000000016,0.3279999999999852,Evaluación
12.8,12.793999999999981,0.006000000000019767,Evaluación
14.600000000000001,14.461999999999989,0.13800000000001234,Evaluación
13.200000000000001,13.35950476190477,0.1595047619047687,Evaluación
13.600000000000001,13.768999999999988,0.16899999999998627,Evaluación
14.0,13.472000000000003,0.5279999999999969,Evaluación
13.8,13.879999999999985,0.07999999999998408,Evaluación
13.4,13.114666666666663,0.28533333333333744,Evaluación
12.4,12.492000000000003,0.0920000000000023,Evaluación
13.600000000000001,13.527999999999995,0.07200000000000628,Evaluación
14.4,14.250000000000007,0.14999999999999325,Evaluación
13.8,14.232000000000001,0.4320000000000004,Evaluación
13.200000000000001,13.278000000000015,0.07800000000001361,Evaluación
14.0,14.003999999999998,0.003999999999997783,Evaluación
14.200000000000001,14.21200000000002,0.012000000000018218,Evaluación
13.0,13.068333333333342,0.06833333333334224,Evaluación
14.0,13.903999999999996,0.09600000000000364,Evaluación
13.0,13.72000000000001,0.7200000000000095,Evaluación
12.4,12.394000000000004,0.005999999999996675,Evaluación
12.4,11.909999999999986,0.4900000000000144,Evaluación
14.0,13.966000000000006,0.03399999999999359,Evaluación
13.200000000000001,12.876838095238098,0.32316190476190343,Evaluación
13.4,12.62,0.7800000000000011,Evaluación
14.4,14.286000000000007,0.11399999999999366,Evaluación
13.200000000000001,13.044000000000016,0.1559999999999846,Evaluación
13.600000000000001,13.713999999999992,0.11399999999999011,Evaluación
12.4,12.412,0.012000000000000455,Evaluación
12.8,12.813999999999982,0.013999999999981583,Evaluación
13.0,12.718300000000013,0.2816999999999865,Evaluación
13.200000000000001,13.00633333333333,0.19366666666667065,Evaluación
12.8,12.865999999999984,0.06599999999998296,Evaluación
13.4,13.370000000000012,0.029999999999988702,Evaluación
13.8,13.102999999999998,0.6970000000000027,Evaluación
13.600000000000001,13.591999999999995,0.008000000000006224,Evaluación
12.8,12.843999999999994,0.04399999999999338,Evaluación
13.600000000000001,13.533999999999994,0.06600000000000783,Evaluación
12.8,12.826,0.0259999999999998,Evaluación
14.200000000000001,14.112000000000016,0.08799999999998498,Evaluación
12.200000000000001,12.236000000000017,0.036000000000015575,Evaluación
13.600000000000001,13.56199999999999,0.038000000000010914,Evaluación
14.600000000000001,14.445999999999987,0.15400000000001413,Evaluación
12.8,12.595999999999986,0.20400000000001484,Evaluación
14.4,14.527999999999986,0.1279999999999859,Evaluación
13.0,12.835999999999997,0.16400000000000325,Evaluación
13.600000000000001,13.378000000000007,0.2219999999999942,Evaluación
14.200000000000001,14.084000000000017,0.11599999999998367,Evaluación
13.0,13.026,0.0259999999999998,Evaluación
13.200000000000001,13.04800000000001,0.15199999999999037,Evaluación
12.600000000000001,12.422,0.17800000000000082,Evaluación
14.8,14.817999999999984,0.01799999999998292,Evaluación
13.200000000000001,13.176000000000018,0.023999999999983146,Evaluación
12.600000000000001,12.421999999999995,0.17800000000000615,Evaluación
14.4,14.286000000000017,0.113999999999983,Evaluación
13.8,13.601999999999986,0.1980000000000146,Evaluación
13.4,13.200866666666666,0.19913333333333405,Evaluación
13.200000000000001,13.198000000000018,0.0019999999999829043,Evaluación
12.8,12.919999999999991,0.11999999999999034,Evaluación
13.4,13.382000000000007,0.017999999999993577,Evaluación
13.8,13.621999999999984,0.1780000000000168,Evaluación
13.0,12.946766666666658,0.0532333333333419,Evaluación
12.8,12.943999999999983,0.14399999999998236,Evaluación
13.0,13.062000000000005,0.06200000000000472,Evaluación
14.4,14.272000000000016,0.12799999999998413,Evaluación
13.200000000000001,13.33000000000001,0.13000000000000966,Evaluación
13.200000000000001,13.288000000000018,0.08800000000001695,Evaluación
13.4,13.72733333333333,0.32733333333333015,Evaluación
13.8,13.64680000000001,0.15319999999999112,Evaluación
13.8,13.867999999999984,0.06799999999998363,Evaluación
13.600000000000001,13.927733333333327,0.32773333333332566,Evaluación
12.200000000000001,12.570844444444448,0.3708444444444474,Evaluación
12.600000000000001,12.733999999999998,0.1339999999999968,Evaluación
12.600000000000001,12.546,0.054000000000002046,Evaluación
13.600000000000001,13.697999999999995,0.09799999999999365,Evaluación
12.600000000000001,12.316,0.2840000000000007,Evaluación
13.200000000000001,12.981500000000015,0.21849999999998637,Evaluación
13.0,12.999999999999998,1.7763568394002505e-15,Evaluación
13.600000000000001,13.691999999999991,0.09199999999998987,Evaluación
13.200000000000001,13.234000000000014,0.03400000000001313,Evaluación
13.200000000000001,13.194000000000019,0.005999999999982464,Evaluación
14.0,13.940366666666664,0.05963333333333587,Evaluación
12.200000000000001,12.174000000000012,0.025999999999989143,Evaluación
12.200000000000001,12.346000000000014,0.14600000000001323,Evaluación
14.200000000000001,14.330000000000018,0.13000000000001677,Evaluación
13.4,13.623666666666672,0.2236666666666718,Evaluación
14.0,13.842,0.15799999999999947,Evaluación
13.8,13.869999999999989,0.06999999999998785,Evaluación
13.0,13.003999999999998,0.003999999999997783,Evaluación
12.200000000000001,12.10200000000001,0.09799999999999187,Evaluación
13.600000000000001,13.254000000000017,0.3459999999999841,Evaluación
14.8,14.703999999999986,0.0960000000000143,Evaluación
13.4,13.456000000000003,0.056000000000002714,Evaluación
14.0,13.769999999999998,0.2300000000000022,Evaluación
11.8,12.00999999999999,0.20999999999998842,Evaluación
12.8,12.824000000000002,0.02400000000000091,Evaluación
13.200000000000001,13.204000000000017,0.004000000000015547,Evaluación
12.600000000000001,12.771999999999997,0.17199999999999527,Evaluación
12.200000000000001,12.494600000000007,0.2946000000000062,Evaluación
13.600000000000001,13.702499999999993,0.10249999999999204,Evaluación
13.0,13.266000000000012,0.26600000000001245,Evaluación
13.8,13.949999999999974,0.1499999999999737,Evaluación
13.600000000000001,13.458000000000013,0.1419999999999888,Evaluación
13.8,13.643999999999988,0.15600000000001302,Evaluación
13.4,13.340000000000007,0.05999999999999339,Evaluación
14.0,13.994000000000005,0.005999999999994898,Evaluación
13.600000000000001,13.605999999999993,0.005999999999991346,Evaluación
13.4,13.20933333333334,0.19066666666665988,Evaluación
13.4,13.474000000000006,0.07400000000000517,Evaluación
15.0,14.775399999999998,0.22460000000000235,Evaluación
12.600000000000001,12.888000000000007,0.2880000000000056,Evaluación
14.0,14.064000000000007,0.06400000000000716,Evaluación
14.0,13.633657142857146,0.366342857142854,Evaluación
12.8,12.955999999999987,0.15599999999998637,Evaluación
11.8,12.083999999999985,0.2839999999999847,Evaluación
12.600000000000001,12.515999999999996,0.08400000000000496,Evaluación
13.4,13.308000000000007,0.09199999999999342,Evaluación
13.600000000000001,13.92736666666667,0.32736666666666814,Evaluación
13.600000000000001,13.551999999999998,0.048000000000003595,Evaluación
13.200000000000001,13.280000000000015,0.08000000000001428,Evaluación
12.200000000000001,12.196000000000017,0.003999999999983572,Evaluación
14.0,13.864000000000003,0.13599999999999746,Evaluación
13.0,13.127999999999997,0.12799999999999656,Evaluación
12.8,12.729199999999992,0.07080000000000908,Evaluación
13.8,13.853999999999985,0.05399999999998428,Evaluación
12.8,12.953999999999983,0.15399999999998215,Evaluación
12.200000000000001,12.311333333333348,0.11133333333334683,Evaluación
12.8,12.897999999999985,0.09799999999998477,Evaluación
13.600000000000001,13.750000000000002,0.15000000000000036,Evaluación
13.4,13.711599999999999,0.31159999999999854,Evaluación
12.4,12.320000000000007,0.07999999999999297,Evaluación
13.200000000000001,13.206000000000016,0.006000000000014438,Evaluación
14.4,14.420000000000005,0.020000000000004903,Evaluación
13.600000000000001,12.493999999999998,1.1060000000000034,Evaluación
14.200000000000001,13.740666666666655,0.4593333333333458,Evaluación
13.0,13.042,0.041999999999999815,Evaluación
13.600000000000001,13.582,0.018000000000000682,Evaluación
13.0,13.47399999999999,0.47399999999998954,Evaluación
12.8,12.753999999999987,0.046000000000013586,Evaluación
13.0,13.08,0.08000000000000007,Evaluación
13.0,13.154000000000002,0.1540000000000017,Evaluación
14.600000000000001,14.54399999999999,0.056000000000011596,Evaluación
14.4,14.211999999999996,0.18800000000000416,Evaluación
12.8,13.078333333333342,0.2783333333333413,Evaluación
13.8,13.92899999999998,0.12899999999998002,Evaluación
13.8,13.833999999999982,0.033999999999981156,Evaluación
14.0,14.012000000000002,0.012000000000002231,Evaluación
13.600000000000001,13.151999999999996,0.4480000000000057,Evaluación
15.0,14.829999999999993,0.17000000000000703,Evaluación
13.4,13.23200000000001,0.16799999999999038,Evaluación
13.8,13.731999999999985,0.0680000000000156,Evaluación
14.200000000000001,14.062000000000019,0.13799999999998214,Evaluación
13.200000000000001,13.010000000000002,0.1899999999999995,Evaluación
13.0,13.108000000000002,0.10800000000000232,Evaluación
14.0,13.648000000000009,0.35199999999999143,Evaluación
13.200000000000001,12.902000000000017,0.29799999999998406,Evaluación
14.8,14.549999999999981,0.25000000000001954,Evaluación
13.200000000000001,13.17200000000002,0.02799999999998093,Evaluación
13.600000000000001,13.794999999999995,0.19499999999999318,Evaluación
13.600000000000001,13.528999999999991,0.07100000000001039,Evaluación
12.4,12.791999999999994,0.39199999999999413,Evaluación
14.200000000000001,14.014000000000017,0.18599999999998396,Evaluación
12.600000000000001,12.687999999999995,0.08799999999999386,Evaluación
13.8,13.725999999999985,0.07400000000001583,Evaluación
14.200000000000001,14.031200000000007,0.16879999999999384,Evaluación
13.200000000000001,12.976000000000017,0.2239999999999842,Evaluación
12.8,12.941999999999984,0.14199999999998347,Evaluación
13.0,12.892000000000001,0.10799999999999876,Evaluación
13.8,13.691999999999986,0.10800000000001475,Evaluación
13.200000000000001,13.238000000000016,0.03800000000001447,Evaluación
13.4,13.49000000000001,0.09000000000001052,Evaluación
13.0,13.155999999999999,0.1559999999999988,Evaluación
13.0,13.110000000000005,0.11000000000000476,Evaluación
13.4,13.315500000000009,0.08449999999999136,Evaluación
13.200000000000001,13.24200000000002,0.042000000000019355,Evaluación
13.8,13.779999999999989,0.020000000000012008,Evaluación
12.8,12.743999999999998,0.056000000000002714,Evaluación
14.0,13.937399999999993,0.06260000000000687,Evaluación
13.600000000000001,13.525999999999987,0.07400000000001405,Evaluación
13.600000000000001,13.607999999999997,0.007999999999995566,Evaluación
13.8,13.696999999999987,0.10300000000001397,Evaluación
13.600000000000001,13.195999999999987,0.4040000000000141,Evaluación
14.0,13.924,0.07600000000000051,Evaluación
13.4,13.060000000000016,0.33999999999998387,Evaluación
14.4,13.996800000000016,0.403199999999984,Evaluación
13.8,13.459000000000005,0.34099999999999575,Evaluación
13.8,13.79999999999999,1.0658141036401503e-14,Evaluación
12.8,12.937999999999988,0.13799999999998747,Evaluación
12.600000000000001,12.685999999999995,0.08599999999999319,Evaluación
14.0,13.874333333333333,0.12566666666666748,Evaluación
14.0,13.93086666666667,0.06913333333332972,Evaluación
13.200000000000001,13.228000000000016,0.02800000000001468,Evaluación
14.0,14.046,0.045999999999999375,Evaluación
13.200000000000001,13.01800000000002,0.18199999999998084,Evaluación
13.600000000000001,13.700999999999992,0.10099999999999021,Evaluación
12.200000000000001,12.196000000000016,0.003999999999985349,Evaluación
14.4,14.492000000000012,0.09200000000001118,Evaluación
13.8,14.139999999999992,0.339999999999991,Evaluación
12.600000000000001,13.174000000000012,0.5740000000000105,Evaluación
14.4,14.330000000000014,0.06999999999998607,Evaluación
13.0,12.895999999999994,0.10400000000000631,Evaluación
14.8,14.751999999999983,0.048000000000017806,Evaluación
12.4,12.62428571428572,0.22428571428572042,Evaluación
13.0,13.144000000000004,0.14400000000000368,Evaluación
13.600000000000001,13.737999999999994,0.1379999999999928,Evaluación
13.200000000000001,13.195000000000011,0.0049999999999901235,Evaluación
14.200000000000001,14.04174285714287,0.15825714285713133,Evaluación
12.4,12.552,0.15199999999999925,Evaluación
13.0,13.12,0.11999999999999922,Evaluación
13.600000000000001,13.496000000000002,0.1039999999999992,Evaluación
14.0,13.252000000000017,0.7479999999999833,Evaluación
13.4,13.542000000000007,0.14200000000000657,Evaluación
12.600000000000001,12.607000000000001,0.006999999999999673,Evaluación
12.600000000000001,12.498000000000001,0.10200000000000031,Evaluación
13.8,13.97816666666665,0.17816666666664993,Evaluación
13.200000000000001,13.184000000000017,0.015999999999984027,Evaluación
14.0,13.967000000000006,0.032999999999994145,Evaluación
12.600000000000001,12.689999999999998,0.0899999999999963,Evaluación
14.4,14.474000000000013,0.07400000000001228,Evaluación
13.0,12.919999999999993,0.08000000000000718,Evaluación
13.4,13.201000000000008,0.19899999999999274,Evaluación
12.600000000000001,13.05216666666666,0.45216666666665795,Evaluación
13.0,12.927999999999997,0.07200000000000273,Evaluación
13.4,13.85599999999999,0.45599999999998886,Evaluación
13.600000000000001,13.78199999999999,0.18199999999998795,Evaluación
12.600000000000001,12.729999999999988,0.12999999999998657,Evaluación
12.8,12.919999999999986,0.11999999999998501,Evaluación
14.600000000000001,14.53799999999999,0.06200000000001182,Evaluación
13.200000000000001,13.132000000000016,0.0679999999999854,Evaluación
13.200000000000001,13.34000000000001,0.14000000000000945,Evaluación
13.200000000000001,13.337000000000016,0.13700000000001467,Evaluación
13.8,13.801999999999985,0.0019999999999846807,Evaluación
11.8,11.855999999999979,0.055999999999977845,Evaluación
13.600000000000001,13.665499999999998,0.06549999999999656,Evaluación
13.4,13.534400000000007,0.13440000000000651,Evaluación
12.8,12.895999999999983,0.09599999999998232,Evaluación
13.0,13.114000000000003,0.11400000000000254,Evaluación
13.600000000000001,13.561999999999994,0.03800000000000736,Evaluación
14.0,14.196200000000008,0.19620000000000815,Evaluación
12.4,12.386000000000001,0.013999999999999346,Evaluación
14.4,13.883999999999993,0.5160000000000071,Evaluación
12.4,12.434000000000001,0.034000000000000696,Evaluación
13.600000000000001,13.519999999999998,0.08000000000000362,Evaluación
13.8,13.675999999999982,0.12400000000001832,Evaluación
14.600000000000001,14.571999999999992,0.02800000000000935,Evaluación
13.8,13.729999999999983,0.07000000000001805,Evaluación
13.4,13.506000000000006,0.1060000000000052,Evaluación
13.0,13.044000000000004,0.044000000000004036,Evaluación
12.600000000000001,12.641066666666672,0.041066666666671026,Evaluación
13.200000000000001,13.138000000000016,0.06199999999998518,Evaluación
13.200000000000001,13.206000000000016,0.006000000000014438,Evaluación
14.0,14.211333333333336,0.21133333333333582,Evaluación
13.8,13.662999999999988,0.1370000000000129,Evaluación
14.0,13.422500000000003,0.577499999999997,Evaluación
13.4,13.366742857142862,0.03325714285713843,Evaluación
14.600000000000001,14.579999999999986,0.02000000000001556,Evaluación
13.200000000000001,13.160000000000016,0.039999999999984936,Evaluación
14.0,14.054000000000004,0.05400000000000382,Evaluación
13.4,13.34066666666668,0.05933333333332058,Evaluación
12.0,12.335999999999995,0.33599999999999497,Evaluación
13.0,12.977999999999998,0.022000000000002018,Evaluación
12.600000000000001,12.51533333333333,0.08466666666667066,Evaluación
14.4,14.32850000000001,0.07149999999998968,Evaluación
12.4,12.698000000000011,0.2980000000000107,Evaluación
14.0,13.716000000000006,0.2839999999999936,Evaluación
14.0,14.005999999999998,0.005999999999998451,Evaluación
12.8,12.979999999999992,0.17999999999999083,Evaluación
12.8,12.903999999999987,0.10399999999998677,Evaluación
13.4,13.532000000000007,0.13200000000000678,Evaluación
12.8,12.875999999999987,0.0759999999999863,Evaluación
14.4,14.22600000000001,0.1739999999999906,Evaluación
13.200000000000001,13.501999999999995,0.3019999999999943,Evaluación
13.200000000000001,13.40800000000001,0.20800000000000907,Evaluación
14.200000000000001,14.108000000000013,0.09199999999998809,Evaluación
13.200000000000001,13.166000000000018,0.03399999999998293,Evaluación
12.8,12.785999999999994,0.014000000000006452,Evaluación
13.200000000000001,13.308000000000014,0.10800000000001297,Evaluación
12.4,12.480000000000004,0.08000000000000362,Evaluación
14.0,14.011999999999999,0.011999999999998678,Evaluación
13.8,13.759999999999986,0.040000000000015135,Evaluación
13.0,12.736999999999984,0.2630000000000159,Evaluación
14.0,13.766000000000004,0.23399999999999643,Evaluación
14.0,13.820514285714282,0.17948571428571825,Evaluación
13.4,13.385600000000002,0.014399999999998414,Evaluación
13.8,13.793999999999977,0.00600000000002332,Evaluación
12.4,12.604,0.20399999999999885,Evaluación
13.4,13.362000000000005,0.03799999999999493,Evaluación
13.0,13.074000000000003,0.0740000000000034,Evaluación
13.0,13.062000000000003,0.06200000000000294,Evaluación
13.0,13.223999999999997,0.22399999999999665,Evaluación
13.8,13.779999999999996,0.020000000000004903,Evaluación
12.600000000000001,12.569999999999995,0.030000000000006466,Evaluación
13.200000000000001,13.342000000000017,0.14200000000001545,Evaluación
13.4,13.510000000000002,0.11000000000000121,Evaluación
13.8,13.815999999999981,0.015999999999980474,Evaluación
13.4,13.803999999999998,0.40399999999999814,Evaluación
14.0,14.060999999999996,0.06099999999999639,Evaluación
13.4,13.278000000000006,0.12199999999999456,Evaluación
14.0,13.905999999999995,0.09400000000000475,Evaluación
13.0,12.967499999999996,0.03250000000000419,Evaluación
12.600000000000001,13.475999999999997,0.8759999999999959,Evaluación
12.8,12.84999999999999,0.04999999999999005,Evaluación
13.8,13.797999999999979,0.002000000000021984,Evaluación
12.0,12.228,0.22799999999999976,Evaluación
13.8,13.70733333333333,0.09266666666667156,Evaluación
14.4,13.886666666666667,0.5133333333333336,Evaluación
12.600000000000001,12.551999999999996,0.04800000000000537,Evaluación
12.600000000000001,12.7,0.09999999999999787,Evaluación
13.200000000000001,13.312000000000012,0.11200000000001076,Evaluación
14.0,13.61599999999998,0.3840000000000199,Evaluación
13.600000000000001,13.58499999999999,0.015000000000011227,Evaluación
13.8,13.314,0.48600000000000065,Evaluación
14.4,14.39450000000001,0.0054999999999907345,Evaluación
13.4,13.824000000000002,0.42400000000000126,Evaluación
13.600000000000001,13.556,0.04400000000000226,Evaluación
14.0,14.269499999999995,0.2694999999999954,Evaluación
13.600000000000001,13.48399999999999,0.1160000000000121,Evaluación
13.8,13.879999999999985,0.07999999999998408,Evaluación
13.600000000000001,13.547999999999995,0.05200000000000671,Evaluación
13.200000000000001,13.347000000000014,0.14700000000001268,Evaluación
14.4,14.377666666666675,0.0223333333333251,Evaluación
13.4,13.411333333333337,0.011333333333336526,Evaluación
14.0,14.017999999999997,0.01799999999999713,Evaluación
14.600000000000001,14.529999999999989,0.07000000000001272,Evaluación
14.600000000000001,14.511999999999986,0.08800000000001518,Evaluación
12.0,12.154000000000002,0.1540000000000017,Evaluación
13.4,13.556000000000008,0.1560000000000077,Evaluación
13.8,13.650666666666652,0.14933333333334886,Evaluación
13.0,12.978,0.02200000000000024,Evaluación
14.0,14.060000000000002,0.060000000000002274,Evaluación
13.600000000000001,13.535999999999992,0.06400000000000894,Evaluación
13.200000000000001,13.324000000000018,0.12400000000001654,Evaluación
13.0,13.069999999999999,0.06999999999999851,Evaluación
12.8,12.989999999999982,0.18999999999998174,Evaluación
13.4,13.344000000000005,0.05599999999999561,Evaluación
13.0,12.841999999999999,0.15800000000000125,Evaluación
12.8,12.797333333333313,0.0026666666666876893,Evaluación
13.4,13.57800000000001,0.1780000000000097,Evaluación
14.0,13.774000000000003,0.22599999999999731,Evaluación
12.600000000000001,12.798,0.19799999999999862,Evaluación
14.200000000000001,14.010000000000016,0.1899999999999853,Evaluación
13.600000000000001,13.05399999999999,0.5460000000000118,Evaluación
13.4,13.007999999999996,0.3920000000000048,Evaluación
13.4,13.310000000000008,0.08999999999999275,Evaluación
13.600000000000001,13.693999999999992,0.09399999999999054,Evaluación
13.200000000000001,13.306666666666667,0.10666666666666558,Evaluación
13.600000000000001,13.559999999999986,0.040000000000015135,Evaluación
14.0,13.810000000000002,0.18999999999999773,Evaluación
13.4,13.30700000000001,0.09299999999999109,Evaluación
13.4,13.361333333333341,0.038666666666658855,Evaluación
12.4,12.637999999999998,0.23799999999999777,Evaluación
13.4,14.117733333333343,0.7177333333333422,Evaluación
14.0,14.138,0.1379999999999999,Evaluación
14.4,14.186000000000002,0.21399999999999864,Evaluación
14.0,13.876000000000001,0.12399999999999878,Evaluación
13.200000000000001,13.45933333333334,0.2593333333333394,Evaluación
13.8,13.985999999999988,0.1859999999999875,Evaluación
13.600000000000001,13.515999999999993,0.08400000000000851,Evaluación
14.200000000000001,14.162000000000013,0.03799999999998782,Evaluación
13.8,13.733999999999982,0.06600000000001849,Evaluación
13.4,13.464133333333342,0.06413333333334137,Evaluación
12.8,12.816999999999984,0.016999999999983473,Evaluación
12.600000000000001,12.914000000000005,0.3140000000000036,Evaluación
13.200000000000001,13.264000000000003,0.06400000000000183,Evaluación
13.200000000000001,13.056000000000013,0.1439999999999877,Evaluación
13.8,13.87799999999998,0.07799999999997986,Evaluación
12.8,12.721999999999982,0.07800000000001894,Evaluación
12.4,12.662000000000008,0.26200000000000756,Evaluación
13.200000000000001,13.138000000000012,0.06199999999998873,Evaluación
14.0,13.830000000000002,0.16999999999999815,Evaluación
13.4,13.360166666666675,0.03983333333332517,Evaluación
13.600000000000001,13.879999999999997,0.2799999999999958,Evaluación
13.4,13.380000000000006,0.019999999999994245,Evaluación
12.4,12.331999999999999,0.06800000000000139,Evaluación
13.4,13.374000000000008,0.025999999999992696,Evaluación
13.600000000000001,13.509999999999993,0.09000000000000874,Evaluación
12.8,12.82566666666665,0.025666666666650073,Evaluación
12.8,12.885999999999985,0.08599999999998431,Evaluación
13.200000000000001,13.294000000000015,0.09400000000001363,Evaluación
14.4,14.234000000000005,0.16599999999999504,Evaluación
14.4,14.224000000000007,0.17599999999999305,Evaluación
13.200000000000001,13.166000000000018,0.03399999999998293,Evaluación
14.4,13.938000000000004,0.4619999999999962,Evaluación
13.8,13.83366666666665,0.03366666666664919,Evaluación
14.4,14.414000000000005,0.014000000000004675,Evaluación
12.0,12.152000000000001,0.15200000000000102,Evaluación
13.8,13.941666666666652,0.1416666666666515,Evaluación
13.600000000000001,13.888400000000006,0.28840000000000465,Evaluación
13.8,13.757999999999983,0.04200000000001758,Evaluación
12.4,12.478000000000002,0.07800000000000118,Evaluación
14.200000000000001,14.086000000000013,0.11399999999998833,Evaluación
14.0,13.962,0.038000000000000256,Evaluación
13.600000000000001,13.741466666666659,0.1414666666666573,Evaluación
13.600000000000001,13.172000000000011,0.42799999999999017,Evaluación
14.0,14.001333333333337,0.0013333333333367392,Evaluación
14.600000000000001,14.473999999999988,0.12600000000001366,Evaluación
13.200000000000001,13.28000000000002,0.08000000000001961,Evaluación
14.200000000000001,14.228000000000016,0.02800000000001468,Evaluación
12.4,12.21200000000002,0.18799999999998107,Evaluación
13.600000000000001,13.559333333333328,0.040666666666673734,Evaluación
14.0,14.187999999999997,0.18799999999999706,Evaluación
13.600000000000001,13.613999999999994,0.013999999999992241,Evaluación
14.200000000000001,14.042000000000012,0.15799999999998882,Evaluación
14.0,14.087333333333333,0.08733333333333348,Evaluación
14.4,14.44600000000001,0.04600000000001003,Evaluación
13.8,13.685999999999986,0.11400000000001498,Evaluación
12.600000000000001,13.316000000000006,0.7160000000000046,Evaluación
12.4,12.636,0.23599999999999888,Evaluación
13.600000000000001,13.709999999999994,0.10999999999999233,Evaluación
14.0,14.094000000000003,0.09400000000000297,Evaluación
13.8,13.923457142857142,0.12345714285714138,Evaluación
13.600000000000001,13.643466666666669,0.04346666666666721,Evaluación
13.0,12.854,0.1460000000000008,Evaluación
11.8,11.917999999999983,0.11799999999998256,Evaluación
13.200000000000001,13.222666666666685,0.02266666666668371,Evaluación
12.8,12.979999999999986,0.1799999999999855,Evaluación
12.600000000000001,12.743333333333332,0.14333333333333087,Evaluación
14.4,14.274000000000015,0.12599999999998523,Evaluación
13.4,13.659000000000006,0.25900000000000567,Evaluación
14.0,13.928000000000003,0.0719999999999974,Evaluación
13.200000000000001,13.27600000000002,0.07600000000001828,Evaluación
13.8,13.759999999999982,0.04000000000001869,Evaluación
12.8,12.889999999999985,0.08999999999998387,Evaluación
12.600000000000001,12.733999999999998,0.1339999999999968,Evaluación
14.200000000000001,13.97200000000002,0.22799999999998022,Evaluación
13.0,13.220999999999998,0.2209999999999983,Evaluación
13.600000000000001,13.665999999999991,0.06599999999999007,Evaluación
12.8,13.267333333333342,0.46733333333334137,Evaluación
12.8,12.760333333333314,0.03966666666668672,Evaluación
13.200000000000001,13.342000000000011,0.14200000000001012,Evaluación
13.600000000000001,13.583999999999998,0.016000000000003567,Evaluación
13.4,13.62,0.21999999999999886,Evaluación
13.200000000000001,13.171000000000019,0.02899999999998215,Evaluación
13.600000000000001,13.838000000000006,0.23800000000000487,Evaluación
13.200000000000001,13.360000000000008,0.16000000000000725,Evaluación
14.200000000000001,14.280000000000019,0.08000000000001783,Evaluación
14.200000000000001,14.183500000000011,0.016499999999989967,Evaluación
13.600000000000001,13.777999999999993,0.17799999999999194,Evaluación
12.8,12.871999999999984,0.07199999999998319,Evaluación
13.4,13.40000000000001,8.881784197001252e-15,Evaluación
12.8,12.73399999999999,0.06600000000001138,Evaluación
13.600000000000001,13.389999999999992,0.21000000000000973,Evaluación
12.4,12.60146666666667,0.20146666666667024,Evaluación
12.8,12.737999999999984,0.06200000000001715,Evaluación
14.0,13.8935,0.10650000000000048,Evaluación
13.600000000000001,13.709999999999994,0.10999999999999233,Evaluación
13.8,13.84599999999998,0.045999999999979835,Evaluación
13.0,13.026000000000003,0.026000000000003354,Evaluación
13.4,13.392000000000007,0.00799999999999379,Evaluación
13.0,12.941999999999997,0.05800000000000338,Evaluación
14.200000000000001,14.097333333333347,0.10266666666665358,Evaluación
13.0,13.132,0.13199999999999967,Evaluación
13.200000000000001,13.138000000000012,0.06199999999998873,Evaluación
13.0,13.116000000000001,0.11600000000000144,Evaluación
13.0,12.886000000000001,0.11399999999999899,Evaluación
13.600000000000001,13.547999999999996,0.05200000000000493,Evaluación
13.600000000000001,13.773999999999994,0.17399999999999238,Evaluación
13.4,13.436000000000002,0.036000000000001364,Evaluación
13.0,12.99766666666667,0.002333333333330856,Evaluación
13.200000000000001,13.005000000000013,0.19499999999998785,Evaluación
12.600000000000001,12.662999999999995,0.0629999999999935,Evaluación
14.0,13.920000000000005,0.07999999999999474,Evaluación
14.4,14.304000000000004,0.09599999999999653,Evaluación
13.4,13.517999999999994,0.11799999999999322,Evaluación
13.4,13.101999999999991,0.2980000000000089,Evaluación
13.200000000000001,13.336800000000013,0.13680000000001158,Evaluación
13.200000000000001,13.444000000000017,0.24400000000001576,Evaluación
13.8,13.835999999999988,0.03599999999998715,Evaluación
12.4,12.650000000000002,0.2500000000000018,Evaluación
13.200000000000001,13.318000000000016,0.11800000000001454,Evaluación
12.8,12.84599999999999,0.04599999999998872,Evaluación
13.4,13.368000000000013,0.031999999999987594,Evaluación
14.200000000000001,14.07600000000002,0.12399999999998101,Evaluación
14.600000000000001,14.429999999999993,0.1700000000000088,Evaluación
13.600000000000001,13.675999999999997,0.07599999999999518,Evaluación
13.200000000000001,13.118000000000013,0.0819999999999883,Evaluación
15.0,14.533999999999997,0.46600000000000286,Evaluación
14.4,14.497999999999998,0.0979999999999972,Evaluación
13.600000000000001,13.268000000000002,0.33199999999999896,Evaluación
13.600000000000001,13.725999999999992,0.12599999999999056,Evaluación
13.8,13.964000000000004,0.16400000000000325,Evaluación
12.600000000000001,12.571999999999996,0.028000000000005798,Evaluación
14.0,13.857357142857145,0.14264285714285485,Evaluación
13.200000000000001,13.16400000000002,0.035999999999981824,Evaluación
13.200000000000001,13.224000000000016,0.02400000000001512,Evaluación
14.4,14.342000000000011,0.05799999999998917,Evaluación
14.200000000000001,14.154000000000014,0.04599999999998694,Evaluación
14.4,14.280000000000014,0.11999999999998678,Evaluación
13.8,13.531999999999998,0.26800000000000246,Evaluación
14.200000000000001,14.21400000000002,0.014000000000018886,Evaluación
13.8,13.905999999999981,0.10599999999998033,Evaluación
13.600000000000001,13.575999999999986,0.02400000000001512,Evaluación
12.200000000000001,12.84199999999999,0.6419999999999888,Evaluación
13.600000000000001,13.54599999999999,0.05400000000001093,Evaluación
14.4,14.306000000000015,0.0939999999999852,Evaluación
14.0,13.972666666666667,0.027333333333332988,Evaluación
14.600000000000001,14.282666666666657,0.31733333333334457,Evaluación
13.4,13.190000000000003,0.2099999999999973,Evaluación
13.0,13.118666666666668,0.11866666666666781,Evaluación
13.600000000000001,13.599999999999998,3.552713678800501e-15,Evaluación
13.0,12.936000000000005,0.06399999999999473,Evaluación
13.200000000000001,13.260000000000016,0.06000000000001471,Evaluación
13.4,13.305000000000007,0.09499999999999353,Evaluación
14.0,13.770000000000005,0.2299999999999951,Evaluación
13.200000000000001,13.234000000000016,0.03400000000001491,Evaluación
13.8,13.876666666666654,0.07666666666665378,Evaluación
12.4,12.089999999999996,0.31000000000000405,Evaluación
13.600000000000001,13.585999999999995,0.014000000000006452,Evaluación
13.4,13.360000000000005,0.039999999999995595,Evaluación
13.600000000000001,13.873999999999988,0.2739999999999867,Evaluación
13.8,13.790666666666644,0.009333333333357174,Evaluación
12.4,12.57466666666667,0.17466666666667052,Evaluación
15.0,14.931999999999993,0.06800000000000672,Evaluación
13.0,12.979999999999997,0.020000000000003126,Evaluación
12.600000000000001,12.655999999999992,0.05599999999999028,Evaluación
13.200000000000001,13.148000000000014,0.05199999999998717,Evaluación
14.200000000000001,14.134000000000016,0.06599999999998474,Evaluación
13.200000000000001,13.240000000000016,0.040000000000015135,Evaluación
13.200000000000001,13.159666666666679,0.04033333333332223,Evaluación
13.200000000000001,13.27800000000002,0.07800000000001894,Evaluación
14.200000000000001,13.888400000000006,0.311599999999995,Evaluación
13.600000000000001,13.379999999999995,0.22000000000000597,Evaluación
14.200000000000001,14.134666666666682,0.06533333333331903,Evaluación
13.600000000000001,13.619999999999996,0.019999999999994245,Evaluación
13.600000000000001,13.712666666666662,0.11266666666666048,Evaluación
13.600000000000001,13.788000000000002,0.1880000000000006,Evaluación
12.4,12.412000000000008,0.01200000000000756,Evaluación
13.0,12.966000000000001,0.03399999999999892,Evaluación
14.200000000000001,14.10173333333335,0.0982666666666514,Evaluación
12.600000000000001,12.794999999999995,0.19499999999999318,Evaluación
13.600000000000001,13.477999999999998,0.12200000000000344,Evaluación
13.8,13.412000000000008,0.3879999999999928,Evaluación
13.8,13.795999999999982,0.004000000000019099,Evaluación
14.200000000000001,13.996000000000013,0.2039999999999882,Evaluación
14.200000000000001,14.264000000000017,0.06400000000001604,Evaluación
12.4,12.533333333333328,0.13333333333332753,Evaluación
14.0,14.205999999999996,0.20599999999999596,Evaluación
14.0,14.144000000000004,0.14400000000000368,Evaluación
14.600000000000001,14.441999999999993,0.15800000000000836,Evaluación
14.200000000000001,14.028000000000015,0.17199999999998639,Evaluación
13.8,13.80999999999998,0.00999999999997847,Evaluación
13.200000000000001,13.156000000000015,0.04399999999998627,Evaluación
13.0,13.182,0.18200000000000038,Evaluación
14.200000000000001,14.102000000000011,0.0979999999999901,Evaluación
13.600000000000001,13.51533333333333,0.08466666666667066,Evaluación
12.8,12.814666666666644,0.014666666666643735,Evaluación
14.200000000000001,14.236000000000004,0.03600000000000314,Evaluación
13.4,13.486000000000008,0.0860000000000074,Evaluación
13.200000000000001,13.296000000000019,0.09600000000001785,Evaluación
14.200000000000001,14.178000000000019,0.021999999999982478,Evaluación
12.4,12.566000000000004,0.16600000000000392,Evaluación
13.4,13.398000000000009,0.001999999999991786,Evaluación
13.4,13.404000000000007,0.004000000000006665,Evaluación
13.200000000000001,13.367000000000019,0.16700000000001758,Evaluación
12.8,12.861999999999988,0.061999999999986954,Evaluación
12.4,12.666999999999998,0.2669999999999977,Evaluación
13.0,13.236000000000004,0.2360000000000042,Evaluación
12.600000000000001,12.689999999999996,0.08999999999999453,Evaluación
12.8,12.885999999999985,0.08599999999998431,Evaluación
13.0,13.472000000000001,0.4720000000000013,Evaluación
13.600000000000001,13.775999999999993,0.17599999999999127,Evaluación
14.4,14.348000000000006,0.05199999999999427,Evaluación
12.8,12.931466666666658,0.13146666666665752,Evaluación
12.4,12.192000000000013,0.20799999999998775,Evaluación
13.8,13.755999999999982,0.04400000000001825,Evaluación
12.8,12.721999999999989,0.07800000000001184,Evaluación
12.200000000000001,12.349333333333348,0.14933333333334708,Evaluación
14.4,14.35400000000001,0.04599999999999049,Evaluación
13.200000000000001,13.366000000000003,0.16600000000000215,Evaluación
13.8,13.677999999999983,0.12200000000001765,Evaluación
13.0,13.066000000000004,0.06600000000000428,Evaluación
12.8,12.781999999999984,0.01800000000001667,Evaluación
12.4,12.498000000000005,0.0980000000000043,Evaluación
13.200000000000001,13.326000000000013,0.12600000000001188,Evaluación
12.4,12.536,0.13599999999999923,Evaluación
13.200000000000001,13.375866666666681,0.17586666666668016,Evaluación
14.0,13.90399999999999,0.09600000000001074,Evaluación
15.0,14.931999999999993,0.06800000000000672,Evaluación
13.4,13.317000000000005,0.08299999999999486,Evaluación
14.200000000000001,14.017000000000014,0.1829999999999874,Evaluación
15.0,14.81,0.1899999999999995,Evaluación
14.4,14.74399999999998,0.3439999999999799,Evaluación
12.8,12.847999999999983,0.04799999999998228,Evaluación
13.0,13.214000000000004,0.21400000000000396,Evaluación
13.4,13.361333333333334,0.03866666666666596,Evaluación
12.600000000000001,12.584000000000005,0.01599999999999646,Evaluación
12.4,12.540433333333338,0.14043333333333763,Evaluación
13.8,13.783999999999981,0.016000000000019554,Evaluación
14.0,13.913999999999993,0.0860000000000074,Evaluación
12.600000000000001,12.609999999999998,0.009999999999996234,Evaluación
14.200000000000001,14.19600000000002,0.003999999999981796,Evaluación
12.600000000000001,12.682999999999995,0.08299999999999308,Evaluación
14.200000000000001,14.21400000000002,0.014000000000018886,Evaluación
12.600000000000001,12.736000000000004,0.13600000000000279,Evaluación
13.600000000000001,13.635999999999992,0.035999999999990706,Evaluación
13.0,13.024,0.023999999999999133,Evaluación
13.200000000000001,13.15100000000002,0.048999999999981725,Evaluación
13.200000000000001,13.248000000000012,0.0480000000000107,Evaluación
13.200000000000001,13.076000000000015,0.12399999999998634,Evaluación
13.0,13.224,0.2240000000000002,Evaluación
13.200000000000001,13.27600000000001,0.0760000000000094,Evaluación
13.4,13.677999999999995,0.27799999999999514,Evaluación
13.600000000000001,13.587599999999993,0.012400000000008404,Evaluación
13.600000000000001,13.533999999999994,0.06600000000000783,Evaluación
13.8,13.997333333333332,0.19733333333333114,Evaluación
12.8,12.727999999999987,0.07200000000001339,Evaluación
13.4,13.436000000000002,0.036000000000001364,Evaluación
12.600000000000001,12.781999999999998,0.18199999999999683,Evaluación
13.4,13.55583333333334,0.15583333333333904,Evaluación
12.8,13.314,0.5139999999999993,Evaluación
13.200000000000001,13.506000000000014,0.3060000000000134,Evaluación
13.0,13.053999999999997,0.05399999999999672,Evaluación
13.600000000000001,13.620000000000003,0.02000000000000135,Evaluación
13.200000000000001,13.546000000000017,0.3460000000000161,Evaluación
14.200000000000001,13.824000000000002,0.37599999999999945,Evaluación
14.8,14.619999999999981,0.18000000000001926,Evaluación
13.0,12.803000000000003,0.1969999999999974,Evaluación
13.600000000000001,13.827999999999996,0.22799999999999443,Evaluación
13.600000000000001,13.531999999999996,0.06800000000000495,Evaluación
14.4,14.386666666666674,0.013333333333326536,Evaluación
14.8,14.763999999999983,0.03600000000001735,Evaluación
12.200000000000001,12.770800000000001,0.5708000000000002,Evaluación
13.0,13.201999999999998,0.20199999999999818,Evaluación
12.600000000000001,12.661000000000001,0.06099999999999994,Evaluación
13.200000000000001,13.155000000000022,0.04499999999997861,Evaluación
13.200000000000001,13.29200000000002,0.09200000000001829,Evaluación
14.600000000000001,14.016000000000002,0.5839999999999996,Evaluación
12.600000000000001,12.637333333333334,0.037333333333332774,Evaluación
13.600000000000001,13.361999999999991,0.2380000000000102,Evaluación
14.600000000000001,14.361999999999991,0.2380000000000102,Evaluación
12.600000000000001,12.786000000000001,0.18599999999999994,Evaluación
13.0,13.12600000000001,0.1260000000000101,Evaluación
13.200000000000001,13.34133333333333,0.14133333333332843,Evaluación
13.0,13.018000000000002,0.01800000000000246,Evaluación
13.200000000000001,13.274000000000022,0.07400000000002116,Evaluación
13.0,12.852000000000007,0.14799999999999258,Evaluación
14.0,14.026,0.0259999999999998,Evaluación
14.0,14.266666666666678,0.26666666666667815,Evaluación
13.600000000000001,13.6098,0.009799999999998477,Evaluación
12.8,12.973999999999984,0.1739999999999835,Evaluación
13.600000000000001,13.603199999999992,0.003199999999990766,Evaluación
13.600000000000001,13.41247619047619,0.1875238095238121,Evaluación
12.200000000000001,12.222000000000016,0.022000000000014452,Evaluación
13.0,12.472833333333334,0.5271666666666661,Evaluación
13.0,12.872,0.1280000000000001,Evaluación
14.4,14.541999999999994,0.14199999999999413,Evaluación
14.0,13.535999999999996,0.46400000000000396,Evaluación
13.0,13.138000000000003,0.13800000000000345,Evaluación
13.8,13.677999999999987,0.1220000000000141,Evaluación
13.0,12.869999999999994,0.1300000000000061,Evaluación
13.8,13.773999999999976,0.02600000000002467,Evaluación
13.0,12.961999999999994,0.038000000000005585,Evaluación
14.4,14.382666666666676,0.01733333333332432,Evaluación
14.0,13.929999999999993,0.07000000000000739,Evaluación
12.8,12.981999999999989,0.18199999999998795,Evaluación
13.4,13.418000000000006,0.01800000000000601,Evaluación
13.8,13.797999999999995,0.002000000000005997,Evaluación
14.0,13.784000000000006,0.21599999999999397,Evaluación
13.0,13.036000000000003,0.03600000000000314,Evaluación
13.8,13.793999999999984,0.006000000000016215,Evaluación
14.8,14.414399999999977,0.38560000000002326,Evaluación
13.200000000000001,13.358000000000018,0.15800000000001724,Evaluación
14.4,14.31910000000001,0.08089999999999087,Evaluación
13.4,13.61400000000001,0.2140000000000093,Evaluación
15.0,14.806000000000004,0.1939999999999955,Evaluación
14.0,13.911999999999999,0.08800000000000097,Evaluación
12.600000000000001,12.649999999999995,0.049999999999993605,Evaluación
13.0,12.846000000000002,0.15399999999999814,Evaluación
12.8,12.887999999999982,0.08799999999998143,Evaluación
13.0,13.042,0.041999999999999815,Evaluación
14.0,13.893000000000002,0.10699999999999754,Evaluación
13.4,13.430000000000009,0.030000000000008242,Evaluación
13.4,14.28462857142857,0.8846285714285695,Evaluación
13.600000000000001,13.676333333333321,0.07633333333332004,Evaluación
13.0,12.93,0.07000000000000028,Evaluación
12.200000000000001,12.172000000000015,0.027999999999986258,Evaluación
12.600000000000001,12.699000000000003,0.09900000000000198,Evaluación
13.8,13.761999999999986,0.03800000000001447,Evaluación
14.0,14.052000000000012,0.05200000000001204,Evaluación
13.0,12.972000000000001,0.027999999999998693,Evaluación
13.600000000000001,13.698999999999995,0.0989999999999931,Evaluación
12.8,12.993999999999987,0.19399999999998663,Evaluación
13.8,13.751999999999985,0.04800000000001603,Evaluación
13.4,13.846666666666653,0.446666666666653,Evaluación
13.4,13.380000000000003,0.019999999999997797,Evaluación
14.0,13.867999999999995,0.132000000000005,Evaluación
13.600000000000001,13.605999999999993,0.005999999999991346,Evaluación
14.0,13.960000000000003,0.03999999999999737,Evaluación
13.4,13.278000000000006,0.12199999999999456,Evaluación
13.8,13.492,0.30799999999999983,Evaluación
13.4,13.39000000000001,0.009999999999990905,Evaluación
13.8,13.747999999999989,0.05200000000001204,Evaluación
12.600000000000001,12.821999999999997,0.22199999999999598,Evaluación
13.8,13.640142857142841,0.15985714285715957,Evaluación
13.200000000000001,13.443000000000017,0.24300000000001631,Evaluación
13.600000000000001,13.733999999999996,0.133999999999995,Evaluación
13.8,12.898333333333333,0.9016666666666673,Evaluación
13.200000000000001,13.034000000000008,0.16599999999999326,Evaluación
14.4,14.370000000000012,0.029999999999988702,Evaluación
12.4,12.4579,0.05790000000000006,Evaluación
13.4,13.338000000000006,0.06199999999999406,Evaluación
13.4,13.320000000000004,0.07999999999999652,Evaluación
13.4,13.675999999999988,0.27599999999998737,Evaluación
13.0,13.034000000000002,0.03400000000000247,Evaluación
13.4,13.05901666666666,0.34098333333334097,Evaluación
13.200000000000001,13.322000000000012,0.12200000000001054,Evaluación
14.0,14.099999999999996,0.09999999999999609,Evaluación
14.200000000000001,14.08266666666666,0.11733333333334173,Evaluación
12.8,12.882999999999988,0.08299999999998775,Evaluación
13.8,13.801999999999982,0.001999999999981128,Evaluación
14.4,14.46400000000001,0.06400000000000894,Evaluación
12.0,12.007999999999997,0.007999999999997343,Evaluación
14.200000000000001,14.148000000000009,0.0519999999999925,Evaluación
14.200000000000001,14.284000000000017,0.08400000000001562,Evaluación
13.200000000000001,13.073000000000015,0.12699999999998646,Evaluación
14.8,14.743999999999982,0.0560000000000187,Evaluación
12.8,12.951999999999988,0.1519999999999868,Evaluación
13.600000000000001,13.68999999999999,0.0899999999999892,Evaluación
13.200000000000001,12.793999999999988,0.406000000000013,Evaluación
13.0,13.06,0.0600000000000005,Evaluación
12.8,12.94799999999999,0.14799999999998903,Evaluación
13.0,13.055999999999997,0.055999999999997385,Evaluación
13.8,13.65399999999998,0.14600000000002034,Evaluación
13.600000000000001,13.52999999999999,0.07000000000001094,Evaluación
12.4,12.470000000000002,0.07000000000000206,Evaluación
12.600000000000001,12.568000000000001,0.03200000000000003,Evaluación
13.0,12.909999999999995,0.09000000000000519,Evaluación
12.4,12.696000000000009,0.29600000000000826,Evaluación
13.4,13.862000000000005,0.4620000000000051,Evaluación
12.8,12.941999999999986,0.14199999999998525,Evaluación
12.200000000000001,12.364000000000019,0.16400000000001747,Evaluación
13.0,13.21,0.21000000000000085,Evaluación
13.4,13.548000000000007,0.1480000000000068,Evaluación
14.0,13.8266,0.1734000000000009,Evaluación
11.8,11.855999999999984,0.055999999999983174,Evaluación
15.0,14.945999999999996,0.05400000000000382,Evaluación
13.4,13.34200000000001,0.05799999999999095,Evaluación
12.8,12.923999999999987,0.12399999999998634,Evaluación
14.4,14.161333333333346,0.2386666666666546,Evaluación
13.8,13.519999999999989,0.2800000000000118,Evaluación
13.0,13.195999999999996,0.19599999999999618,Evaluación
14.4,14.17600000000001,0.22399999999998954,Evaluación
13.8,13.839999999999984,0.03999999999998316,Evaluación
14.200000000000001,14.269333333333332,0.06933333333333103,Evaluación
12.8,12.903999999999987,0.10399999999998677,Evaluación
14.8,14.655999999999981,0.14400000000001967,Evaluación
13.600000000000001,13.611999999999993,0.011999999999991573,Evaluación
13.200000000000001,13.262000000000015,0.0620000000000136,Evaluación
13.0,12.96200000000001,0.0379999999999896,Evaluación
13.4,13.193999999999994,0.20600000000000662,Evaluación
13.8,13.95799999999998,0.15799999999997993,Evaluación
13.200000000000001,13.16000000000002,0.039999999999981384,Evaluación
13.8,13.54999999999999,0.25000000000001066,Evaluación
13.4,13.350666666666676,0.04933333333332435,Evaluación
12.8,12.907999999999989,0.1079999999999881,Evaluación
13.4,13.232000000000001,0.16799999999999926,Evaluación
12.200000000000001,12.264000000000017,0.06400000000001604,Evaluación
12.200000000000001,12.649999999999988,0.44999999999998685,Evaluación
13.600000000000001,13.533999999999997,0.06600000000000428,Evaluación
13.200000000000001,13.414000000000009,0.21400000000000752,Evaluación
13.200000000000001,13.804999999999996,0.6049999999999951,Evaluación
13.600000000000001,13.389999999999988,0.2100000000000133,Evaluación
12.600000000000001,12.736000000000004,0.13600000000000279,Evaluación
13.200000000000001,13.07433333333335,0.1256666666666515,Evaluación
13.200000000000001,13.23400000000002,0.03400000000001846,Evaluación
13.200000000000001,13.109833333333343,0.09016666666665785,Evaluación
13.0,12.990000000000002,0.00999999999999801,Evaluación
13.8,13.571999999999992,0.22800000000000864,Evaluación
14.200000000000001,14.234000000000012,0.034000000000011354,Evaluación
13.200000000000001,13.18600000000002,0.013999999999981583,Evaluación
13.200000000000001,13.296000000000022,0.0960000000000214,Evaluación
13.0,13.15000000000001,0.15000000000000924,Evaluación
14.200000000000001,14.270000000000017,0.07000000000001627,Evaluación
13.8,13.579999999999993,0.22000000000000774,Evaluación
12.200000000000001,12.458000000000006,0.25800000000000445,Evaluación
14.0,14.208333333333341,0.20833333333334103,Evaluación
14.0,13.716000000000001,0.2839999999999989,Evaluación
13.0,13.028000000000004,0.02800000000000402,Evaluación
12.8,12.809999999999986,0.009999999999985576,Evaluación
13.600000000000001,13.495999999999988,0.10400000000001342,Evaluación
12.600000000000001,12.626666666666676,0.026666666666674388,Evaluación
12.600000000000001,12.557999999999998,0.04200000000000337,Evaluación
14.200000000000001,13.801999999999996,0.398000000000005,Evaluación
13.600000000000001,13.573999999999995,0.026000000000006906,Evaluación
13.0,13.123999999999997,0.123999999999997,Evaluación
13.0,12.8905,0.1095000000000006,Evaluación
13.600000000000001,13.440000000000005,0.1599999999999966,Evaluación
13.8,14.210000000000003,0.4100000000000019,Evaluación
14.200000000000001,13.91400000000002,0.2859999999999818,Evaluación
13.0,13.123999999999999,0.12399999999999878,Evaluación
12.8,12.822999999999986,0.022999999999985477,Evaluación
15.0,14.373999999999992,0.6260000000000083,Evaluación
13.4,13.144,0.2560000000000002,Evaluación
13.600000000000001,13.529999999999994,0.07000000000000739,Evaluación
14.4,14.424000000000005,0.024000000000004462,Evaluación
13.4,13.267333333333339,0.13266666666666183,Evaluación
14.4,14.071999999999997,0.32800000000000296,Evaluación
13.8,13.709999999999985,0.09000000000001585,Evaluación
13.600000000000001,13.434000000000012,0.1659999999999897,Evaluación
14.0,14.047999999999995,0.047999999999994714,Evaluación
13.8,13.998666666666656,0.19866666666665544,Evaluación
13.4,13.440000000000005,0.040000000000004476,Evaluación
12.600000000000001,12.869999999999997,0.269999999999996,Evaluación
12.200000000000001,12.192000000000021,0.007999999999979579,Evaluación
13.200000000000001,13.238000000000017,0.03800000000001624,Evaluación
14.600000000000001,14.531999999999996,0.06800000000000495,Evaluación
13.4,13.326000000000011,0.07399999999998919,Evaluación
14.4,14.164000000000012,0.23599999999998822,Evaluación
13.8,13.98599999999999,0.18599999999998929,Evaluación
13.8,13.845999999999979,0.04599999999997806,Evaluación
12.600000000000001,12.776000000000002,0.17600000000000016,Evaluación
13.4,13.717999999999991,0.31799999999999073,Evaluación
12.600000000000001,12.644333333333323,0.04433333333332179,Evaluación
13.200000000000001,13.466000000000015,0.2660000000000142,Evaluación
12.4,12.757000000000005,0.35700000000000465,Evaluación
13.600000000000001,13.538000000000002,0.06199999999999939,Evaluación
13.0,12.981999999999998,0.01800000000000246,Evaluación
11.8,11.983999999999988,0.18399999999998684,Evaluación
14.4,13.941999999999998,0.45800000000000196,Evaluación
12.600000000000001,12.627999999999988,0.027999999999986258,Evaluación
13.600000000000001,13.59199999999999,0.008000000000011553,Evaluación
12.200000000000001,12.222000000000014,0.022000000000012676,Evaluación
13.0,13.473999999999995,0.47399999999999487,Evaluación
13.600000000000001,13.603999999999994,0.003999999999992454,Evaluación
12.200000000000001,12.664000000000003,0.4640000000000022,Evaluación
12.600000000000001,12.703999999999997,0.10399999999999565,Evaluación
13.4,13.576000000000004,0.1760000000000037,Evaluación
13.200000000000001,13.168000000000015,0.03199999999998582,Evaluación
15.0,14.823999999999995,0.17600000000000549,Evaluación
13.600000000000001,13.589999999999993,0.010000000000008669,Evaluación
13.0,13.116000000000003,0.11600000000000321,Evaluación
12.8,12.883999999999983,0.08399999999998187,Evaluación
13.4,13.28966666666667,0.11033333333332962,Evaluación
12.8,12.793999999999983,0.006000000000017991,Evaluación
13.4,13.255333333333333,0.1446666666666676,Evaluación
12.600000000000001,12.585999999999995,0.014000000000006452,Evaluación
13.4,13.412666666666667,0.01266666666666616,Evaluación
13.0,12.942,0.05799999999999983,Evaluación
14.0,13.949999999999996,0.05000000000000426,Evaluación
12.4,12.528000000000004,0.12800000000000367,Evaluación
13.8,13.669999999999982,0.13000000000001855,Evaluación
14.0,14.268000000000002,0.26800000000000246,Evaluación
13.600000000000001,13.736757142857138,0.13675714285713703,Evaluación
13.600000000000001,13.290000000000003,0.3099999999999987,Evaluación
12.8,12.739333333333315,0.06066666666668574,Evaluación
12.600000000000001,12.7,0.09999999999999787,Evaluación
13.600000000000001,13.515999999999993,0.08400000000000851,Evaluación
13.4,13.404000000000005,0.0040000000000048885,Evaluación
13.600000000000001,13.566000000000006,0.03399999999999537,Evaluación
13.200000000000001,13.212000000000014,0.01200000000001289,Evaluación
13.4,13.43700000000001,0.03700000000000969,Evaluación
13.8,13.779999999999982,0.020000000000019114,Evaluación
13.600000000000001,13.434999999999995,0.16500000000000625,Evaluación
14.0,13.987999999999998,0.012000000000002231,Evaluación
13.600000000000001,13.624799999999993,0.02479999999999194,Evaluación
13.200000000000001,13.247666666666676,0.047666666666675184,Evaluación
13.4,13.530733333333332,0.1307333333333318,Evaluación
13.0,13.080000000000002,0.08000000000000185,Evaluación
13.4,13.42400000000001,0.02400000000000979,Evaluación
12.600000000000001,12.78199999999999,0.18199999999998795,Evaluación
12.8,13.231999999999998,0.43199999999999683,Evaluación
12.8,12.725999999999985,0.07400000000001583,Evaluación
13.200000000000001,13.176000000000009,0.023999999999992028,Evaluación
13.600000000000001,13.724,0.12399999999999878,Evaluación
13.4,13.330000000000002,0.06999999999999851,Evaluación
14.4,14.44800000000001,0.048000000000008924,Evaluación
13.4,13.388000000000007,0.01199999999999335,Evaluación
13.200000000000001,13.314000000000007,0.1140000000000061,Evaluación
13.200000000000001,13.298000000000018,0.09800000000001674,Evaluación
13.4,13.326000000000015,0.07399999999998563,Evaluación
14.0,14.0175,0.01750000000000007,Evaluación
13.8,14.070500000000008,0.2705000000000073,Evaluación
13.8,13.741999999999978,0.05800000000002292,Evaluación
13.200000000000001,13.212000000000023,0.012000000000021771,Evaluación
13.200000000000001,13.334000000000014,0.13400000000001278,Evaluación
13.4,13.486285714285723,0.08628571428572229,Evaluación
13.4,13.432000000000006,0.03200000000000536,Evaluación
13.4,13.35500000000001,0.04499999999999105,Evaluación
14.4,14.340000000000009,0.059999999999991616,Evaluación
13.600000000000001,13.641999999999998,0.04199999999999626,Evaluación
14.0,13.963999999999999,0.036000000000001364,Evaluación
13.8,13.787999999999984,0.012000000000016442,Evaluación
13.0,13.176000000000004,0.1760000000000037,Evaluación
14.4,14.410000000000007,0.010000000000006892,Evaluación
13.8,13.935999999999984,0.13599999999998325,Evaluación
13.600000000000001,13.441999999999991,0.15800000000001013,Evaluación
12.4,12.408000000000001,0.008000000000000895,Evaluación
13.4,13.256000000000002,0.14399999999999835,Evaluación
13.4,13.294000000000008,0.10599999999999277,Evaluación
13.4,13.522,0.12199999999999989,Evaluación
12.600000000000001,12.789199999999996,0.18919999999999426,Evaluación
14.200000000000001,14.140000000000018,0.059999999999982734,Evaluación
13.200000000000001,13.162000000000017,0.03799999999998427,Evaluación
13.0,13.056000000000001,0.05600000000000094,Evaluación
13.8,13.599999999999977,0.20000000000002416,Evaluación
12.600000000000001,12.599999999999996,5.329070518200751e-15,Evaluación
12.8,12.586000000000011,0.21399999999998975,Evaluación
13.4,13.261999999999999,0.13800000000000168,Evaluación
12.4,12.457999999999997,0.05799999999999628,Evaluación
13.600000000000001,13.549999999999995,0.05000000000000604,Evaluación
14.200000000000001,14.29200000000002,0.09200000000001829,Evaluación
13.200000000000001,13.398000000000016,0.1980000000000146,Evaluación
13.8,13.83399999999998,0.03399999999997938,Evaluación
14.200000000000001,14.224000000000013,0.024000000000011568,Evaluación
13.200000000000001,13.01,0.19000000000000128,Evaluación
14.4,14.200000000000006,0.19999999999999396,Evaluación
14.0,13.931999999999995,0.06800000000000495,Evaluación
13.0,12.994666666666667,0.005333333333332746,Evaluación
12.8,12.839999999999986,0.039999999999984936,Evaluación
12.600000000000001,12.846000000000004,0.24600000000000222,Evaluación
12.600000000000001,12.693999999999996,0.09399999999999409,Evaluación
13.200000000000001,13.382000000000007,0.1820000000000057,Evaluación
13.600000000000001,13.63299999999999,0.032999999999988816,Evaluación
14.8,14.613999999999983,0.1860000000000177,Evaluación
14.200000000000001,14.059999999999995,0.1400000000000059,Evaluación
13.4,13.188000000000004,0.2119999999999962,Evaluación
13.200000000000001,12.982000000000014,0.21799999999998754,Evaluación
13.4,13.14000000000001,0.2599999999999909,Evaluación
12.4,12.448,0.04800000000000004,Evaluación
13.600000000000001,13.527999999999997,0.0720000000000045,Evaluación
12.4,12.220000000000004,0.17999999999999616,Evaluación
14.0,14.063999999999995,0.06399999999999473,Evaluación
14.4,13.695999999999987,0.7040000000000131,Evaluación
12.8,12.887999999999986,0.08799999999998498,Evaluación
13.200000000000001,13.110000000000015,0.08999999999998565,Evaluación
13.600000000000001,13.68749999999999,0.08749999999998792,Evaluación
12.8,12.897999999999989,0.09799999999998832,Evaluación
12.200000000000001,12.29600000000001,0.09600000000000897,Evaluación
13.8,13.91266666666665,0.11266666666664982,Evaluación
13.600000000000001,13.502000000000008,0.09799999999999365,Evaluación
12.8,12.925999999999993,0.12599999999999234,Evaluación
13.4,13.596571428571428,0.19657142857142773,Evaluación
13.4,13.480666666666673,0.08066666666667288,Evaluación
13.0,13.133999999999999,0.13399999999999856,Evaluación
13.600000000000001,12.986000000000008,0.6139999999999937,Evaluación
13.4,13.310000000000004,0.0899999999999963,Evaluación
13.4,13.506000000000004,0.10600000000000342,Evaluación
12.8,12.851333333333317,0.05133333333331613,Evaluación
14.0,13.451999999999996,0.5480000000000036,Evaluación
13.8,14.150400000000005,0.35040000000000404,Evaluación
13.200000000000001,13.218000000000018,0.01800000000001667,Evaluación
13.8,13.737999999999989,0.06200000000001182,Evaluación
13.200000000000001,13.334000000000017,0.13400000000001633,Evaluación
14.600000000000001,14.517999999999994,0.08200000000000784,Evaluación
13.200000000000001,13.090000000000007,0.1099999999999941,Evaluación
13.8,13.785999999999984,0.01400000000001711,Evaluación
14.0,13.876,0.12400000000000055,Evaluación
14.200000000000001,14.174000000000017,0.025999999999983814,Evaluación
14.0,13.789999999999997,0.21000000000000263,Evaluación
13.8,13.829999999999982,0.029999999999981597,Evaluación
12.600000000000001,12.793999999999999,0.19399999999999729,Evaluación
14.200000000000001,13.755999999999993,0.44400000000000794,Evaluación
13.4,13.292000000000005,0.10799999999999521,Evaluación
14.600000000000001,14.305999999999992,0.29400000000000936,Evaluación
13.600000000000001,13.58073333333332,0.019266666666680976,Evaluación
13.8,13.80999999999998,0.00999999999997847,Evaluación
13.600000000000001,13.445599999999999,0.15440000000000254,Evaluación
13.0,13.129866666666672,0.1298666666666719,Evaluación
13.200000000000001,13.309142857142874,0.10914285714287253,Evaluación
13.0,12.936000000000002,0.06399999999999828,Evaluación
13.8,14.145999999999985,0.3459999999999841,Evaluación
14.200000000000001,13.987999999999994,0.21200000000000685,Evaluación
13.200000000000001,13.152000000000012,0.047999999999989384,Evaluación
13.8,14.017999999999986,0.21799999999998576,Evaluación
11.8,11.957999999999988,0.15799999999998704,Evaluación
13.0,12.829999999999998,0.1700000000000017,Evaluación
14.4,14.316000000000013,0.0839999999999872,Evaluación
12.0,12.032,0.03200000000000003,Evaluación
12.8,12.803999999999983,0.003999999999981796,Evaluación
13.8,13.589999999999993,0.21000000000000796,Evaluación
14.0,13.180000000000005,0.819999999999995,Evaluación
13.4,13.360000000000005,0.039999999999995595,Evaluación
13.4,13.442000000000005,0.042000000000005144,Evaluación
12.8,12.793999999999997,0.00600000000000378,Evaluación
13.600000000000001,13.30399999999999,0.2960000000000118,Evaluación
14.4,14.406000000000017,0.006000000000016215,Evaluación
13.0,13.088000000000006,0.0880000000000063,Evaluación
14.0,13.972000000000005,0.02799999999999514,Evaluación
15.0,14.585,0.41499999999999915,Evaluación
13.0,13.076000000000004,0.07600000000000406,Evaluación
12.600000000000001,12.757999999999997,0.15799999999999592,Evaluación
14.200000000000001,14.246000000000015,0.046000000000013586,Evaluación
13.200000000000001,12.980000000000002,0.21999999999999886,Evaluación
13.8,13.967999999999979,0.16799999999997794,Evaluación
13.600000000000001,13.727999999999986,0.12799999999998413,Evaluación
14.200000000000001,14.100000000000017,0.09999999999998366,Evaluación
14.0,13.768000000000002,0.23199999999999754,Evaluación
13.200000000000001,13.098000000000011,0.10199999999998965,Evaluación
14.600000000000001,14.476999999999986,0.12300000000001532,Evaluación
12.4,12.633733333333334,0.23373333333333335,Evaluación
13.0,13.121999999999998,0.12199999999999811,Evaluación
14.200000000000001,13.988800000000015,0.21119999999998562,Evaluación
13.200000000000001,13.236000000000011,0.036000000000010246,Evaluación
14.4,14.354000000000008,0.04599999999999227,Evaluación
12.8,12.815999999999981,0.015999999999980474,Evaluación
12.600000000000001,12.822000000000001,0.22199999999999953,Evaluación
12.600000000000001,13.158000000000005,0.5580000000000034,Evaluación
14.4,14.228000000000014,0.17199999999998639,Evaluación
14.200000000000001,14.16000000000002,0.039999999999981384,Evaluación
14.4,13.974000000000004,0.4259999999999966,Evaluación
13.0,13.032000000000004,0.03200000000000358,Evaluación
13.4,13.354000000000008,0.04599999999999227,Evaluación
13.600000000000001,13.936400000000003,0.33640000000000114,Evaluación
13.200000000000001,13.419400000000005,0.21940000000000381,Evaluación
14.4,14.183500000000004,0.21649999999999636,Evaluación
14.200000000000001,14.146000000000015,0.05399999999998606,Evaluación
14.0,14.036000000000001,0.036000000000001364,Evaluación
13.600000000000001,13.561999999999994,0.03800000000000736,Evaluación
14.4,14.430000000000005,0.03000000000000469,Evaluación
13.200000000000001,13.362000000000002,0.1620000000000008,Evaluación
13.8,13.75999999999998,0.040000000000020464,Evaluación
13.0,12.811999999999994,0.18800000000000594,Evaluación
12.4,12.509999999999998,0.10999999999999766,Evaluación
13.8,14.02200000000001,0.2220000000000084,Evaluación
13.0,12.992000000000003,0.007999999999997343,Evaluación
13.8,13.813999999999982,0.013999999999981583,Evaluación
13.8,13.903999999999987,0.10399999999998677,Evaluación
14.600000000000001,14.456333333333323,0.14366666666667882,Evaluación
15.0,14.414000000000003,0.5859999999999967,Evaluación
14.0,13.304000000000006,0.6959999999999944,Evaluación
14.8,14.711999999999982,0.08800000000001873,Evaluación
13.0,12.999599999999997,0.0004000000000026205,Evaluación
12.600000000000001,12.589999999999998,0.01000000000000334,Evaluación
14.8,14.685999999999986,0.11400000000001498,Evaluación
14.200000000000001,13.945999999999993,0.25400000000000844,Evaluación
13.600000000000001,13.338000000000006,0.2619999999999951,Evaluación
13.8,13.631999999999989,0.1680000000000117,Evaluación
14.200000000000001,13.971780952380952,0.22821904761904932,Evaluación
13.200000000000001,12.880666666666675,0.3193333333333257,Evaluación
13.0,13.047200000000005,0.04720000000000546,Evaluación
13.200000000000001,13.356666666666682,0.1566666666666805,Evaluación
13.0,13.156000000000006,0.1560000000000059,Evaluación
13.4,13.70600000000001,0.3060000000000098,Evaluación
14.0,13.880999999999995,0.1190000000000051,Evaluación
12.600000000000001,12.675999999999993,0.07599999999999163,Evaluación
12.8,12.781999999999988,0.018000000000013117,Evaluación
14.200000000000001,14.274000000000012,0.0740000000000105,Evaluación
13.600000000000001,13.507999999999992,0.09200000000000941,Evaluación
14.4,13.927733333333327,0.4722666666666733,Evaluación
14.200000000000001,14.136000000000015,0.06399999999998585,Evaluación
12.8,12.947999999999995,0.14799999999999436,Evaluación
12.8,12.719999999999992,0.08000000000000895,Evaluación
13.200000000000001,13.144000000000016,0.05599999999998495,Evaluación
13.600000000000001,13.442133333333334,0.15786666666666704,Evaluación
13.600000000000001,13.635999999999997,0.035999999999996035,Evaluación
13.0,12.495000000000012,0.5049999999999883,Evaluación
13.4,13.319000000000008,0.08099999999999241,Evaluación
12.8,12.84199999999998,0.0419999999999785,Evaluación
14.0,13.81,0.1899999999999995,Evaluación
13.0,12.927999999999999,0.07200000000000095,Evaluación
13.0,13.153999999999998,0.15399999999999814,Evaluación
13.600000000000001,13.487999999999992,0.11200000000000898,Evaluación
12.200000000000001,12.280000000000015,0.08000000000001428,Evaluación
12.600000000000001,12.338000000000012,0.2619999999999898,Evaluación
13.0,13.079999999999998,0.0799999999999983,Evaluación
13.8,13.85999999999998,0.05999999999997918,Evaluación
12.8,12.831999999999987,0.03199999999998582,Evaluación
13.8,13.819999999999983,0.01999999999998181,Evaluación
13.4,13.181333333333336,0.2186666666666639,Evaluación
14.8,14.655333333333315,0.14466666666668537,Evaluación
13.200000000000001,13.162000000000013,0.03799999999998782,Evaluación
14.4,14.40400000000001,0.004000000000010218,Evaluación
14.600000000000001,14.667999999999985,0.06799999999998363,Evaluación
14.600000000000001,14.503999999999994,0.09600000000000719,Evaluación
12.600000000000001,12.873999999999999,0.27399999999999736,Evaluación
13.8,13.593333333333316,0.20666666666668476,Evaluación
14.200000000000001,14.14800000000001,0.05199999999999072,Evaluación
12.600000000000001,12.617999999999997,0.017999999999995353,Evaluación
13.8,13.777999999999986,0.022000000000014452,Evaluación
14.4,14.314000000000007,0.08599999999999319,Evaluación
13.600000000000001,13.438000000000015,0.1619999999999866,Evaluación
12.4,12.513999999999996,0.11399999999999544,Evaluación
13.600000000000001,13.803999999999997,0.2039999999999953,Evaluación
14.200000000000001,14.10800000000002,0.09199999999998099,Evaluación
13.4,13.551999999999998,0.15199999999999747,Evaluación
13.0,13.082,0.08200000000000074,Evaluación
12.0,12.260000000000012,0.2600000000000122,Evaluación
13.600000000000001,13.4484,0.15160000000000196,Evaluación
11.8,12.333999999999985,0.5339999999999847,Evaluación
12.8,12.931999999999992,0.1319999999999908,Evaluación
14.200000000000001,14.216000000000022,0.01600000000002133,Evaluación
13.600000000000001,13.429999999999993,0.1700000000000088,Evaluación
14.0,14.486000000000004,0.4860000000000042,Evaluación
12.4,12.524999999999999,0.12499999999999822,Evaluación
12.4,12.45913333333334,0.05913333333333881,Evaluación
13.600000000000001,13.521999999999991,0.07800000000001006,Evaluación
13.600000000000001,13.491999999999994,0.10800000000000765,Evaluación
14.8,14.307999999999998,0.49200000000000266,Evaluación
12.200000000000001,12.366000000000016,0.16600000000001458,Evaluación
13.4,13.378000000000007,0.021999999999993136,Evaluación
13.0,12.961999999999998,0.03800000000000203,Evaluación
13.0,13.140000000000004,0.14000000000000412,Evaluación
13.4,13.324000000000007,0.0759999999999934,Evaluación
12.200000000000001,12.292000000000014,0.09200000000001296,Evaluación
12.8,12.825999999999983,0.025999999999982037,Evaluación
12.8,12.965200000000003,0.16520000000000223,Evaluación
13.4,13.352000000000015,0.04799999999998583,Evaluación
13.8,13.886199999999999,0.08619999999999806,Evaluación
13.8,13.260000000000014,0.5399999999999867,Evaluación
13.4,13.366000000000007,0.03399999999999359,Evaluación
12.4,12.178000000000003,0.22199999999999775,Evaluación
13.200000000000001,13.422000000000011,0.2220000000000102,Evaluación
14.4,14.222333333333347,0.17766666666665287,Evaluación
13.4,13.398000000000003,0.001999999999997115,Evaluación
13.4,13.508000000000008,0.10800000000000765,Evaluación
13.4,13.352000000000006,0.047999999999994714,Evaluación
13.600000000000001,13.376,0.22400000000000198,Evaluación
12.600000000000001,12.596000000000002,0.0039999999999995595,Evaluación
12.4,12.658000000000005,0.25800000000000445,Evaluación
13.0,13.010000000000005,0.010000000000005116,Evaluación
13.0,13.063000000000002,0.06300000000000239,Evaluación
14.0,13.953333333333335,0.04666666666666508,Evaluación
14.600000000000001,14.545999999999987,0.05400000000001448,Evaluación
14.600000000000001,14.507999999999987,0.09200000000001474,Evaluación
13.600000000000001,13.651666666666658,0.05166666666665698,Evaluación
12.600000000000001,12.520000000000003,0.0799999999999983,Evaluación
12.4,12.429999999999993,0.029999999999992255,Evaluación
13.8,13.378933333333327,0.4210666666666736,Evaluación
13.200000000000001,13.218500000000015,0.018500000000013728,Evaluación
13.600000000000001,13.56599999999999,0.034000000000011354,Evaluación
13.4,13.39000000000001,0.009999999999990905,Evaluación
13.0,12.972000000000003,0.027999999999996916,Evaluación
14.0,14.074000000000002,0.07400000000000162,Evaluación
12.8,13.02999999999998,0.2299999999999791,Evaluación
13.0,13.088000000000001,0.08800000000000097,Evaluación
13.4,13.472000000000005,0.0720000000000045,Evaluación
12.4,12.418,0.017999999999998906,Evaluación
13.200000000000001,13.233666666666684,0.03366666666668294,Evaluación
13.600000000000001,13.387999999999995,0.21200000000000685,Evaluación
12.8,12.853999999999985,0.05399999999998428,Evaluación
13.8,13.737999999999994,0.062000000000006494,Evaluación
13.8,13.857999999999988,0.057999999999987395,Evaluación
13.4,12.997999999999996,0.4020000000000046,Evaluación
12.200000000000001,12.46400000000002,0.2640000000000189,Evaluación
14.0,13.738000000000007,0.26199999999999335,Evaluación
13.0,13.184000000000001,0.18400000000000105,Evaluación
13.200000000000001,13.246000000000015,0.046000000000013586,Evaluación
13.200000000000001,13.196000000000021,0.0039999999999800195,Evaluación
13.8,13.88833333333333,0.08833333333332938,Evaluación
13.4,13.462000000000003,0.06200000000000294,Evaluación
14.200000000000001,13.888000000000016,0.3119999999999852,Evaluación
13.600000000000001,13.501999999999994,0.09800000000000786,Evaluación
13.4,13.448000000000004,0.048000000000003595,Evaluación
12.600000000000001,12.544,0.05600000000000094,Evaluación
12.8,12.620999999999995,0.1790000000000056,Evaluación
14.600000000000001,14.57599999999999,0.024000000000011568,Evaluación
13.8,13.871999999999984,0.07199999999998319,Evaluación
13.0,12.790000000000004,0.20999999999999552,Evaluación
14.0,13.638000000000002,0.3619999999999983,Evaluación
13.4,12.834000000000009,0.5659999999999918,Evaluación
13.4,13.31000000000001,0.08999999999999098,Evaluación
14.0,13.905976190476188,0.09402380952381151,Evaluación
13.8,13.61,0.19000000000000128,Evaluación
13.600000000000001,13.872000000000009,0.27200000000000735,Evaluación
13.200000000000001,13.188000000000011,0.011999999999989797,Evaluación
13.4,13.34650000000001,0.05349999999999078,Evaluación
14.200000000000001,14.212000000000016,0.012000000000014666,Evaluación
13.600000000000001,13.467999999999996,0.132000000000005,Evaluación
13.200000000000001,13.118,0.08200000000000074,Evaluación
12.8,13.031333333333327,0.2313333333333265,Evaluación
14.200000000000001,14.002000000000017,0.1979999999999844,Evaluación
12.200000000000001,12.356666666666678,0.15666666666667695,Evaluación
13.4,13.477000000000007,0.07700000000000706,Evaluación
13.0,12.984000000000002,0.015999999999998238,Evaluación
13.200000000000001,13.338000000000015,0.1380000000000141,Evaluación
13.600000000000001,13.537066666666657,0.06293333333334417,Evaluación
13.200000000000001,13.378000000000007,0.17800000000000615,Evaluación
12.600000000000001,12.698100000000002,0.09810000000000052,Evaluación
13.200000000000001,13.286000000000008,0.0860000000000074,Evaluación
14.600000000000001,14.269499999999995,0.330500000000006,Evaluación
13.4,13.526000000000002,0.12600000000000122,Evaluación
13.8,13.288499999999985,0.5115000000000158,Evaluación
13.4,13.23,0.16999999999999993,Evaluación
12.8,12.65399999999998,0.14600000000002034,Evaluación
12.8,13.336000000000004,0.5360000000000031,Evaluación
13.0,13.1,0.09999999999999964,Evaluación
13.600000000000001,13.50799999999999,0.09200000000001118,Evaluación
12.600000000000001,13.036000000000001,0.43599999999999994,Evaluación
13.8,13.83466666666665,0.03466666666664864,Evaluación
13.8,13.829999999999984,0.029999999999983373,Evaluación
14.0,13.960000000000003,0.03999999999999737,Evaluación
14.600000000000001,14.387999999999982,0.21200000000001928,Evaluación
13.200000000000001,13.150000000000018,0.04999999999998295,Evaluación
14.200000000000001,14.246000000000015,0.046000000000013586,Evaluación
13.200000000000001,13.074000000000018,0.12599999999998346,Evaluación
14.200000000000001,14.16600000000002,0.033999999999981156,Evaluación
13.200000000000001,13.09866666666668,0.1013333333333204,Evaluación
12.600000000000001,12.604000000000001,0.0039999999999995595,Evaluación
14.0,13.771999999999998,0.22800000000000153,Evaluación
13.200000000000001,13.040000000000013,0.1599999999999877,Evaluación
13.200000000000001,13.277700000000014,0.07770000000001254,Evaluación
13.200000000000001,13.122000000000009,0.0779999999999923,Evaluación
12.4,12.517999999999994,0.11799999999999322,Evaluación
13.8,13.90999999999999,0.10999999999998877,Evaluación
12.600000000000001,12.726999999999997,0.12699999999999534,Evaluación
13.600000000000001,13.517999999999995,0.08200000000000607,Evaluación
12.8,12.76599999999999,0.034000000000011354,Evaluación
13.8,13.873999999999985,0.07399999999998386,Evaluación
14.200000000000001,14.220000000000022,0.02000000000002089,Evaluación
14.200000000000001,14.289999999999996,0.08999999999999453,Evaluación
13.200000000000001,13.288666666666673,0.088666666666672,Evaluación
12.600000000000001,12.565999999999997,0.03400000000000425,Evaluación
14.4,14.424000000000008,0.024000000000008015,Evaluación
14.0,14.04766190476191,0.04766190476190957,Evaluación
14.200000000000001,14.018666666666679,0.18133333333332224,Evaluación
13.0,13.026,0.0259999999999998,Evaluación
13.0,13.012,0.012000000000000455,Evaluación
13.4,14.098000000000003,0.6980000000000022,Evaluación
13.600000000000001,13.501999999999992,0.09800000000000963,Evaluación
14.0,13.963999999999999,0.036000000000001364,Evaluación
14.0,13.634,0.36599999999999966,Evaluación
14.4,14.402000000000008,0.0020000000000077733,Evaluación
13.0,13.051999999999998,0.051999999999997826,Evaluación
13.0,13.09199999999999,0.09199999999998987,Evaluación
14.200000000000001,13.484000000000007,0.715999999999994,Evaluación
14.8,14.015900000000006,0.7840999999999951,Evaluación
12.8,13.53933333333333,0.7393333333333292,Evaluación
12.8,12.929999999999984,0.12999999999998302,Evaluación
13.0,13.005999999999995,0.005999999999994898,Evaluación
13.4,13.338000000000013,0.061999999999986954,Evaluación
14.600000000000001,14.645999999999981,0.045999999999979835,Evaluación
14.4,14.368000000000006,0.0319999999999947,Evaluación
13.0,12.981999999999992,0.018000000000007788,Evaluación
13.4,13.486000000000008,0.0860000000000074,Evaluación
13.200000000000001,12.975133333333336,0.22486666666666544,Evaluación
14.0,13.995,0.005000000000000782,Evaluación
13.200000000000001,13.282500000000018,0.08250000000001734,Evaluación
13.200000000000001,13.122000000000009,0.0779999999999923,Evaluación
13.600000000000001,13.561999999999996,0.038000000000005585,Evaluación
13.600000000000001,13.605999999999995,0.005999999999993122,Evaluación
13.4,13.414000000000005,0.014000000000004675,Evaluación
13.0,13.169333333333348,0.16933333333334843,Evaluación
12.8,12.673999999999985,0.12600000000001543,Evaluación
14.0,13.432,0.5679999999999996,Evaluación
12.600000000000001,12.564000000000004,0.03599999999999781,Evaluación
13.0,13.114000000000006,0.1140000000000061,Evaluación
13.4,13.424000000000008,0.024000000000008015,Evaluación
14.200000000000001,14.044000000000022,0.15599999999997927,Evaluación
14.600000000000001,14.473999999999995,0.12600000000000655,Evaluación
13.4,13.517200000000008,0.11720000000000752,Evaluación
14.4,14.262076190476199,0.13792380952380157,Evaluación
14.200000000000001,14.230000000000025,0.03000000000002423,Evaluación
14.4,14.186000000000014,0.2139999999999862,Evaluación
13.600000000000001,13.665999999999983,0.06599999999998118,Evaluación
13.0,12.9775,0.022500000000000853,Evaluación
13.600000000000001,13.575999999999997,0.024000000000004462,Evaluación
13.4,13.412000000000008,0.01200000000000756,Evaluación
13.200000000000001,13.012666666666682,0.18733333333331892,Evaluación
12.8,12.929999999999984,0.12999999999998302,Evaluación
13.0,12.632666666666669,0.36733333333333107,Evaluación
13.8,13.843999999999992,0.0439999999999916,Evaluación
13.600000000000001,13.647999999999994,0.04799999999999294,Evaluación
13.8,13.715999999999978,0.08400000000002272,Evaluación
14.0,13.8072,0.19280000000000008,Evaluación
13.0,13.048,0.04800000000000004,Evaluación
12.600000000000001,12.441999999999993,0.15800000000000836,Evaluación
14.200000000000001,14.193999999999996,0.0060000000000055564,Evaluación
13.600000000000001,13.591999999999993,0.008000000000008,Evaluación
14.0,13.724000000000004,0.27599999999999625,Evaluación
14.4,14.358000000000011,0.04199999999998916,Evaluación
12.8,12.81399999999999,0.013999999999988688,Evaluación
12.8,12.851999999999983,0.05199999999998184,Evaluación
13.200000000000001,13.086000000000015,0.11399999999998656,Evaluación
13.8,13.61406666666666,0.18593333333333995,Evaluación
14.200000000000001,14.29600000000001,0.09600000000000897,Evaluación
13.8,14.206999999999999,0.40699999999999825,Evaluación
13.4,13.242000000000003,0.1579999999999977,Evaluación
13.200000000000001,13.412000000000013,0.21200000000001218,Evaluación
14.200000000000001,14.468000000000009,0.2680000000000078,Evaluación
12.600000000000001,12.610666666666667,0.010666666666665492,Evaluación
12.4,12.452000000000004,0.052000000000003155,Evaluación
14.600000000000001,14.645999999999988,0.04599999999998694,Evaluación
13.200000000000001,13.316000000000017,0.11600000000001565,Evaluación
14.4,14.132000000000014,0.26799999999998647,Evaluación
13.4,13.326,0.07399999999999984,Evaluación
13.0,13.122,0.12199999999999989,Evaluación
13.200000000000001,13.119000000000014,0.08099999999998708,Evaluación
13.600000000000001,13.366966666666658,0.23303333333334386,Evaluación
13.8,13.596571428571428,0.20342857142857262,Evaluación
13.600000000000001,13.553999999999997,0.046000000000004704,Evaluación
12.200000000000001,12.436000000000014,0.2360000000000131,Evaluación
13.600000000000001,13.22959999999999,0.3704000000000107,Evaluación
12.8,12.668999999999984,0.13100000000001621,Evaluación
13.4,13.540000000000004,0.14000000000000412,Evaluación
13.600000000000001,13.68399999999999,0.08399999999998897,Evaluación
12.200000000000001,12.304000000000007,0.10400000000000631,Evaluación
13.200000000000001,13.176000000000014,0.0239999999999867,Evaluación
12.8,12.672999999999993,0.12700000000000777,Evaluación
13.4,13.594000000000008,0.19400000000000794,Evaluación
12.8,12.804666666666645,0.004666666666643948,Evaluación
14.4,14.436000000000009,0.03600000000000847,Evaluación
12.4,12.444,0.04400000000000048,Evaluación
12.600000000000001,12.627999999999997,0.02799999999999514,Evaluación
14.0,14.165999999999991,0.1659999999999915,Evaluación
13.8,13.60999999999999,0.19000000000001016,Evaluación
12.8,12.903999999999995,0.10399999999999388,Evaluación
13.200000000000001,13.308000000000016,0.10800000000001475,Evaluación
13.4,13.385200000000006,0.014799999999993929,Evaluación
14.200000000000001,13.565999999999992,0.6340000000000092,Evaluación
14.0,14.031333333333333,0.03133333333333255,Evaluación
13.8,14.04799999999998,0.2479999999999798,Evaluación
13.600000000000001,13.88999999999998,0.28999999999997783,Evaluación
12.8,12.908999999999981,0.10899999999998045,Evaluación
14.0,13.769999999999998,0.2300000000000022,Evaluación
13.8,13.693999999999985,0.10600000000001586,Evaluación
12.600000000000001,12.102000000000002,0.49799999999999933,Evaluación
12.0,12.277999999999999,0.2779999999999987,Evaluación
13.0,13.054000000000004,0.05400000000000382,Evaluación
13.4,13.528000000000013,0.12800000000001255,Evaluación
13.200000000000001,13.262000000000016,0.062000000000015376,Evaluación
13.600000000000001,13.619999999999994,0.019999999999992468,Evaluación
13.4,13.572000000000008,0.1720000000000077,Evaluación
13.600000000000001,13.900700000000008,0.3007000000000062,Evaluación
12.4,12.466000000000006,0.06600000000000605,Evaluación
13.8,13.87199999999999,0.07199999999998852,Evaluación
14.600000000000001,14.61199999999999,0.01199999999998802,Evaluación
13.200000000000001,13.458000000000013,0.25800000000001155,Evaluación
13.4,13.488000000000008,0.08800000000000807,Evaluación
14.200000000000001,14.33400000000001,0.13400000000000922,Evaluación
13.200000000000001,13.649999999999988,0.44999999999998685,Evaluación
14.8,14.581999999999999,0.21800000000000175,Evaluación
13.4,13.414000000000005,0.014000000000004675,Evaluación
13.600000000000001,13.339999999999993,0.26000000000000867,Evaluación
12.200000000000001,12.200000000000019,1.7763568394002505e-14,Evaluación
13.8,13.859999999999983,0.059999999999982734,Evaluación
13.0,12.961999999999998,0.03800000000000203,Evaluación
14.200000000000001,13.990000000000014,0.20999999999998664,Evaluación
12.200000000000001,12.654333333333327,0.4543333333333255,Evaluación
14.0,14.163666666666664,0.16366666666666418,Evaluación
14.0,13.941000000000006,0.058999999999993946,Evaluación
13.8,13.781999999999984,0.01800000000001667,Evaluación
14.0,13.797999999999988,0.2020000000000124,Evaluación
13.4,13.302000000000003,0.0979999999999972,Evaluación
12.600000000000001,12.927999999999997,0.32799999999999585,Evaluación
14.0,13.965,0.03500000000000014,Evaluación
12.200000000000001,12.261166666666686,0.06116666666668458,Evaluación
12.8,13.092828571428573,0.2928285714285721,Evaluación
13.0,13.275999999999994,0.27599999999999447,Evaluación
13.0,13.139999999999995,0.13999999999999524,Evaluación
13.200000000000001,12.904000000000002,0.2959999999999994,Evaluación
13.200000000000001,13.460000000000003,0.26000000000000156,Evaluación
12.600000000000001,12.675999999999995,0.0759999999999934,Evaluación
13.200000000000001,12.989999999999998,0.21000000000000263,Evaluación
12.8,13.013999999999992,0.21399999999999153,Evaluación
13.0,12.722000000000001,0.2779999999999987,Evaluación
12.4,12.290000000000003,0.10999999999999766,Evaluación
14.200000000000001,14.058000000000003,0.14199999999999768,Evaluación
12.600000000000001,12.710000000000004,0.11000000000000298,Evaluación
14.0,14.014000000000001,0.014000000000001123,Evaluación
14.0,14.050000000000002,0.05000000000000249,Evaluación
13.0,13.022,0.02200000000000024,Evaluación
13.200000000000001,13.326419047619048,0.12641904761904676,Evaluación
13.200000000000001,13.106000000000012,0.09399999999998876,Evaluación
13.600000000000001,13.49799999999999,0.10200000000001097,Evaluación
13.600000000000001,13.743999999999994,0.14399999999999302,Evaluación
13.8,13.607333333333322,0.1926666666666783,Evaluación
14.200000000000001,14.042000000000012,0.15799999999998882,Evaluación
13.8,13.697999999999988,0.10200000000001275,Evaluación
13.600000000000001,13.477999999999998,0.12200000000000344,Evaluación
13.4,13.14566666666666,0.2543333333333404,Evaluación
14.4,14.276000000000003,0.123999999999997,Evaluación
13.600000000000001,13.487866666666662,0.11213333333333964,Evaluación
12.0,12.092,0.09200000000000053,Evaluación
13.600000000000001,13.657999999999989,0.057999999999987395,Evaluación
13.0,12.474000000000006,0.5259999999999945,Evaluación
13.4,13.518000000000002,0.1180000000000021,Evaluación
14.0,13.840666666666662,0.159333333333338,Evaluación
14.0,13.987999999999998,0.012000000000002231,Evaluación
12.200000000000001,12.268000000000011,0.06800000000001027,Evaluación
13.600000000000001,13.344000000000005,0.2559999999999967,Evaluación
13.4,13.417999999999997,0.01799999999999713,Evaluación
12.4,12.646399999999998,0.24639999999999773,Evaluación
13.200000000000001,13.390000000000002,0.19000000000000128,Evaluación
13.8,13.707999999999984,0.09200000000001651,Evaluación
13.200000000000001,13.055342857142854,0.14465714285714704,Evaluación
12.8,12.731999999999985,0.0680000000000156,Evaluación
13.200000000000001,13.18600000000002,0.013999999999981583,Evaluación
12.600000000000001,12.594,0.006000000000002004,Evaluación
12.4,12.454000000000002,0.054000000000002046,Evaluación
13.0,13.20933333333334,0.20933333333334048,Evaluación
13.600000000000001,13.809199999999997,0.2091999999999956,Evaluación
13.0,13.318000000000001,0.3180000000000014,Evaluación
12.600000000000001,12.594000000000001,0.006000000000000227,Evaluación
13.600000000000001,13.551999999999987,0.048000000000014253,Evaluación
14.4,14.215500000000011,0.18449999999998923,Evaluación
13.8,13.791999999999994,0.008000000000006224,Evaluación
13.200000000000001,13.178000000000011,0.021999999999989583,Evaluación
13.600000000000001,13.493999999999993,0.10600000000000875,Evaluación
12.8,13.049999999999981,0.24999999999998046,Evaluación
12.200000000000001,12.25500000000002,0.055000000000019256,Evaluación
13.4,13.530000000000008,0.1300000000000079,Evaluación
13.600000000000001,13.667999999999985,0.06799999999998363,Evaluación
14.8,14.771999999999982,0.028000000000018233,Evaluación
13.4,13.33200000000001,0.06799999999999073,Evaluación
12.8,12.69599999999998,0.10400000000002052,Evaluación
13.8,13.824999999999982,0.024999999999980815,Evaluación
12.600000000000001,12.805999999999994,0.2059999999999924,Evaluación
13.4,13.57466666666667,0.17466666666667052,Evaluación
13.0,12.999999999999998,1.7763568394002505e-15,Evaluación
13.4,13.237000000000002,0.16299999999999848,Evaluación
13.600000000000001,13.481999999999989,0.11800000000001276,Evaluación
12.4,12.402000000000003,0.0020000000000024443,Evaluación
14.0,13.945999999999996,0.05400000000000382,Evaluación
13.4,13.326419047619048,0.07358095238095252,Evaluación
13.0,13.019999999999998,0.019999999999997797,Evaluación
13.8,13.93599999999998,0.1359999999999797,Evaluación
12.8,13.187500000000016,0.3875000000000153,Evaluación
14.8,14.455999999999978,0.3440000000000225,Evaluación
12.8,12.985999999999985,0.18599999999998396,Evaluación
12.8,13.051999999999985,0.2519999999999847,Evaluación
13.4,13.472000000000012,0.07200000000001161,Evaluación
12.600000000000001,12.639999999999993,0.03999999999999204,Evaluación
13.600000000000001,13.631999999999989,0.031999999999987594,Evaluación
13.200000000000001,13.306000000000017,0.10600000000001586,Evaluación
13.600000000000001,13.781999999999993,0.1819999999999915,Evaluación
13.600000000000001,13.46399999999999,0.13600000000001167,Evaluación
13.8,13.66799999999999,0.13200000000001033,Evaluación
14.200000000000001,14.010000000000014,0.18999999999998707,Evaluación
13.0,13.062000000000005,0.06200000000000472,Evaluación
13.4,13.869999999999989,0.4699999999999882,Evaluación
13.0,13.072666666666668,0.07266666666666843,Evaluación
13.0,13.026,0.0259999999999998,Evaluación
14.8,14.657999999999983,0.14200000000001722,Evaluación
11.8,11.991999999999987,0.19199999999998596,Evaluación
13.8,13.838666666666652,0.03866666666665175,Evaluación
13.200000000000001,13.446000000000017,0.24600000000001643,Evaluación
13.200000000000001,13.312000000000012,0.11200000000001076,Evaluación
13.0,12.947199999999999,0.05280000000000129,Evaluación
13.4,13.300000000000011,0.09999999999998899,Evaluación
13.8,13.783999999999983,0.016000000000017778,Evaluación
13.600000000000001,13.413999999999998,0.1860000000000035,Evaluación
14.600000000000001,14.49949999999999,0.10050000000001091,Evaluación
14.200000000000001,14.294000000000024,0.09400000000002251,Evaluación
13.4,13.35200000000001,0.04799999999999116,Evaluación
13.4,13.202000000000004,0.19799999999999685,Evaluación
13.200000000000001,13.042000000000009,0.15799999999999237,Evaluación
12.600000000000001,12.578000000000001,0.02200000000000024,Evaluación
13.0,12.975999999999997,0.024000000000002686,Evaluación
13.4,13.38800000000001,0.011999999999989797,Evaluación
13.8,13.792,0.008000000000000895,Evaluación
13.4,13.48000000000001,0.08000000000000895,Evaluación
13.200000000000001,13.022000000000016,0.17799999999998484,Evaluación
14.8,14.511999999999986,0.28800000000001447,Evaluación
13.8,13.623999999999983,0.17600000000001792,Evaluación
13.200000000000001,13.27200000000001,0.07200000000000806,Evaluación
13.8,13.863999999999987,0.06399999999998585,Evaluación
12.600000000000001,12.705999999999996,0.10599999999999454,Evaluación
13.0,12.919999999999991,0.08000000000000895,Evaluación
12.8,13.06199999999999,0.2619999999999898,Evaluación
12.8,12.979999999999983,0.17999999999998195,Evaluación
13.8,13.859466666666657,0.059466666666656565,Evaluación
14.600000000000001,14.345999999999995,0.25400000000000666,Evaluación
12.4,12.62,0.21999999999999886,Evaluación
12.4,12.454,0.05400000000000027,Evaluación
13.600000000000001,13.473999999999991,0.1260000000000101,Evaluación
13.200000000000001,13.326000000000015,0.12600000000001366,Evaluación
13.600000000000001,13.739999999999993,0.1399999999999917,Evaluación
13.200000000000001,12.875400000000004,0.32459999999999667,Evaluación
13.8,13.533999999999997,0.26600000000000357,Evaluación
12.4,12.470000000000002,0.07000000000000206,Evaluación
13.600000000000001,13.599999999999989,1.2434497875801753e-14,Evaluación
13.4,13.500000000000002,0.10000000000000142,Evaluación
13.0,13.124666666666664,0.12466666666666448,Evaluación
13.8,14.502999999999991,0.7029999999999905,Evaluación
13.4,13.442000000000002,0.04200000000000159,Evaluación
12.8,12.683999999999985,0.11600000000001565,Evaluación
12.4,12.204000000000017,0.19599999999998374,Evaluación
14.200000000000001,14.148000000000009,0.0519999999999925,Evaluación
14.4,14.510000000000009,0.11000000000000831,Evaluación
14.8,14.80199999999999,0.0019999999999900098,Evaluación
13.200000000000001,13.044000000000004,0.15599999999999703,Evaluación
14.4,14.20400000000001,0.19599999999999085,Evaluación
13.0,12.750000000000009,0.24999999999999112,Evaluación
13.4,13.500000000000005,0.10000000000000497,Evaluación
14.0,14.072000000000005,0.0720000000000045,Evaluación
12.4,12.788000000000002,0.3880000000000017,Evaluación
13.200000000000001,13.423333333333348,0.22333333333334693,Evaluación
13.0,12.919666666666664,0.08033333333333559,Evaluación
14.0,13.76599999999999,0.23400000000001064,Evaluación
13.8,13.565333333333315,0.23466666666668523,Evaluación
14.0,13.644666666666652,0.3553333333333484,Evaluación
13.200000000000001,13.050000000000017,0.14999999999998437,Evaluación
14.600000000000001,14.39199999999999,0.20800000000001084,Evaluación
13.8,13.499999999999982,0.3000000000000185,Evaluación
13.200000000000001,13.006000000000014,0.19399999999998663,Evaluación
13.0,12.998,0.002000000000000668,Evaluación
14.0,13.940000000000003,0.059999999999996945,Evaluación
14.0,13.71,0.28999999999999915,Evaluación
13.4,13.286000000000007,0.11399999999999366,Evaluación
13.600000000000001,13.456999999999992,0.14300000000000956,Evaluación
13.600000000000001,13.683999999999992,0.08399999999999075,Evaluación
12.200000000000001,12.412000000000017,0.21200000000001573,Evaluación
14.0,13.697999999999995,0.30200000000000493,Evaluación
13.0,12.811333333333334,0.18866666666666632,Evaluación
13.200000000000001,13.245000000000015,0.04500000000001414,Evaluación
13.4,13.305866666666672,0.0941333333333283,Evaluación
13.8,13.566000000000004,0.23399999999999643,Evaluación
13.8,13.941999999999984,0.14199999999998347,Evaluación
13.4,13.657838095238098,0.25783809523809786,Evaluación
13.200000000000001,13.186000000000018,0.013999999999983359,Evaluación
12.600000000000001,12.772000000000006,0.17200000000000415,Evaluación
13.4,13.492000000000003,0.0920000000000023,Evaluación
12.8,12.929999999999989,0.12999999999998835,Evaluación
13.600000000000001,13.595999999999998,0.004000000000003112,Evaluación
13.0,13.156000000000006,0.1560000000000059,Evaluación
13.0,12.965999999999994,0.034000000000006025,Evaluación
13.0,13.084000000000001,0.0840000000000014,Evaluación
14.0,14.026,0.0259999999999998,Evaluación
12.4,12.328,0.07200000000000095,Evaluación
13.600000000000001,13.671999999999992,0.0719999999999903,Evaluación
12.4,12.478,0.0779999999999994,Evaluación
13.600000000000001,13.699999999999987,0.09999999999998543,Evaluación
14.4,14.32000000000001,0.07999999999999119,Evaluación
14.0,13.857999999999995,0.1420000000000048,Evaluación
12.4,12.592,0.19200000000000017,Evaluación
14.600000000000001,14.391999999999989,0.20800000000001262,Evaluación
13.600000000000001,13.561999999999994,0.03800000000000736,Evaluación
13.600000000000001,13.435999999999993,0.16400000000000858,Evaluación
13.8,13.839333333333338,0.039333333333336995,Evaluación
12.600000000000001,12.709999999999997,0.10999999999999588,Evaluación
14.8,14.529333333333314,0.2706666666666866,Evaluación
13.8,13.679999999999989,0.12000000000001165,Evaluación
12.200000000000001,12.306000000000019,0.10600000000001764,Evaluación
13.8,13.643999999999982,0.15600000000001835,Evaluación
12.8,12.905999999999983,0.10599999999998211,Evaluación
12.600000000000001,12.355000000000016,0.244999999999985,Evaluación
13.600000000000001,13.745999999999992,0.14599999999999014,Evaluación
14.4,14.424000000000005,0.024000000000004462,Evaluación
13.8,13.895999999999988,0.09599999999998765,Evaluación
14.0,14.027999999999997,0.027999999999996916,Evaluación
12.600000000000001,12.571999999999996,0.028000000000005798,Evaluación
12.4,12.648000000000009,0.2480000000000082,Evaluación
14.4,14.34600000000001,0.05399999999998961,Evaluación
13.8,13.82999999999999,0.029999999999988702,Evaluación
13.200000000000001,13.187333333333347,0.012666666666653725,Evaluación
14.200000000000001,14.064033333333342,0.13596666666665946,Evaluación
12.4,12.492000000000004,0.09200000000000408,Evaluación
13.600000000000001,13.542000000000003,0.05799999999999805,Evaluación
12.600000000000001,12.731333333333325,0.1313333333333233,Evaluación
13.200000000000001,13.609599999999991,0.4095999999999904,Evaluación
15.0,14.505666666666663,0.49433333333333707,Evaluación
13.8,13.62799999999998,0.17200000000002014,Evaluación
13.600000000000001,13.359999999999992,0.2400000000000091,Evaluación
13.8,13.61799999999999,0.18200000000001104,Evaluación
13.4,13.435000000000008,0.03500000000000725,Evaluación
14.600000000000001,14.325999999999988,0.27400000000001334,Evaluación
14.200000000000001,14.256000000000018,0.056000000000016925,Evaluación
14.200000000000001,14.114000000000015,0.08599999999998609,Evaluación
13.600000000000001,13.464,0.136000000000001,Evaluación
14.0,13.905999999999997,0.09400000000000297,Evaluación
14.200000000000001,14.171500000000007,0.028499999999993975,Evaluación
13.8,13.755999999999988,0.04400000000001292,Evaluación
12.600000000000001,12.649999999999993,0.04999999999999183,Evaluación
14.200000000000001,14.090000000000014,0.109999999999987,Evaluación
13.8,13.773999999999978,0.026000000000022894,Evaluación
14.200000000000001,14.182000000000016,0.017999999999984695,Evaluación
13.600000000000001,13.569066666666663,0.03093333333333881,Evaluación
13.600000000000001,13.543999999999993,0.05600000000000804,Evaluación
13.200000000000001,13.216000000000014,0.01600000000001245,Evaluación
13.4,13.36800000000001,0.03199999999999115,Evaluación
11.8,12.083999999999987,0.2839999999999865,Evaluación
13.200000000000001,13.556000000000017,0.35600000000001586,Evaluación
12.8,13.236000000000008,0.43600000000000705,Evaluación
12.8,12.99919999999998,0.19919999999997984,Evaluación
13.8,13.954533333333336,0.15453333333333497,Evaluación
13.8,13.597999999999999,0.20200000000000173,Evaluación
12.200000000000001,12.299000000000012,0.09900000000001086,Evaluación
12.4,12.594333333333331,0.19433333333333103,Evaluación
12.200000000000001,12.362000000000014,0.16200000000001324,Evaluación
12.600000000000001,12.663999999999998,0.0639999999999965,Evaluación
14.200000000000001,14.33400000000001,0.13400000000000922,Evaluación
13.0,12.941333333333334,0.058666666666665535,Evaluación
13.600000000000001,13.184000000000015,0.41599999999998616,Evaluación
13.4,13.278000000000004,0.12199999999999633,Evaluación
14.0,13.948000000000002,0.051999999999997826,Evaluación
12.8,12.654100000000001,0.14589999999999925,Evaluación
14.200000000000001,14.168000000000015,0.03199999999998582,Evaluación
14.200000000000001,13.72856666666666,0.4714333333333407,Evaluación
13.4,13.389071428571436,0.010928571428564737,Evaluación
12.600000000000001,12.545999999999998,0.05400000000000382,Evaluación
14.0,13.907999999999998,0.0920000000000023,Evaluación
14.0,14.139999999999995,0.13999999999999524,Evaluación
13.4,13.35600000000001,0.043999999999989825,Evaluación
13.8,13.686333333333318,0.11366666666668301,Evaluación
13.200000000000001,13.112000000000014,0.08799999999998676,Evaluación
13.4,13.382,0.018000000000000682,Evaluación
13.0,13.019999999999992,0.019999999999992468,Evaluación
14.4,14.282000000000012,0.11799999999998789,Evaluación
13.600000000000001,13.449757142857145,0.15024285714285668,Evaluación
14.4,14.2555,0.14450000000000074,Evaluación
13.0,13.01475,0.014749999999999375,Evaluación
13.600000000000001,14.093999999999987,0.49399999999998556,Evaluación
13.0,12.975999999999997,0.024000000000002686,Evaluación
13.200000000000001,13.396000000000013,0.19600000000001216,Evaluación
12.600000000000001,12.632,0.03199999999999825,Evaluación
12.600000000000001,12.636,0.03599999999999781,Evaluación
13.200000000000001,13.34200000000001,0.14200000000000834,Evaluación
13.8,13.633999999999984,0.16600000000001636,Evaluación
14.4,14.174000000000008,0.22599999999999199,Evaluación
13.200000000000001,13.282000000000014,0.08200000000001317,Evaluación
12.8,12.865999999999994,0.06599999999999362,Evaluación
13.4,13.236000000000008,0.1639999999999926,Evaluación
13.4,13.380000000000011,0.019999999999988916,Evaluación
13.200000000000001,13.184000000000017,0.015999999999984027,Evaluación
13.600000000000001,13.633999999999991,0.03399999999999004,Evaluación
13.0,13.148000000000001,0.14800000000000146,Evaluación
14.200000000000001,14.11500000000002,0.08499999999998131,Evaluación
14.200000000000001,14.262400000000012,0.06240000000001089,Evaluación
12.4,12.398666666666662,0.0013333333333385156,Evaluación
13.8,13.729999999999984,0.07000000000001627,Evaluación
13.0,12.954,0.045999999999999375,Evaluación
14.0,13.857999999999999,0.14200000000000124,Evaluación
13.200000000000001,13.338000000000006,0.13800000000000523,Evaluación
14.0,14.026666666666666,0.026666666666665506,Evaluación
14.0,14.073999999999998,0.07399999999999807,Evaluación
13.8,13.861999999999977,0.061999999999976296,Evaluación
14.200000000000001,14.03900000000001,0.1609999999999907,Evaluación
13.8,14.012000000000002,0.21200000000000152,Evaluación
14.600000000000001,14.320333333333322,0.27966666666667983,Evaluación
13.0,12.962,0.038000000000000256,Evaluación
12.4,12.44800000000001,0.048000000000008924,Evaluación
13.4,13.326000000000016,0.07399999999998386,Evaluación
13.0,12.997999999999998,0.0020000000000024443,Evaluación
13.0,13.515200000000009,0.515200000000009,Evaluación
14.0,13.92,0.08000000000000007,Evaluación
14.0,13.953857142857144,0.04614285714285593,Evaluación
14.200000000000001,14.260000000000021,0.06000000000002004,Evaluación
14.200000000000001,14.088666666666686,0.11133333333331485,Evaluación
12.4,12.588000000000005,0.18800000000000416,Evaluación
13.0,12.923999999999996,0.07600000000000406,Evaluación
13.600000000000001,13.599999999999987,1.4210854715202004e-14,Evaluación
14.0,13.893999999999991,0.10600000000000875,Evaluación
13.600000000000001,13.548000000000002,0.0519999999999996,Evaluación
13.4,13.468000000000004,0.06800000000000317,Evaluación
13.8,13.963999999999983,0.16399999999998194,Evaluación
13.600000000000001,13.557999999999995,0.04200000000000692,Evaluación
11.8,11.855999999999979,0.055999999999977845,Evaluación
13.4,13.342000000000006,0.0579999999999945,Evaluación
12.600000000000001,12.776,0.17599999999999838,Evaluación
13.0,13.018000000000002,0.01800000000000246,Evaluación
12.600000000000001,12.770599999999991,0.17059999999998965,Evaluación
12.8,13.025999999999994,0.22599999999999376,Evaluación
14.4,14.218000000000004,0.18199999999999683,Evaluación
12.600000000000001,12.797733333333333,0.19773333333333198,Evaluación
13.200000000000001,13.370166666666682,0.170166666666681,Evaluación
13.4,13.616000000000009,0.21600000000000819,Evaluación
13.200000000000001,12.98600000000002,0.21399999999998087,Evaluación
13.200000000000001,13.15400000000002,0.04599999999998161,Evaluación
13.600000000000001,13.707299999999986,0.10729999999998441,Evaluación
13.200000000000001,13.174000000000019,0.025999999999982037,Evaluación
13.600000000000001,13.615999999999996,0.015999999999994685,Evaluación
13.0,13.065999999999999,0.06599999999999895,Evaluación
13.4,13.416000000000007,0.01600000000000712,Evaluación
12.8,12.834333333333316,0.0343333333333149,Evaluación
11.8,11.987999999999982,0.18799999999998107,Evaluación
12.0,12.144,0.14400000000000013,Evaluación
13.0,13.120000000000003,0.12000000000000277,Evaluación
12.8,13.019999999999987,0.21999999999998643,Evaluación
13.200000000000001,13.406000000000017,0.2060000000000155,Evaluación
13.0,13.107999999999997,0.10799999999999699,Evaluación
13.8,13.737999999999984,0.06200000000001715,Evaluación
13.200000000000001,13.194000000000017,0.00599999999998424,Evaluación
13.0,12.937999999999994,0.062000000000006494,Evaluación
12.4,12.342,0.05799999999999983,Evaluación
12.0,12.040000000000004,0.040000000000004476,Evaluación
13.600000000000001,13.640666666666657,0.04066666666665597,Evaluación
12.8,12.913999999999982,0.11399999999998123,Evaluación
14.600000000000001,14.433999999999987,0.16600000000001458,Evaluación
12.8,12.85199999999999,0.051999999999988944,Evaluación
13.8,13.643999999999988,0.15600000000001302,Evaluación
12.600000000000001,12.909333333333327,0.3093333333333259,Evaluación
13.0,12.943999999999999,0.05600000000000094,Evaluación
13.0,13.025,0.025000000000000355,Evaluación
13.4,13.492000000000008,0.09200000000000763,Evaluación
13.4,13.494000000000002,0.0940000000000012,Evaluación
13.200000000000001,13.238000000000014,0.03800000000001269,Evaluación
13.600000000000001,13.475999999999992,0.12400000000000944,Evaluación
13.0,13.177999999999999,0.17799999999999905,Evaluación
13.200000000000001,13.29783333333335,0.0978333333333481,Evaluación
13.200000000000001,13.122000000000014,0.07799999999998697,Evaluación
13.8,13.736757142857138,0.06324285714286226,Evaluación
14.0,13.82346666666666,0.17653333333334054,Evaluación
14.200000000000001,14.062000000000019,0.13799999999998214,Evaluación
14.0,13.88,0.11999999999999922,Evaluación
13.600000000000001,13.573999999999998,0.026000000000003354,Evaluación
14.600000000000001,14.589999999999986,0.010000000000015774,Evaluación
13.600000000000001,13.585000000000004,0.014999999999997016,Evaluación
13.200000000000001,13.218000000000016,0.018000000000014893,Evaluación
13.4,13.428000000000003,0.028000000000002245,Evaluación
13.8,13.579999999999986,0.22000000000001485,Evaluación
13.4,13.577999999999998,0.17799999999999727,Evaluación
12.200000000000001,12.168000000000015,0.03199999999998582,Evaluación
14.0,13.848000000000003,0.15199999999999747,Evaluación
14.0,13.97699999999999,0.023000000000010346,Evaluación
14.0,14.102300000000003,0.10230000000000317,Evaluación
12.8,12.764999999999986,0.03500000000001435,Evaluación
13.0,13.067999999999998,0.06799999999999784,Evaluación
14.0,13.802499999999991,0.19750000000000867,Evaluación
12.4,12.476000000000004,0.07600000000000406,Evaluación
12.8,12.617999999999984,0.18200000000001637,Evaluación
13.4,13.362000000000005,0.03799999999999493,Evaluación
12.600000000000001,12.72399999999999,0.12399999999998812,Evaluación
12.4,12.598000000000003,0.19800000000000217,Evaluación
14.4,14.451999999999993,0.0519999999999925,Evaluación
13.8,13.80099999999998,0.0009999999999799059,Evaluación
14.4,14.270000000000016,0.1299999999999848,Evaluación
13.600000000000001,13.621999999999987,0.02199999999998603,Evaluación
12.8,12.975133333333336,0.17513333333333492,Evaluación
14.4,14.208000000000009,0.1919999999999913,Evaluación
14.600000000000001,13.966499999999995,0.6335000000000068,Evaluación
13.4,13.412000000000008,0.01200000000000756,Evaluación
12.8,13.16000000000001,0.3600000000000101,Evaluación
13.0,12.936,0.06400000000000006,Evaluación
13.4,13.432,0.03200000000000003,Evaluación
13.600000000000001,13.620333333333324,0.020333333333322656,Evaluación
14.4,14.326000000000013,0.07399999999998741,Evaluación
14.200000000000001,14.11,0.09000000000000163,Evaluación
13.200000000000001,13.202000000000016,0.0020000000000148788,Evaluación
11.8,12.061999999999985,0.26199999999998447,Evaluación
13.600000000000001,13.573999999999998,0.026000000000003354,Evaluación
12.8,12.909999999999986,0.10999999999998522,Evaluación
14.0,14.10266666666667,0.10266666666666957,Evaluación
13.0,13.153333333333329,0.15333333333332888,Evaluación
14.4,14.207,0.19299999999999962,Evaluación
13.200000000000001,13.064300000000012,0.13569999999998927,Evaluación
13.600000000000001,13.383999999999991,0.21600000000000996,Evaluación
12.4,12.392000000000001,0.007999999999999119,Evaluación
14.0,14.114,0.11400000000000077,Evaluación
14.0,13.784000000000006,0.21599999999999397,Evaluación
12.8,12.917999999999983,0.11799999999998256,Evaluación
13.4,13.454000000000008,0.054000000000007375,Evaluación
13.8,13.952999999999998,0.15299999999999692,Evaluación
13.600000000000001,13.665999999999997,0.0659999999999954,Evaluación
13.4,13.192000000000007,0.20799999999999308,Evaluación
13.8,13.743999999999978,0.056000000000022254,Evaluación
13.4,13.414000000000005,0.014000000000004675,Evaluación
14.600000000000001,14.62599999999999,0.025999999999989143,Evaluación
14.200000000000001,13.714,0.48600000000000065,Evaluación
14.0,13.893999999999998,0.10600000000000165,Evaluación
13.0,12.798000000000002,0.20199999999999818,Evaluación
14.600000000000001,14.36799999999999,0.23200000000001175,Evaluación
13.0,12.817999999999994,0.1820000000000057,Evaluación
14.600000000000001,14.52199999999999,0.07800000000001184,Evaluación
14.0,14.386000000000015,0.3860000000000152,Evaluación
13.200000000000001,13.17000000000001,0.02999999999999048,Evaluación
13.200000000000001,13.42000000000001,0.22000000000000952,Evaluación
12.8,12.837999999999983,0.03799999999998249,Evaluación
13.600000000000001,13.357999999999993,0.242000000000008,Evaluación
14.0,14.092000000000006,0.09200000000000585,Evaluación
14.4,14.200000000000003,0.1999999999999975,Evaluación
13.200000000000001,13.272000000000018,0.07200000000001694,Evaluación
14.8,14.681999999999983,0.11800000000001809,Evaluación
13.4,13.453999999999999,0.053999999999998494,Evaluación
14.200000000000001,13.586999999999996,0.6130000000000049,Evaluación
12.0,12.222000000000001,0.2220000000000013,Evaluación
13.600000000000001,13.619999999999996,0.019999999999994245,Evaluación
13.8,13.917666666666664,0.11766666666666303,Evaluación
14.8,14.613999999999987,0.18600000000001415,Evaluación
14.200000000000001,14.042000000000014,0.15799999999998704,Evaluación
12.600000000000001,12.609999999999998,0.009999999999996234,Evaluación
13.200000000000001,13.248000000000017,0.04800000000001603,Evaluación
13.0,12.925333333333326,0.07466666666667443,Evaluación
12.0,13.159333333333338,1.159333333333338,Evaluación
13.8,13.789999999999997,0.01000000000000334,Evaluación
13.8,13.927252380952373,0.12725238095237223,Evaluación
13.4,13.23800000000001,0.16199999999999015,Evaluación
13.0,13.248000000000008,0.2480000000000082,Evaluación
14.0,14.138000000000007,0.138000000000007,Evaluación
14.200000000000001,14.04766190476191,0.1523380952380915,Evaluación
14.600000000000001,14.49799999999999,0.10200000000001097,Evaluación
14.0,14.06,0.0600000000000005,Evaluación
13.4,13.265333333333338,0.1346666666666625,Evaluación
13.4,13.572000000000005,0.17200000000000415,Evaluación
13.0,13.097999999999999,0.09799999999999898,Evaluación
13.8,13.513333333333321,0.2866666666666795,Evaluación
13.0,12.727828571428569,0.27217142857143095,Evaluación
13.600000000000001,13.789999999999997,0.18999999999999595,Evaluación
14.8,14.649999999999984,0.15000000000001634,Evaluación
13.600000000000001,13.646666666666654,0.046666666666652645,Evaluación
12.200000000000001,12.178000000000015,0.02199999999998603,Evaluación
13.4,13.217333333333345,0.18266666666665543,Evaluación
13.200000000000001,13.324400000000008,0.12440000000000673,Evaluación
13.8,13.67599999999998,0.1240000000000201,Evaluación
12.4,12.426000000000005,0.02600000000000513,Evaluación
14.200000000000001,14.535999999999984,0.33599999999998253,Evaluación
14.200000000000001,14.110400000000018,0.08959999999998303,Evaluación
14.4,14.22000000000001,0.17999999999999083,Evaluación
13.8,13.905999999999988,0.10599999999998744,Evaluación
13.4,13.28570000000001,0.11429999999999119,Evaluación
12.600000000000001,12.792399999999994,0.19239999999999213,Evaluación
13.600000000000001,13.586499999999992,0.013500000000009393,Evaluación
13.8,13.729999999999988,0.07000000000001272,Evaluación
13.0,13.302000000000005,0.30200000000000493,Evaluación
14.0,13.887000000000006,0.11299999999999422,Evaluación
13.0,12.853333333333332,0.14666666666666828,Evaluación
13.4,13.554,0.15399999999999991,Evaluación
14.4,14.397333333333338,0.0026666666666628203,Evaluación
13.8,13.589999999999991,0.21000000000000973,Evaluación
13.8,13.721999999999987,0.07800000000001361,Evaluación
14.200000000000001,14.060000000000018,0.1399999999999828,Evaluación
13.4,13.424000000000008,0.024000000000008015,Evaluación
13.0,13.090000000000002,0.09000000000000163,Evaluación
14.0,14.168,0.16799999999999926,Evaluación
12.600000000000001,12.67999999999999,0.07999999999998941,Evaluación
14.200000000000001,14.20800000000001,0.008000000000009777,Evaluación
12.8,12.657999999999985,0.14200000000001545,Evaluación
13.8,13.547999999999991,0.25200000000000955,Evaluación
13.8,14.05999999999998,0.25999999999997847,Evaluación
14.0,13.968,0.03200000000000003,Evaluación
12.8,12.873999999999977,0.07399999999997675,Evaluación
14.0,13.953999999999997,0.04600000000000293,Evaluación
14.8,14.643999999999982,0.15600000000001835,Evaluación
13.8,13.740433333333334,0.05956666666666699,Evaluación
14.600000000000001,14.477999999999994,0.12200000000000699,Evaluación
13.200000000000001,13.307833333333347,0.1078333333333461,Evaluación
13.4,13.61406666666666,0.2140666666666604,Evaluación
12.200000000000001,12.342000000000015,0.14200000000001367,Evaluación
13.600000000000001,13.68999999999999,0.0899999999999892,Evaluación
12.600000000000001,12.757999999999992,0.1579999999999906,Evaluación
13.4,13.398000000000007,0.0019999999999935625,Evaluación
13.200000000000001,13.180000000000014,0.01999999999998714,Evaluación
12.4,12.444,0.04400000000000048,Evaluación
13.8,13.735999999999985,0.06400000000001604,Evaluación
13.4,13.479466666666672,0.07946666666667213,Evaluación
13.200000000000001,13.058000000000009,0.14199999999999235,Evaluación
12.600000000000001,12.654100000000001,0.05410000000000004,Evaluación
12.8,12.930000000000001,0.13000000000000078,Evaluación
12.8,12.735999999999988,0.06400000000001249,Evaluación
13.4,13.817999999999994,0.41799999999999393,Evaluación
13.200000000000001,13.068000000000014,0.13199999999998724,Evaluación
13.600000000000001,13.581999999999999,0.01800000000000246,Evaluación
12.4,12.889000000000003,0.48900000000000254,Evaluación
13.600000000000001,13.34200000000001,0.257999999999992,Evaluación
12.600000000000001,12.555999999999994,0.04400000000000759,Evaluación
12.4,12.398000000000003,0.001999999999997115,Evaluación
14.4,14.264000000000015,0.13599999999998502,Evaluación
13.8,13.893999999999979,0.0939999999999781,Evaluación
13.4,13.488000000000005,0.08800000000000452,Evaluación
13.0,13.10400000000001,0.10400000000000986,Evaluación
13.8,13.703999999999981,0.09600000000001963,Evaluación
14.4,14.334000000000014,0.06599999999998651,Evaluación
14.0,14.146,0.1460000000000008,Evaluación
13.0,13.118000000000004,0.11800000000000388,Evaluación
12.4,12.606666666666667,0.206666666666667,Evaluación
13.0,13.121299999999998,0.12129999999999797,Evaluación
13.4,13.485999999999999,0.08599999999999852,Evaluación
13.4,13.398000000000003,0.001999999999997115,Evaluación
14.4,14.258000000000008,0.14199999999999235,Evaluación
12.0,12.09,0.08999999999999986,Evaluación
13.8,13.667999999999983,0.13200000000001744,Evaluación
12.200000000000001,12.192,0.008000000000000895,Evaluación
14.0,14.172,0.1720000000000006,Evaluación
13.600000000000001,13.555999999999997,0.044000000000004036,Evaluación
15.0,14.885999999999994,0.1140000000000061,Evaluación
14.4,14.20456190476191,0.19543809523809053,Evaluación
13.200000000000001,13.206000000000017,0.006000000000016215,Evaluación
14.200000000000001,14.169000000000015,0.030999999999986372,Evaluación
14.0,13.999333333333336,0.0006666666666639287,Evaluación
12.600000000000001,12.721499999999999,0.1214999999999975,Evaluación
14.4,14.392000000000007,0.00799999999999379,Evaluación
13.0,13.01,0.009999999999999787,Evaluación
14.200000000000001,14.15800000000002,0.041999999999980275,Evaluación
13.0,12.87,0.13000000000000078,Evaluación
13.8,13.68199999999999,0.11800000000001098,Evaluación
14.200000000000001,14.038000000000018,0.16199999999998305,Evaluación
13.600000000000001,13.583999999999985,0.016000000000016,Evaluación
13.200000000000001,13.23000000000002,0.0300000000000189,Evaluación
12.0,12.100000000000001,0.10000000000000142,Evaluación
13.600000000000001,13.593999999999989,0.006000000000012662,Evaluación
13.4,13.356000000000003,0.04399999999999693,Evaluación
14.200000000000001,13.980000000000002,0.21999999999999886,Evaluación
14.8,14.69199999999999,0.1080000000000112,Evaluación
14.0,14.188000000000004,0.18800000000000416,Evaluación
12.600000000000001,12.673199999999994,0.07319999999999283,Evaluación
13.200000000000001,13.142666666666669,0.05733333333333235,Evaluación
12.8,12.845999999999993,0.04599999999999227,Evaluación
13.8,13.60999999999998,0.19000000000002082,Evaluación
14.200000000000001,14.04200000000002,0.1579999999999817,Evaluación
12.8,12.907999999999985,0.10799999999998455,Evaluación
13.0,12.983999999999998,0.01600000000000179,Evaluación
13.8,13.727999999999982,0.07200000000001872,Evaluación
13.600000000000001,13.69399999999999,0.09399999999998876,Evaluación
13.600000000000001,13.51799999999999,0.0820000000000114,Evaluación
13.600000000000001,13.725199999999997,0.12519999999999598,Evaluación
13.0,13.08,0.08000000000000007,Evaluación
13.0,12.944999999999995,0.055000000000005045,Evaluación
13.200000000000001,13.248000000000008,0.04800000000000715,Evaluación
13.200000000000001,13.23000000000002,0.0300000000000189,Evaluación
14.200000000000001,14.110000000000019,0.0899999999999821,Evaluación
13.600000000000001,13.747333333333327,0.1473333333333251,Evaluación
13.0,13.075999999999999,0.07599999999999874,Evaluación
12.600000000000001,12.61799999999999,0.017999999999988248,Evaluación
13.200000000000001,13.22400000000002,0.024000000000018673,Evaluación
14.200000000000001,13.99400000000002,0.20599999999998175,Evaluación
13.0,13.16202380952381,0.16202380952380935,Evaluación
13.600000000000001,13.475999999999992,0.12400000000000944,Evaluación
13.200000000000001,13.042000000000009,0.15799999999999237,Evaluación
12.8,13.497999999999998,0.6979999999999968,Evaluación
14.0,13.927999999999995,0.0720000000000045,Evaluación
14.0,13.694000000000003,0.3059999999999974,Evaluación
13.200000000000001,13.242000000000019,0.04200000000001758,Evaluación
14.0,13.440000000000008,0.5599999999999916,Evaluación
14.200000000000001,14.06600000000002,0.1339999999999808,Evaluación
14.0,14.45999999999999,0.4599999999999902,Evaluación
14.0,14.108999999999998,0.10899999999999821,Evaluación
13.200000000000001,13.014000000000015,0.18599999999998573,Evaluación
12.8,12.775999999999987,0.024000000000013344,Evaluación
13.200000000000001,13.240000000000018,0.04000000000001691,Evaluación
13.600000000000001,13.429999999999996,0.17000000000000526,Evaluación
12.200000000000001,12.703999999999992,0.5039999999999907,Evaluación
14.4,14.327200000000014,0.07279999999998665,Evaluación
13.200000000000001,13.032,0.16800000000000104,Evaluación
13.600000000000001,13.675999999999995,0.0759999999999934,Evaluación
12.200000000000001,12.66200000000001,0.4620000000000086,Evaluación
13.4,13.324000000000005,0.07599999999999518,Evaluación
13.200000000000001,13.146000000000017,0.05399999999998428,Evaluación
14.8,14.479999999999995,0.3200000000000056,Evaluación
13.200000000000001,12.948000000000015,0.25199999999998646,Evaluación
13.4,13.29000000000001,0.10999999999999055,Evaluación
14.200000000000001,14.062000000000019,0.13799999999998214,Evaluación
13.200000000000001,13.216000000000019,0.016000000000017778,Evaluación
14.200000000000001,14.276000000000009,0.07600000000000762,Evaluación
14.4,14.298000000000007,0.10199999999999321,Evaluación
13.200000000000001,13.188000000000018,0.011999999999982691,Evaluación
12.4,12.376000000000008,0.023999999999992028,Evaluación
13.200000000000001,13.200000000000015,1.4210854715202004e-14,Evaluación
13.8,13.944999999999986,0.14499999999998536,Evaluación
12.8,13.184999999999997,0.38499999999999623,Evaluación
13.8,13.660399999999981,0.13960000000001926,Evaluación
13.8,13.515999999999977,0.2840000000000238,Evaluación
12.8,12.77199999999999,0.028000000000011127,Evaluación
13.600000000000001,13.446999999999992,0.15300000000000935,Evaluación
12.600000000000001,12.273999999999987,0.3260000000000147,Evaluación
12.8,12.855999999999986,0.05599999999998495,Evaluación
13.8,13.765999999999988,0.03400000000001313,Evaluación
14.200000000000001,14.178000000000015,0.02199999999998603,Evaluación
13.4,13.441333333333334,0.04133333333333411,Evaluación
13.4,13.417999999999997,0.01799999999999713,Evaluación
13.200000000000001,13.124000000000017,0.07599999999998452,Evaluación
13.4,13.49000000000001,0.09000000000001052,Evaluación
13.600000000000001,13.645999999999988,0.04599999999998694,Evaluación
13.8,13.787999999999979,0.012000000000021771,Evaluación
12.4,12.360000000000007,0.03999999999999382,Evaluación
13.200000000000001,13.034333333333352,0.16566666666664887,Evaluación
12.600000000000001,12.204000000000002,0.395999999999999,Evaluación
13.4,13.641999999999987,0.24199999999998667,Evaluación
13.600000000000001,13.355999999999993,0.24400000000000865,Evaluación
13.200000000000001,13.426000000000005,0.22600000000000442,Evaluación
13.200000000000001,13.120000000000013,0.07999999999998764,Evaluación
13.4,13.397000000000013,0.002999999999987679,Evaluación
13.200000000000001,12.677333333333333,0.5226666666666677,Evaluación
13.8,13.689999999999984,0.1100000000000172,Evaluación
14.4,14.304000000000007,0.09599999999999298,Evaluación
12.0,12.168,0.16799999999999926,Evaluación
13.600000000000001,13.710799999999995,0.11079999999999401,Evaluación
14.4,14.299500000000007,0.10049999999999315,Evaluación
12.8,12.248000000000005,0.551999999999996,Evaluación
13.0,13.126000000000001,0.12600000000000122,Evaluación
11.8,11.909999999999986,0.10999999999998522,Evaluación
13.4,13.506000000000002,0.10600000000000165,Evaluación
14.600000000000001,14.563999999999997,0.03600000000000492,Evaluación
12.8,12.82399999999998,0.023999999999979593,Evaluación
13.4,13.337985714285725,0.06201428571427492,Evaluación
13.8,13.266000000000012,0.5339999999999883,Evaluación
13.8,13.81199999999998,0.011999999999979138,Evaluación
13.4,13.232000000000017,0.16799999999998327,Evaluación
14.4,14.304200000000012,0.09579999999998812,Evaluación
12.4,12.717766666666659,0.31776666666665854,Evaluación
13.8,13.67199999999998,0.12800000000002143,Evaluación
13.600000000000001,13.413999999999996,0.18600000000000527,Evaluación
14.0,14.139999999999997,0.13999999999999702,Evaluación
13.600000000000001,13.697999999999988,0.09799999999998654,Evaluación
13.4,13.34200000000001,0.05799999999999095,Evaluación
13.200000000000001,13.174000000000014,0.025999999999987367,Evaluación
13.200000000000001,13.378500000000013,0.1785000000000121,Evaluación
12.4,12.310000000000002,0.08999999999999808,Evaluación
14.4,14.259666666666673,0.1403333333333272,Evaluación
12.8,12.943114285714284,0.14311428571428308,Evaluación
13.600000000000001,13.70199999999999,0.10199999999998788,Evaluación
13.200000000000001,13.23800000000001,0.03800000000000914,Evaluación
13.600000000000001,13.31199999999999,0.2880000000000109,Evaluación
15.0,14.87999999999999,0.12000000000000988,Evaluación
13.4,13.524000000000006,0.12400000000000588,Evaluación
13.0,13.008,0.007999999999999119,Evaluación
13.600000000000001,13.535999999999992,0.06400000000000894,Evaluación
13.4,13.362000000000013,0.03799999999998782,Evaluación
12.600000000000001,12.687999999999995,0.08799999999999386,Evaluación
13.4,13.376000000000007,0.023999999999993804,Evaluación
13.4,13.146000000000006,0.25399999999999423,Evaluación
14.600000000000001,14.489999999999988,0.11000000000001364,Evaluación
13.4,13.64680000000001,0.24680000000000923,Evaluación
14.200000000000001,14.112000000000014,0.08799999999998676,Evaluación
13.4,13.37466666666667,0.025333333333330543,Evaluación
13.600000000000001,13.369999999999997,0.23000000000000398,Evaluación
13.600000000000001,13.579999999999991,0.020000000000010232,Evaluación
13.200000000000001,13.16202380952381,0.03797619047619172,Evaluación
13.600000000000001,13.659999999999984,0.059999999999982734,Evaluación
12.600000000000001,12.644,0.04399999999999871,Evaluación
13.600000000000001,12.989999999999995,0.6100000000000065,Evaluación
14.8,14.731999999999978,0.06800000000002271,Evaluación
13.0,13.082,0.08200000000000074,Evaluación
13.8,14.022,0.22199999999999953,Evaluación
14.0,14.087999999999996,0.08799999999999564,Evaluación
13.0,12.931999999999993,0.06800000000000672,Evaluación
13.600000000000001,13.406000000000006,0.1939999999999955,Evaluación
13.0,13.480800000000004,0.4808000000000039,Evaluación
13.600000000000001,13.665333333333322,0.06533333333332081,Evaluación
13.600000000000001,13.523999999999992,0.0760000000000094,Evaluación
13.200000000000001,13.192333333333352,0.007666666666649391,Evaluación
14.0,14.046000000000014,0.046000000000013586,Evaluación
13.200000000000001,13.290000000000015,0.09000000000001407,Evaluación
12.8,13.038866666666658,0.23886666666665768,Evaluación
14.0,14.092,0.09200000000000053,Evaluación
13.600000000000001,13.273999999999994,0.3260000000000076,Evaluación
14.8,14.507999999999996,0.29200000000000514,Evaluación
14.200000000000001,14.008000000000013,0.19199999999998774,Evaluación
12.200000000000001,12.241999999999985,0.04199999999998383,Evaluación
12.8,12.699999999999982,0.10000000000001918,Evaluación
12.8,12.72599999999999,0.0740000000000105,Evaluación
14.600000000000001,14.463999999999993,0.13600000000000811,Evaluación
12.4,12.664000000000003,0.2640000000000029,Evaluación
14.200000000000001,14.230000000000024,0.030000000000022453,Evaluación
13.600000000000001,13.265999999999995,0.33400000000000674,Evaluación
13.4,13.346000000000009,0.05399999999999139,Evaluación
12.600000000000001,12.663999999999998,0.0639999999999965,Evaluación
14.200000000000001,14.274000000000017,0.07400000000001583,Evaluación
14.4,14.322000000000017,0.07799999999998342,Evaluación
13.200000000000001,12.988000000000008,0.21199999999999264,Evaluación
13.4,13.573600000000006,0.17360000000000575,Evaluación
13.200000000000001,13.274000000000017,0.07400000000001583,Evaluación
13.600000000000001,13.361466666666677,0.23853333333332394,Evaluación
12.8,13.170000000000007,0.3700000000000063,Evaluación
13.0,12.960000000000004,0.039999999999995595,Evaluación
13.200000000000001,13.272000000000023,0.07200000000002227,Evaluación
13.8,13.674666666666656,0.1253333333333444,Evaluación
12.8,12.670000000000002,0.129999999999999,Evaluación
13.0,13.110000000000003,0.11000000000000298,Evaluación
14.4,14.41,0.009999999999999787,Evaluación
13.0,12.974,0.0259999999999998,Evaluación
14.0,14.22400000000001,0.22400000000001086,Evaluación
12.8,12.745999999999997,0.05400000000000382,Evaluación
12.4,12.568000000000005,0.1680000000000046,Evaluación
13.8,14.053999999999983,0.2539999999999818,Evaluación
12.4,12.508,0.10799999999999876,Evaluación
13.8,13.817999999999984,0.01799999999998292,Evaluación
13.200000000000001,13.194000000000019,0.005999999999982464,Evaluación
14.200000000000001,13.987833333333342,0.2121666666666595,Evaluación
13.200000000000001,13.158000000000017,0.04199999999998383,Evaluación
12.8,12.93399999999999,0.13399999999998968,Evaluación
12.600000000000001,12.569999999999999,0.030000000000002913,Evaluación
13.600000000000001,13.600999999999992,0.000999999999990564,Evaluación
12.600000000000001,12.484000000000002,0.11599999999999966,Evaluación
12.8,12.460000000000003,0.3399999999999981,Evaluación
13.200000000000001,13.28400000000001,0.08400000000000851,Evaluación
14.200000000000001,14.181666666666688,0.018333333333313107,Evaluación
14.4,14.314000000000012,0.08599999999998786,Evaluación
13.200000000000001,13.693999999999992,0.4939999999999909,Evaluación
13.0,13.100000000000007,0.10000000000000675,Evaluación
13.200000000000001,13.232000000000017,0.032000000000016016,Evaluación
12.4,12.450000000000005,0.05000000000000426,Evaluación
13.600000000000001,13.703999999999992,0.10399999999999032,Evaluación
13.0,12.85,0.15000000000000036,Evaluación
12.4,12.355999999999996,0.044000000000004036,Evaluación
12.8,12.844999999999981,0.04499999999998039,Evaluación
14.4,14.314000000000014,0.08599999999998609,Evaluación
14.0,14.098000000000003,0.09800000000000253,Evaluación
13.0,12.981999999999998,0.01800000000000246,Evaluación
13.200000000000001,13.22800000000001,0.02800000000000935,Evaluación
13.4,13.484000000000002,0.0840000000000014,Evaluación
14.600000000000001,14.510499999999988,0.08950000000001346,Evaluación
13.0,13.031000000000011,0.03100000000001124,Evaluación
14.8,14.671999999999983,0.12800000000001788,Evaluación
13.200000000000001,13.244000000000014,0.04400000000001292,Evaluación
13.4,13.388133333333345,0.01186666666665559,Evaluación
14.200000000000001,14.111000000000022,0.0889999999999791,Evaluación
12.600000000000001,12.844666666666665,0.2446666666666637,Evaluación
14.600000000000001,14.422000000000004,0.17799999999999727,Evaluación
13.600000000000001,13.568699999999996,0.03130000000000521,Evaluación
13.200000000000001,13.246000000000015,0.046000000000013586,Evaluación
13.600000000000001,13.891066666666656,0.29106666666665504,Evaluación
13.200000000000001,13.633657142857146,0.43365714285714496,Evaluación
12.4,12.497999999999998,0.0979999999999972,Evaluación
13.600000000000001,13.629999999999994,0.029999999999992255,Evaluación
13.0,13.027999999999997,0.027999999999996916,Evaluación
14.600000000000001,14.214999999999984,0.38500000000001755,Evaluación
12.8,12.695999999999987,0.10400000000001342,Evaluación
13.4,13.322000000000008,0.0779999999999923,Evaluación
13.8,13.705999999999982,0.09400000000001896,Evaluación
12.0,12.320000000000004,0.32000000000000384,Evaluación
13.200000000000001,13.184000000000019,0.01599999999998225,Evaluación
14.0,13.995999999999999,0.004000000000001336,Evaluación
13.200000000000001,13.172000000000017,0.027999999999984482,Evaluación
12.8,12.916999999999987,0.11699999999998667,Evaluación
14.0,13.93406666666667,0.06593333333333007,Evaluación
13.8,13.80999999999998,0.00999999999997847,Evaluación
12.8,12.877999999999986,0.07799999999998519,Evaluación
14.4,14.482000000000003,0.08200000000000252,Evaluación
12.0,12.163999999999996,0.16399999999999615,Evaluación
14.0,14.0829,0.08290000000000042,Evaluación
12.4,12.380000000000003,0.019999999999997797,Evaluación
13.200000000000001,13.068000000000016,0.13199999999998546,Evaluación
13.200000000000001,13.325333333333354,0.12533333333335328,Evaluación
13.0,13.216,0.2159999999999993,Evaluación
12.8,12.899999999999986,0.09999999999998543,Evaluación
14.4,13.638000000000009,0.7619999999999916,Evaluación
14.200000000000001,14.058000000000016,0.14199999999998525,Evaluación
13.600000000000001,13.80199999999999,0.2019999999999893,Evaluación
13.600000000000001,13.499999999999993,0.10000000000000853,Evaluación
12.8,13.110000000000007,0.3100000000000058,Evaluación
13.0,13.179999999999998,0.17999999999999794,Evaluación
12.8,12.979999999999986,0.1799999999999855,Evaluación
15.0,14.84999999999999,0.15000000000000924,Evaluación
12.200000000000001,12.275,0.07499999999999929,Evaluación
13.600000000000001,13.513999999999994,0.0860000000000074,Evaluación
14.0,13.875166666666653,0.12483333333334734,Evaluación
14.200000000000001,14.012000000000022,0.1879999999999793,Evaluación
13.200000000000001,13.310000000000016,0.11000000000001542,Evaluación
13.200000000000001,13.136000000000017,0.06399999999998407,Evaluación
14.0,14.009833333333336,0.00983333333333647,Evaluación
12.4,12.718300000000013,0.31830000000001313,Evaluación
14.4,13.658000000000008,0.741999999999992,Evaluación
14.4,14.306000000000004,0.09399999999999586,Evaluación
12.600000000000001,12.791999999999996,0.19199999999999484,Evaluación
13.8,13.673999999999984,0.1260000000000172,Evaluación
13.600000000000001,13.675999999999988,0.0759999999999863,Evaluación
13.4,13.302000000000007,0.09799999999999365,Evaluación
14.200000000000001,13.904000000000021,0.29599999999997983,Evaluación
13.4,13.596000000000009,0.1960000000000086,Evaluación
12.4,12.628000000000002,0.22800000000000153,Evaluación
13.8,13.921333333333314,0.12133333333331286,Evaluación
13.4,13.001999999999995,0.398000000000005,Evaluación
14.200000000000001,13.852000000000015,0.34799999999998654,Evaluación
12.4,12.446000000000003,0.04600000000000293,Evaluación
12.8,12.462,0.33800000000000097,Evaluación
14.8,14.653999999999986,0.146000000000015,Evaluación
13.8,13.84466666666665,0.044666666666648425,Evaluación
13.0,13.006000000000002,0.006000000000002004,Evaluación
13.200000000000001,13.420000000000018,0.22000000000001663,Evaluación
14.0,13.768999999999988,0.2310000000000123,Evaluación
13.600000000000001,13.44533333333334,0.15466666666666207,Evaluación
14.0,13.782000000000004,0.21799999999999642,Evaluación
13.600000000000001,13.42053333333334,0.1794666666666611,Evaluación
13.8,13.865999999999985,0.06599999999998474,Evaluación
13.200000000000001,13.16800000000002,0.03199999999998049,Evaluación
13.0,12.96666666666667,0.03333333333332966,Evaluación
14.200000000000001,14.148000000000017,0.051999999999983615,Evaluación
13.200000000000001,13.294000000000018,0.09400000000001718,Evaluación
12.200000000000001,12.535833333333331,0.3358333333333299,Evaluación
13.8,13.645999999999981,0.15400000000001945,Evaluación
13.0,13.312600000000005,0.3126000000000051,Evaluación
12.600000000000001,12.80379999999999,0.20379999999998866,Evaluación
14.600000000000001,14.371999999999984,0.22800000000001752,Evaluación
13.600000000000001,13.52,0.08000000000000185,Evaluación
14.0,13.983999999999995,0.016000000000005343,Evaluación
14.4,14.148000000000007,0.25199999999999356,Evaluación
13.600000000000001,13.615999999999994,0.01599999999999291,Evaluación
13.600000000000001,13.563999999999991,0.036000000000010246,Evaluación
14.200000000000001,14.130000000000017,0.0699999999999843,Evaluación
13.600000000000001,13.919666666666663,0.3196666666666612,Evaluación
14.0,13.744000000000002,0.25599999999999845,Evaluación
14.0,13.979333333333336,0.020666666666663502,Evaluación
13.8,13.603799999999994,0.19620000000000637,Evaluación
14.600000000000001,14.533999999999992,0.0660000000000096,Evaluación
14.4,14.400000000000011,1.0658141036401503e-14,Evaluación
13.4,13.28400000000001,0.11599999999999078,Evaluación
13.8,13.819999999999983,0.01999999999998181,Evaluación
13.600000000000001,13.673666666666668,0.0736666666666661,Evaluación
12.8,12.815999999999985,0.015999999999984027,Evaluación
14.200000000000001,14.153500000000001,0.046499999999999986,Evaluación
13.600000000000001,13.846000000000004,0.24600000000000222,Evaluación
14.0,14.084000000000009,0.08400000000000851,Evaluación
14.4,13.982666666666665,0.41733333333333533,Evaluación
13.0,13.003999999999998,0.003999999999997783,Evaluación
14.0,13.914000000000001,0.08599999999999852,Evaluación
13.8,13.290000000000015,0.5099999999999856,Evaluación
12.8,12.775999999999996,0.024000000000004462,Evaluación
13.4,13.752000000000004,0.35200000000000387,Evaluación
13.0,13.00799999999999,0.007999999999990237,Evaluación
12.4,13.026999999999994,0.6269999999999936,Evaluación
13.600000000000001,13.621999999999996,0.021999999999994913,Evaluación
13.600000000000001,13.649999999999991,0.04999999999999005,Evaluación
13.600000000000001,13.631999999999989,0.031999999999987594,Evaluación
13.600000000000001,13.413999999999989,0.18600000000001238,Evaluación
12.4,12.384200000000007,0.015799999999993375,Evaluación
14.4,13.975999999999997,0.42400000000000304,Evaluación
13.8,13.951999999999993,0.15199999999999214,Evaluación
13.600000000000001,13.497999999999996,0.10200000000000564,Evaluación
14.200000000000001,14.256666666666687,0.05666666666668618,Evaluación
13.8,14.029999999999983,0.22999999999998266,Evaluación
14.200000000000001,14.056000000000013,0.1439999999999877,Evaluación
13.0,13.044000000000006,0.04400000000000581,Evaluación
13.600000000000001,14.322000000000005,0.7220000000000031,Evaluación
12.0,12.136,0.13599999999999923,Evaluación
13.600000000000001,13.569999999999999,0.030000000000002913,Evaluación
13.200000000000001,13.306000000000015,0.10600000000001408,Evaluación
13.200000000000001,13.028000000000004,0.17199999999999704,Evaluación
12.4,12.276000000000002,0.12399999999999878,Evaluación
12.200000000000001,12.611199999999995,0.4111999999999938,Evaluación
13.8,13.759999999999986,0.040000000000015135,Evaluación
13.8,13.557999999999991,0.24200000000000976,Evaluación
14.8,14.60599999999998,0.19400000000002038,Evaluación
12.4,12.48,0.08000000000000007,Evaluación
13.4,13.83200000000001,0.43200000000000927,Evaluación
13.8,13.731999999999989,0.06800000000001205,Evaluación
13.200000000000001,13.160000000000018,0.03999999999998316,Evaluación
14.4,14.302000000000007,0.09799999999999365,Evaluación
13.8,13.621999999999982,0.1780000000000186,Evaluación
13.0,13.000000000000005,5.329070518200751e-15,Evaluación
14.4,14.174333333333328,0.22566666666667246,Evaluación
13.8,13.633999999999988,0.1660000000000128,Evaluación
12.0,12.038000000000002,0.03800000000000203,Evaluación
12.200000000000001,12.156000000000017,0.043999999999984496,Evaluación
12.600000000000001,12.606799999999996,0.00679999999999481,Evaluación
12.600000000000001,12.591999999999995,0.008000000000006224,Evaluación
13.600000000000001,13.66133333333332,0.0613333333333177,Evaluación
13.600000000000001,13.415999999999991,0.18400000000000993,Evaluación
13.0,13.233400000000007,0.2334000000000067,Evaluación
14.200000000000001,14.077333333333335,0.12266666666666559,Evaluación
12.8,13.184000000000008,0.38400000000000745,Evaluación
13.0,12.80379999999999,0.19620000000000992,Evaluación
13.4,13.272000000000006,0.12799999999999478,Evaluación
13.4,13.489999999999995,0.08999999999999453,Evaluación
13.4,13.414000000000005,0.014000000000004675,Evaluación
13.4,13.268000000000004,0.13199999999999612,Evaluación
14.4,14.295333333333335,0.10466666666666491,Evaluación
13.8,13.743999999999978,0.056000000000022254,Evaluación
13.0,13.086000000000006,0.08600000000000563,Evaluación
13.200000000000001,13.176000000000014,0.0239999999999867,Evaluación
14.0,13.942999999999994,0.05700000000000571,Evaluación
14.200000000000001,14.240000000000018,0.04000000000001691,Evaluación
13.4,13.60600000000001,0.20600000000001017,Evaluación
14.4,14.382666666666676,0.01733333333332432,Evaluación
12.600000000000001,13.212,0.6119999999999983,Evaluación
13.4,13.388000000000009,0.011999999999991573,Evaluación
14.4,14.366000000000016,0.03399999999998471,Evaluación
14.4,14.31866666666668,0.08133333333332082,Evaluación
14.0,14.084000000000003,0.08400000000000318,Evaluación
13.4,13.444000000000008,0.04400000000000759,Evaluación
13.600000000000001,13.581999999999994,0.018000000000007788,Evaluación
13.4,13.454000000000008,0.054000000000007375,Evaluación
14.0,13.844000000000003,0.15599999999999703,Evaluación
13.4,13.678000000000006,0.2780000000000058,Evaluación
14.200000000000001,14.074333333333346,0.12566666666665505,Evaluación
13.8,13.706000000000003,0.09399999999999764,Evaluación
14.8,14.705999999999985,0.0940000000000154,Evaluación
12.600000000000001,12.613999999999997,0.013999999999995794,Evaluación
14.4,14.320000000000011,0.07999999999998941,Evaluación
14.200000000000001,13.90000000000002,0.29999999999998117,Evaluación
12.8,12.723999999999984,0.0760000000000165,Evaluación
13.8,13.72799999999999,0.07200000000000983,Evaluación
12.4,12.171999999999992,0.22800000000000864,Evaluación
13.8,13.897999999999984,0.09799999999998299,Evaluación
13.600000000000001,13.566000000000004,0.033999999999997144,Evaluación
13.4,12.888,0.5120000000000005,Evaluación
14.200000000000001,14.046000000000014,0.15399999999998748,Evaluación
14.0,14.088000000000001,0.08800000000000097,Evaluación
12.600000000000001,12.647999999999994,0.04799999999999294,Evaluación
12.0,12.039999999999997,0.03999999999999737,Evaluación
13.8,13.789999999999985,0.010000000000015774,Evaluación
14.200000000000001,14.23400000000002,0.03400000000001846,Evaluación
13.8,13.745999999999983,0.054000000000018034,Evaluación
14.600000000000001,14.34400000000001,0.25599999999999135,Evaluación
14.600000000000001,14.038,0.5620000000000012,Evaluación
13.600000000000001,13.336000000000018,0.26399999999998336,Evaluación
13.4,13.359333333333339,0.0406666666666613,Evaluación
14.8,14.429999999999996,0.37000000000000455,Evaluación
13.600000000000001,13.593999999999994,0.006000000000007333,Evaluación
13.8,13.600342857142849,0.19965714285715208,Evaluación
13.8,13.649999999999986,0.15000000000001457,Evaluación
13.600000000000001,13.607999999999988,0.007999999999986684,Evaluación
13.200000000000001,13.528000000000015,0.3280000000000136,Evaluación
13.8,13.707999999999988,0.09200000000001296,Evaluación
13.200000000000001,13.110000000000005,0.0899999999999963,Evaluación
14.4,14.247000000000009,0.1529999999999916,Evaluación
13.8,13.83799999999998,0.03799999999997894,Evaluación
13.600000000000001,14.055600000000004,0.4556000000000022,Evaluación
13.200000000000001,13.244000000000014,0.04400000000001292,Evaluación
13.0,12.858000000000002,0.14199999999999768,Evaluación
14.200000000000001,14.090000000000014,0.109999999999987,Evaluación
12.200000000000001,12.492000000000019,0.2920000000000176,Evaluación
12.600000000000001,12.66299999999999,0.06299999999998818,Evaluación
13.200000000000001,13.120000000000013,0.07999999999998764,Evaluación
13.8,13.859999999999983,0.059999999999982734,Evaluación
14.200000000000001,14.075833333333344,0.12416666666665677,Evaluación
14.600000000000001,14.479999999999992,0.12000000000000988,Evaluación
14.4,14.434000000000008,0.0340000000000078,Evaluación
14.600000000000001,14.563999999999986,0.036000000000015575,Evaluación
13.0,13.004000000000003,0.004000000000003112,Evaluación
14.200000000000001,14.278000000000002,0.07800000000000118,Evaluación
13.0,12.964,0.03599999999999959,Evaluación
13.4,13.678000000000003,0.27800000000000225,Evaluación
13.8,13.654333333333318,0.14566666666668304,Evaluación
12.600000000000001,12.808000000000003,0.20800000000000196,Evaluación
13.600000000000001,13.639999999999986,0.039999999999984936,Evaluación
14.0,14.074000000000005,0.07400000000000517,Evaluación
12.8,12.809333333333319,0.009333333333318095,Evaluación
12.8,12.907999999999989,0.1079999999999881,Evaluación
13.600000000000001,13.834000000000009,0.2340000000000071,Evaluación
13.0,13.103,0.10299999999999976,Evaluación
14.0,13.930999999999997,0.06900000000000261,Evaluación
13.200000000000001,13.250000000000021,0.05000000000002025,Evaluación
14.0,13.979999999999995,0.020000000000004903,Evaluación
13.200000000000001,13.226000000000015,0.026000000000014012,Evaluación
13.8,13.68599999999998,0.11400000000002031,Evaluación
13.8,13.847999999999987,0.04799999999998583,Evaluación
12.8,12.971333333333321,0.17133333333332068,Evaluación
12.8,12.851999999999986,0.05199999999998539,Evaluación
13.8,13.795999999999983,0.004000000000017323,Evaluación
13.4,13.406000000000004,0.00600000000000378,Evaluación
12.600000000000001,12.720999999999998,0.12099999999999689,Evaluación
13.4,13.478000000000003,0.07800000000000296,Evaluación
13.0,12.806000000000001,0.19399999999999906,Evaluación
12.8,12.79699999999998,0.00300000000002143,Evaluación
13.600000000000001,13.295999999999998,0.3040000000000038,Evaluación
12.8,12.861999999999982,0.061999999999981625,Evaluación
14.0,14.183999999999996,0.18399999999999572,Evaluación
14.0,13.9015,0.09849999999999959,Evaluación
13.4,13.496000000000006,0.09600000000000541,Evaluación
13.8,13.769999999999982,0.0300000000000189,Evaluación
14.0,14.076500000000001,0.07650000000000112,Evaluación
13.8,13.689999999999984,0.1100000000000172,Evaluación
13.0,13.030000000000003,0.030000000000002913,Evaluación
13.200000000000001,13.412000000000011,0.2120000000000104,Evaluación
14.0,13.923999999999992,0.07600000000000762,Evaluación
12.600000000000001,12.569999999999999,0.030000000000002913,Evaluación
13.8,13.906666666666656,0.10666666666665492,Evaluación
14.8,14.475999999999985,0.32400000000001583,Evaluación
14.0,13.88533333333333,0.11466666666667003,Evaluación
13.200000000000001,13.310666666666682,0.11066666666668112,Evaluación
13.600000000000001,13.62999999999999,0.029999999999988702,Evaluación
13.4,13.590000000000002,0.19000000000000128,Evaluación
13.200000000000001,13.083333333333346,0.1166666666666547,Evaluación
13.0,13.032000000000005,0.03200000000000536,Evaluación
13.200000000000001,13.13900000000001,0.06099999999999106,Evaluación
13.8,13.86599999999999,0.06599999999999007,Evaluación
13.4,13.514333333333344,0.11433333333334339,Evaluación
13.8,13.781999999999984,0.01800000000001667,Evaluación
13.200000000000001,13.202000000000012,0.002000000000011326,Evaluación
12.8,12.979999999999986,0.1799999999999855,Evaluación
12.200000000000001,12.312000000000017,0.11200000000001609,Evaluación
12.200000000000001,12.272000000000018,0.07200000000001694,Evaluación
14.0,13.811999999999998,0.1880000000000024,Evaluación
13.0,12.976,0.023999999999999133,Evaluación
13.4,13.466000000000003,0.0660000000000025,Evaluación
13.8,13.775999999999987,0.024000000000013344,Evaluación
12.600000000000001,12.628999999999994,0.02899999999999281,Evaluación
13.200000000000001,13.316000000000015,0.11600000000001387,Evaluación
14.600000000000001,14.459999999999996,0.1400000000000059,Evaluación
13.600000000000001,13.723999999999995,0.12399999999999345,Evaluación
14.8,14.82799999999998,0.027999999999979153,Evaluación
14.0,14.424666666666658,0.4246666666666581,Evaluación
13.600000000000001,13.681999999999992,0.08199999999999008,Evaluación
13.4,13.368000000000002,0.03199999999999825,Evaluación
13.0,12.934000000000001,0.06599999999999895,Evaluación
13.200000000000001,12.703999999999994,0.49600000000000755,Evaluación
12.8,12.754333333333317,0.0456666666666834,Evaluación
14.4,14.26400000000001,0.13599999999999035,Evaluación
14.0,13.524000000000003,0.4759999999999973,Evaluación
12.0,12.082000000000008,0.08200000000000784,Evaluación
13.600000000000001,13.683999999999996,0.0839999999999943,Evaluación
14.200000000000001,14.054000000000022,0.14599999999997948,Evaluación
13.600000000000001,13.63599999999999,0.03599999999998893,Evaluación
13.4,13.424000000000012,0.024000000000011568,Evaluación
14.0,13.39600000000001,0.6039999999999903,Evaluación
13.0,13.38166666666667,0.3816666666666695,Evaluación
12.0,12.072000000000003,0.07200000000000273,Evaluación
13.0,12.893999999999997,0.10600000000000342,Evaluación
14.0,14.294,0.2940000000000005,Evaluación
13.8,13.877999999999984,0.07799999999998342,Evaluación
12.8,12.853999999999983,0.053999999999982506,Evaluación
13.4,13.217666666666672,0.1823333333333288,Evaluación
14.600000000000001,14.445999999999987,0.15400000000001413,Evaluación
14.8,14.67799999999998,0.1220000000000212,Evaluación
13.4,13.484000000000007,0.08400000000000674,Evaluación
13.200000000000001,13.300133333333335,0.10013333333333385,Evaluación
13.8,13.823999999999987,0.0239999999999867,Evaluación
12.8,12.985999999999981,0.1859999999999804,Evaluación
13.8,13.579999999999982,0.2200000000000184,Evaluación
13.200000000000001,13.218000000000016,0.018000000000014893,Evaluación
13.0,13.03,0.02999999999999936,Evaluación
13.4,13.017999999999997,0.3820000000000032,Evaluación
13.4,13.486000000000008,0.0860000000000074,Evaluación
13.600000000000001,13.62999999999999,0.029999999999988702,Evaluación
13.0,12.86,0.14000000000000057,Evaluación
13.200000000000001,12.982000000000006,0.21799999999999464,Evaluación
13.0,12.806000000000001,0.19399999999999906,Evaluación
14.200000000000001,14.254500000000021,0.05450000000002042,Evaluación
12.600000000000001,12.517333333333339,0.08266666666666289,Evaluación
14.0,13.025999999999994,0.9740000000000055,Evaluación
14.0,13.482000000000005,0.5179999999999954,Evaluación
13.4,13.524000000000006,0.12400000000000588,Evaluación
13.600000000000001,13.559999999999992,0.040000000000009805,Evaluación
12.600000000000001,12.673999999999992,0.07399999999999096,Evaluación
14.0,13.961999999999996,0.03800000000000381,Evaluación
13.8,13.922333333333315,0.12233333333331409,Evaluación
13.200000000000001,13.170000000000018,0.029999999999983373,Evaluación
14.0,14.025333333333332,0.02533333333333232,Evaluación
13.600000000000001,13.715999999999994,0.11599999999999255,Evaluación
14.0,14.521999999999997,0.5219999999999967,Evaluación
13.4,13.396666666666668,0.003333333333332078,Evaluación
13.8,13.946000000000009,0.1460000000000079,Evaluación
12.8,12.621999999999982,0.1780000000000186,Evaluación
12.4,13.050000000000004,0.6500000000000039,Evaluación
14.200000000000001,14.239000000000015,0.03900000000001391,Evaluación
13.8,13.672666666666656,0.12733333333334507,Evaluación
12.4,12.537000000000003,0.13700000000000223,Evaluación
13.200000000000001,13.272000000000016,0.07200000000001516,Evaluación
12.8,12.84999999999999,0.04999999999999005,Evaluación
13.200000000000001,13.180000000000016,0.019999999999985363,Evaluación
14.4,14.12066666666667,0.2793333333333301,Evaluación
14.200000000000001,14.09800000000002,0.10199999999998077,Evaluación
13.0,13.725999999999988,0.7259999999999884,Evaluación
13.0,12.809666666666672,0.19033333333332791,Evaluación
14.0,14.015500000000005,0.015500000000004732,Evaluación
13.600000000000001,13.342666666666668,0.2573333333333334,Evaluación
11.8,11.92399999999998,0.12399999999997924,Evaluación
12.8,12.83799999999999,0.0379999999999896,Evaluación
13.4,13.053000000000011,0.3469999999999889,Evaluación
12.0,12.101999999999999,0.10199999999999854,Evaluación
13.4,13.156000000000008,0.24399999999999267,Evaluación
13.0,12.889333333333328,0.11066666666667224,Evaluación
14.200000000000001,14.202000000000023,0.002000000000021984,Evaluación
13.4,13.478000000000002,0.07800000000000118,Evaluación
13.8,13.747499999999985,0.0525000000000162,Evaluación
13.600000000000001,13.255233333333326,0.34476666666667555,Evaluación
11.8,11.995999999999988,0.1959999999999873,Evaluación
15.0,14.856000000000002,0.14399999999999835,Evaluación
11.8,12.03199999999998,0.23199999999997978,Evaluación
14.200000000000001,14.202000000000014,0.0020000000000131024,Evaluación
13.200000000000001,13.376000000000017,0.17600000000001614,Evaluación
13.8,13.669999999999986,0.130000000000015,Evaluación
13.0,13.062000000000001,0.062000000000001165,Evaluación
13.600000000000001,13.657838095238098,0.0578380952380968,Evaluación
13.600000000000001,13.491999999999997,0.10800000000000409,Evaluación
13.4,13.310000000000004,0.0899999999999963,Evaluación
13.600000000000001,13.533999999999997,0.06600000000000428,Evaluación
13.600000000000001,13.667999999999992,0.06799999999999073,Evaluación
13.200000000000001,13.172000000000018,0.027999999999982705,Evaluación
13.4,13.266000000000005,0.133999999999995,Evaluación
12.600000000000001,12.426000000000005,0.17399999999999594,Evaluación
13.600000000000001,13.661999999999988,0.061999999999986954,Evaluación
13.0,13.153999999999996,0.15399999999999636,Evaluación
13.4,13.026,0.37400000000000055,Evaluación
13.4,13.346000000000005,0.05399999999999494,Evaluación
13.4,13.393000000000004,0.0069999999999961204,Evaluación
12.8,12.93133333333333,0.13133333333332864,Evaluación
12.200000000000001,12.736266666666657,0.5362666666666556,Evaluación
13.0,13.132000000000003,0.13200000000000323,Evaluación
14.0,14.149999999999995,0.14999999999999503,Evaluación
13.4,13.097999999999999,0.3020000000000014,Evaluación
13.600000000000001,13.842000000000011,0.24200000000000976,Evaluación
13.0,13.107999999999999,0.10799999999999876,Evaluación
12.600000000000001,12.540000000000003,0.05999999999999872,Evaluación
14.4,14.12366666666668,0.2763333333333211,Evaluación
13.600000000000001,13.39799999999999,0.20200000000001062,Evaluación
14.600000000000001,14.397999999999985,0.20200000000001594,Evaluación
14.200000000000001,14.102300000000003,0.0976999999999979,Evaluación
14.0,14.144000000000007,0.14400000000000723,Evaluación
13.600000000000001,13.463999999999997,0.13600000000000456,Evaluación
13.600000000000001,13.583999999999987,0.016000000000014225,Evaluación
13.600000000000001,13.679999999999984,0.07999999999998231,Evaluación
14.200000000000001,14.721999999999985,0.5219999999999843,Evaluación
14.0,13.876000000000001,0.12399999999999878,Evaluación
13.4,13.346000000000005,0.05399999999999494,Evaluación
12.200000000000001,12.34600000000002,0.14600000000001856,Evaluación
12.8,12.77883333333332,0.0211666666666801,Evaluación
14.4,14.474,0.07399999999999984,Evaluación
13.4,13.657999999999992,0.257999999999992,Evaluación
13.0,12.961999999999994,0.038000000000005585,Evaluación
12.8,12.835999999999983,0.035999999999981824,Evaluación
13.200000000000001,13.254000000000012,0.05400000000001093,Evaluación
12.4,12.608000000000006,0.2080000000000055,Evaluación
14.0,14.237333333333344,0.2373333333333445,Evaluación
12.8,12.839999999999986,0.039999999999984936,Evaluación
14.0,14.031999999999998,0.03199999999999825,Evaluación
13.200000000000001,13.280000000000015,0.08000000000001428,Evaluación
12.4,13.303200000000002,0.9032000000000018,Evaluación
12.600000000000001,12.743999999999998,0.14399999999999658,Evaluación
13.200000000000001,13.247999999999998,0.04799999999999649,Evaluación
14.0,14.037,0.03700000000000081,Evaluación
12.600000000000001,12.460000000000003,0.1399999999999988,Evaluación
14.0,13.984000000000002,0.015999999999998238,Evaluación
13.0,13.022766666666671,0.022766666666671043,Evaluación
13.4,13.234000000000004,0.16599999999999682,Evaluación
14.600000000000001,14.611999999999988,0.011999999999986244,Evaluación
14.200000000000001,14.322000000000017,0.12200000000001587,Evaluación
14.600000000000001,14.623999999999992,0.02399999999999025,Evaluación
13.0,12.859000000000004,0.14099999999999646,Evaluación
13.4,13.368000000000011,0.03199999999998937,Evaluación
13.4,13.47800000000001,0.07800000000001006,Evaluación
13.8,13.530733333333332,0.26926666666666854,Evaluación
12.200000000000001,12.163999999999996,0.03600000000000492,Evaluación
12.8,12.797999999999984,0.002000000000016655,Evaluación
12.8,12.94999999999998,0.14999999999997904,Evaluación
13.600000000000001,13.76199999999999,0.16199999999998838,Evaluación
12.4,12.476571428571432,0.07657142857143207,Evaluación
13.200000000000001,13.102000000000016,0.09799999999998477,Evaluación
14.0,13.921466666666664,0.07853333333333623,Evaluación
13.4,13.358000000000004,0.04199999999999626,Evaluación
14.0,13.786,0.2140000000000004,Evaluación
13.0,13.101999999999999,0.10199999999999854,Evaluación
13.0,13.13,0.13000000000000078,Evaluación
14.0,13.873999999999999,0.12600000000000122,Evaluación
14.4,14.210000000000013,0.18999999999998707,Evaluación
13.0,13.070000000000002,0.07000000000000206,Evaluación
14.200000000000001,14.13200000000002,0.06799999999998185,Evaluación
14.200000000000001,14.09600000000001,0.10399999999999032,Evaluación
14.4,14.26600000000001,0.13399999999998968,Evaluación
12.8,12.951999999999988,0.1519999999999868,Evaluación
14.4,14.330000000000009,0.0699999999999914,Evaluación
14.200000000000001,14.252000000000018,0.052000000000017366,Evaluación
13.200000000000001,13.308000000000018,0.10800000000001653,Evaluación
14.200000000000001,14.042000000000014,0.15799999999998704,Evaluación
13.4,13.408000000000008,0.008000000000008,Evaluación
13.8,13.735999999999985,0.06400000000001604,Evaluación
13.4,12.991700000000003,0.408299999999997,Evaluación
14.200000000000001,13.930000000000021,0.26999999999998003,Evaluación
13.200000000000001,13.116000000000003,0.08399999999999785,Evaluación
12.4,12.550000000000002,0.15000000000000213,Evaluación
13.4,13.52,0.11999999999999922,Evaluación
14.0,13.380000000000004,0.6199999999999957,Evaluación
14.4,14.4,0.0,Evaluación
13.8,13.825999999999986,0.02599999999998559,Evaluación
14.0,14.019999999999998,0.019999999999997797,Evaluación
12.8,12.956819047619042,0.15681904761904164,Evaluación
13.0,13.088000000000001,0.08800000000000097,Evaluación
13.200000000000001,13.132000000000023,0.0679999999999783,Evaluación
13.600000000000001,13.547999999999988,0.05200000000001381,Evaluación
14.4,14.2906,0.10940000000000083,Evaluación
13.0,12.982000000000001,0.017999999999998906,Evaluación
12.0,12.104,0.1039999999999992,Evaluación
12.600000000000001,12.82333333333333,0.22333333333332916,Evaluación
13.200000000000001,13.316000000000013,0.1160000000000121,Evaluación
14.600000000000001,14.421999999999986,0.17800000000001504,Evaluación
14.200000000000001,14.182000000000015,0.01799999999998647,Evaluación
11.8,12.089999999999986,0.28999999999998494,Evaluación
14.0,13.947999999999995,0.05200000000000493,Evaluación
12.600000000000001,12.645999999999997,0.04599999999999582,Evaluación
13.4,13.498000000000001,0.09800000000000075,Evaluación
13.0,13.094000000000005,0.09400000000000475,Evaluación
12.8,12.75233333333332,0.04766666666668051,Evaluación
14.200000000000001,13.849999999999982,0.3500000000000192,Evaluación
14.0,13.775999999999993,0.2240000000000073,Evaluación
12.600000000000001,12.352,0.2480000000000011,Evaluación
13.600000000000001,13.677999999999999,0.07799999999999763,Evaluación
13.4,13.646000000000004,0.246000000000004,Evaluación
13.200000000000001,13.038666666666684,0.16133333333331734,Evaluación
13.0,13.118000000000002,0.1180000000000021,Evaluación
13.200000000000001,13.32466666666667,0.12466666666666981,Evaluación
13.0,12.988000000000005,0.011999999999995126,Evaluación
13.0,13.306000000000006,0.30600000000000627,Evaluación
12.600000000000001,12.596000000000002,0.0039999999999995595,Evaluación
13.0,13.174000000000003,0.17400000000000304,Evaluación
12.4,12.690000000000003,0.2900000000000027,Evaluación
13.200000000000001,13.086000000000022,0.11399999999997945,Evaluación
14.200000000000001,13.989199999999999,0.21080000000000254,Evaluación
12.8,12.959999999999985,0.15999999999998415,Evaluación
13.4,13.496000000000002,0.09600000000000186,Evaluación
13.600000000000001,13.553999999999997,0.046000000000004704,Evaluación
12.600000000000001,12.75,0.14999999999999858,Evaluación
12.8,12.829999999999986,0.02999999999998515,Evaluación
14.8,14.557999999999984,0.24200000000001687,Evaluación
13.600000000000001,13.377966666666673,0.22203333333332864,Evaluación
13.600000000000001,13.677499999999993,0.07749999999999169,Evaluación
13.8,13.689999999999987,0.11000000000001364,Evaluación
12.200000000000001,12.322000000000017,0.12200000000001587,Evaluación
13.8,13.894999999999989,0.0949999999999882,Evaluación
12.200000000000001,12.134000000000015,0.06599999999998651,Evaluación
13.4,13.40400000000001,0.004000000000010218,Evaluación
12.600000000000001,12.885999999999997,0.28599999999999604,Evaluación
13.600000000000001,13.662666666666658,0.06266666666665621,Evaluación
13.600000000000001,14.03950000000001,0.4395000000000078,Evaluación
13.4,13.388000000000002,0.011999999999998678,Evaluación
13.8,14.064999999999984,0.2649999999999828,Evaluación
12.8,12.767999999999983,0.03200000000001779,Evaluación
13.4,13.472000000000007,0.07200000000000628,Evaluación
14.0,14.045000000000005,0.04500000000000526,Evaluación
14.4,14.400000000000007,7.105427357601002e-15,Evaluación
14.200000000000001,14.304000000000006,0.10400000000000453,Evaluación
12.4,12.460000000000003,0.060000000000002274,Evaluación
13.4,13.374000000000015,0.02599999999998559,Evaluación
12.8,13.288499999999985,0.48849999999998417,Evaluación
12.8,12.83399999999998,0.03399999999997938,Evaluación
14.0,13.992333333333333,0.007666666666667155,Evaluación
13.600000000000001,13.613999999999997,0.013999999999995794,Evaluación
14.0,13.927252380952373,0.07274761904762705,Evaluación
13.0,12.914000000000001,0.08599999999999852,Evaluación
11.8,12.083999999999996,0.28399999999999537,Evaluación
13.8,13.819999999999983,0.01999999999998181,Evaluación
13.4,13.306000000000008,0.09399999999999231,Evaluación
13.600000000000001,13.87099999999999,0.27099999999998836,Evaluación
12.4,12.372,0.02800000000000047,Evaluación
13.0,13.011333333333333,0.011333333333332973,Evaluación
13.8,13.809999999999985,0.0099999999999838,Evaluación
13.0,12.972000000000001,0.027999999999998693,Evaluación
13.600000000000001,13.625999999999992,0.02599999999999092,Evaluación
13.600000000000001,12.85066666666666,0.7493333333333414,Evaluación
14.200000000000001,14.179000000000016,0.02099999999998481,Evaluación
14.200000000000001,14.078000000000008,0.12199999999999278,Evaluación
13.200000000000001,13.048000000000016,0.15199999999998504,Evaluación
14.200000000000001,13.95000000000001,0.24999999999999112,Evaluación
13.200000000000001,13.39000000000001,0.19000000000000838,Evaluación
13.200000000000001,13.43,0.22999999999999865,Evaluación
13.8,13.729999999999986,0.0700000000000145,Evaluación
13.0,13.175999999999995,0.17599999999999483,Evaluación
13.200000000000001,13.110000000000015,0.08999999999998565,Evaluación
13.4,13.566000000000004,0.16600000000000392,Evaluación
13.200000000000001,12.836333333333327,0.36366666666667413,Evaluación
13.8,13.702999999999983,0.0970000000000173,Evaluación
13.200000000000001,13.082000000000017,0.11799999999998434,Evaluación
12.8,12.857999999999986,0.05799999999998562,Evaluación
14.0,14.011999999999999,0.011999999999998678,Evaluación
12.4,12.546000000000001,0.1460000000000008,Evaluación
13.4,13.640000000000008,0.24000000000000732,Evaluación
12.0,12.424,0.4239999999999995,Evaluación
13.200000000000001,13.148000000000016,0.05199999999998539,Evaluación
14.4,14.408000000000014,0.00800000000001333,Evaluación
12.600000000000001,12.592,0.008000000000000895,Evaluación
13.8,13.703999999999983,0.09600000000001785,Evaluación
13.200000000000001,13.224000000000014,0.024000000000013344,Evaluación
13.8,13.636,0.16400000000000148,Evaluación
13.600000000000001,13.573999999999991,0.02600000000001046,Evaluación
13.200000000000001,13.432000000000006,0.23200000000000465,Evaluación
12.600000000000001,12.568000000000001,0.03200000000000003,Evaluación
14.0,13.791999999999991,0.20800000000000907,Evaluación
13.600000000000001,13.553999999999997,0.046000000000004704,Evaluación
13.600000000000001,13.553299999999995,0.046700000000006625,Evaluación
13.4,13.560000000000008,0.16000000000000725,Evaluación
13.4,13.418000000000008,0.018000000000007788,Evaluación
13.8,13.85199999999998,0.05199999999998006,Evaluación
13.600000000000001,13.535999999999992,0.06400000000000894,Evaluación
13.4,13.556000000000004,0.15600000000000414,Evaluación
14.0,14.07,0.07000000000000028,Evaluación
14.0,13.406999999999988,0.5930000000000124,Evaluación
13.200000000000001,13.170000000000016,0.02999999999998515,Evaluación
12.200000000000001,12.224000000000016,0.02400000000001512,Evaluación
13.600000000000001,13.545999999999998,0.05400000000000382,Evaluación
12.8,13.093333333333332,0.2933333333333312,Evaluación
13.200000000000001,13.242000000000013,0.04200000000001225,Evaluación
14.600000000000001,14.49999999999999,0.10000000000001208,Evaluación
13.200000000000001,13.314000000000014,0.1140000000000132,Evaluación
13.0,13.062000000000005,0.06200000000000472,Evaluación
13.600000000000001,13.672433333333323,0.07243333333332203,Evaluación
13.8,13.947999999999988,0.14799999999998725,Evaluación
14.4,14.411999999999987,0.011999999999986244,Evaluación
12.600000000000001,12.524000000000006,0.07599999999999518,Evaluación
13.0,13.088000000000001,0.08800000000000097,Evaluación
13.8,13.715999999999983,0.0840000000000174,Evaluación
12.4,12.319999999999999,0.08000000000000185,Evaluación
13.200000000000001,13.477999999999994,0.27799999999999336,Evaluación
13.4,13.300000000000011,0.09999999999998899,Evaluación
14.200000000000001,14.102000000000018,0.09799999999998299,Evaluación
12.200000000000001,12.312000000000014,0.11200000000001253,Evaluación
13.600000000000001,13.519999999999996,0.0800000000000054,Evaluación
13.200000000000001,13.33000000000002,0.13000000000001855,Evaluación
14.200000000000001,14.180000000000016,0.019999999999985363,Evaluación
13.200000000000001,13.316000000000013,0.1160000000000121,Evaluación
12.0,12.186,0.18599999999999994,Evaluación
12.0,12.144000000000004,0.14400000000000368,Evaluación
13.200000000000001,13.216000000000015,0.016000000000014225,Evaluación
13.4,13.404000000000005,0.0040000000000048885,Evaluación
13.4,13.510000000000012,0.11000000000001187,Evaluación
12.8,12.863999999999985,0.06399999999998407,Evaluación
13.200000000000001,13.371400000000017,0.1714000000000162,Evaluación
13.600000000000001,13.617999999999993,0.0179999999999918,Evaluación
14.0,13.684000000000003,0.31599999999999717,Evaluación
15.0,14.72200000000001,0.2779999999999898,Evaluación
14.600000000000001,14.417999999999983,0.18200000000001815,Evaluación
12.200000000000001,12.360000000000014,0.16000000000001258,Evaluación
13.600000000000001,13.683000000000003,0.08300000000000196,Evaluación
14.0,14.01,0.009999999999999787,Evaluación
14.200000000000001,14.08000000000001,0.11999999999999034,Evaluación
14.200000000000001,13.97800000000002,0.22199999999998177,Evaluación
13.600000000000001,13.491999999999994,0.10800000000000765,Evaluación
14.0,13.899999999999993,0.10000000000000675,Evaluación
14.0,14.013,0.0129999999999999,Evaluación
12.4,12.704999999999993,0.3049999999999926,Evaluación
13.600000000000001,13.282000000000007,0.3179999999999943,Evaluación
13.600000000000001,13.432999999999993,0.1670000000000087,Evaluación
12.8,12.645999999999999,0.1540000000000017,Evaluación
13.600000000000001,13.571999999999994,0.028000000000007574,Evaluación
13.8,13.917999999999989,0.11799999999998789,Evaluación
14.0,14.070000000000002,0.07000000000000206,Evaluación
14.600000000000001,14.469599999999993,0.13040000000000873,Evaluación
13.200000000000001,13.106000000000005,0.09399999999999586,Evaluación
13.600000000000001,13.745999999999988,0.14599999999998658,Evaluación
13.600000000000001,13.623999999999988,0.0239999999999867,Evaluación
13.0,13.15000000000001,0.15000000000000924,Evaluación
13.200000000000001,13.160000000000016,0.039999999999984936,Evaluación
12.4,12.544,0.14400000000000013,Evaluación
13.4,13.44800000000001,0.048000000000008924,Evaluación
14.600000000000001,14.487833333333317,0.11216666666668473,Evaluación
13.0,12.850299999999995,0.1497000000000046,Evaluación
14.0,13.904000000000007,0.09599999999999298,Evaluación
13.600000000000001,13.377999999999991,0.2220000000000102,Evaluación
13.4,13.030000000000006,0.3699999999999939,Evaluación
13.200000000000001,13.380000000000013,0.18000000000001215,Evaluación
13.0,13.154000000000007,0.15400000000000702,Evaluación
13.200000000000001,13.170000000000021,0.02999999999997982,Evaluación
13.200000000000001,13.092000000000011,0.10799999999998988,Evaluación
12.0,12.204000000000015,0.20400000000001484,Evaluación
13.200000000000001,13.130000000000013,0.06999999999998785,Evaluación
13.600000000000001,13.427999999999997,0.17200000000000415,Evaluación
14.4,14.182000000000006,0.21799999999999464,Evaluación
13.600000000000001,13.560000000000002,0.03999999999999915,Evaluación
13.4,13.380000000000011,0.019999999999988916,Evaluación
12.4,12.174000000000003,0.22599999999999731,Evaluación
13.200000000000001,13.134000000000015,0.06599999999998651,Evaluación
13.8,13.619999999999987,0.18000000000001393,Evaluación
12.8,13.04799999999998,0.2479999999999798,Evaluación
12.600000000000001,12.841999999999995,0.24199999999999378,Evaluación
14.8,14.749999999999982,0.050000000000018474,Evaluación
14.4,14.10066666666668,0.2993333333333208,Evaluación
14.200000000000001,14.374000000000008,0.1740000000000066,Evaluación
12.8,12.865199999999986,0.06519999999998483,Evaluación
13.0,13.120000000000003,0.12000000000000277,Evaluación
15.0,14.987999999999998,0.012000000000002231,Evaluación
13.8,13.71399999999998,0.08600000000001984,Evaluación
13.0,13.086000000000006,0.08600000000000563,Evaluación
12.0,12.298,0.29800000000000004,Evaluación
13.8,13.526699999999996,0.2733000000000043,Evaluación
13.0,12.656,0.3439999999999994,Evaluación
13.4,13.565500000000009,0.16550000000000864,Evaluación
14.0,13.85,0.15000000000000036,Evaluación
13.200000000000001,13.240000000000018,0.04000000000001691,Evaluación
13.8,14.491999999999988,0.6919999999999877,Evaluación
13.8,13.665999999999979,0.13400000000002166,Evaluación
13.600000000000001,13.267999999999995,0.33200000000000607,Evaluación
14.0,13.878,0.12199999999999989,Evaluación
13.200000000000001,13.268000000000018,0.06800000000001738,Evaluación
13.0,13.017333333333326,0.017333333333326095,Evaluación
13.0,13.144399999999994,0.14439999999999387,Evaluación
13.0,13.336600000000002,0.33660000000000245,Evaluación
13.8,13.793999999999984,0.006000000000016215,Evaluación
13.8,13.525999999999996,0.27400000000000446,Evaluación
13.0,13.190000000000005,0.19000000000000483,Evaluación
14.4,14.41200000000001,0.012000000000009337,Evaluación
13.4,13.350000000000001,0.049999999999998934,Evaluación
14.8,14.66799999999999,0.13200000000001033,Evaluación
13.200000000000001,12.944000000000008,0.2559999999999931,Evaluación
13.200000000000001,13.064000000000014,0.1359999999999868,Evaluación
13.200000000000001,12.532,0.668000000000001,Evaluación
14.200000000000001,14.011333333333353,0.18866666666664855,Evaluación
13.200000000000001,13.392000000000017,0.19200000000001616,Evaluación
13.0,13.05,0.05000000000000071,Evaluación
13.8,13.667999999999985,0.13200000000001566,Evaluación
13.8,13.909999999999984,0.10999999999998344,Evaluación
12.600000000000001,12.710000000000003,0.11000000000000121,Evaluación
13.600000000000001,13.400933333333327,0.19906666666667405,Evaluación
12.8,13.014000000000008,0.21400000000000752,Evaluación
12.8,12.869999999999987,0.06999999999998607,Evaluación
14.600000000000001,14.531999999999991,0.06800000000001027,Evaluación
13.200000000000001,13.010666666666665,0.18933333333333557,Evaluación
13.4,13.405999999999999,0.005999999999998451,Evaluación
12.600000000000001,12.478000000000002,0.12199999999999989,Evaluación
12.200000000000001,12.202666666666687,0.002666666666685913,Evaluación
14.200000000000001,13.954000000000017,0.24599999999998445,Evaluación
12.200000000000001,12.35033333333334,0.15033333333333943,Evaluación
12.4,12.400600000000008,0.0006000000000074834,Evaluación
14.8,14.619999999999987,0.18000000000001393,Evaluación
13.0,12.913999999999994,0.08600000000000563,Evaluación
12.8,12.847999999999988,0.04799999999998761,Evaluación
13.200000000000001,13.354000000000015,0.15400000000001413,Evaluación
14.4,14.231333333333339,0.1686666666666614,Evaluación
13.4,13.336000000000006,0.06399999999999473,Evaluación
14.200000000000001,14.328000000000005,0.12800000000000367,Evaluación
13.0,13.063999999999998,0.06399999999999828,Evaluación
13.600000000000001,13.579999999999993,0.020000000000008455,Evaluación
13.600000000000001,13.57799999999999,0.0220000000000109,Evaluación
13.4,13.356000000000005,0.043999999999995154,Evaluación
12.8,12.969999999999985,0.16999999999998394,Evaluación
12.0,12.42200000000001,0.4220000000000095,Evaluación
14.0,14.20456190476191,0.20456190476190983,Evaluación
14.600000000000001,14.427999999999988,0.17200000000001303,Evaluación
13.8,13.665999999999988,0.13400000000001278,Evaluación
14.0,14.038,0.038000000000000256,Evaluación
12.8,12.859999999999983,0.059999999999982734,Evaluación
12.8,12.745999999999983,0.054000000000018034,Evaluación
13.0,12.988000000000005,0.011999999999995126,Evaluación
12.4,12.56433333333334,0.16433333333333877,Evaluación
12.8,12.861999999999977,0.061999999999976296,Evaluación
14.4,14.512000000000002,0.11200000000000188,Evaluación
12.8,12.815999999999981,0.015999999999980474,Evaluación
13.4,13.603999999999987,0.20399999999998641,Evaluación
12.8,12.655999999999981,0.14400000000001967,Evaluación
12.200000000000001,12.576666666666684,0.3766666666666829,Evaluación
14.4,14.470000000000002,0.07000000000000206,Evaluación
14.0,14.175999999999997,0.1759999999999966,Evaluación
14.0,14.010000000000012,0.010000000000012221,Evaluación
14.200000000000001,14.092000000000018,0.10799999999998278,Evaluación
13.600000000000001,13.472000000000001,0.1280000000000001,Evaluación
13.600000000000001,13.556999999999992,0.04300000000000992,Evaluación
14.0,13.995999999999999,0.004000000000001336,Evaluación
14.600000000000001,14.401999999999992,0.19800000000000928,Evaluación
13.8,13.789999999999997,0.01000000000000334,Evaluación
14.200000000000001,14.204000000000013,0.004000000000011994,Evaluación
12.8,13.035999999999978,0.23599999999997756,Evaluación
13.600000000000001,13.62199999999999,0.021999999999987807,Evaluación
13.8,13.865999999999985,0.06599999999998474,Evaluación
14.0,13.877999999999997,0.12200000000000344,Evaluación
13.4,13.500000000000005,0.10000000000000497,Evaluación
13.200000000000001,13.116000000000012,0.08399999999998897,Evaluación
13.0,13.012,0.012000000000000455,Evaluación
13.200000000000001,12.857999999999995,0.34200000000000585,Evaluación
12.200000000000001,12.360000000000019,0.1600000000000179,Evaluación
14.200000000000001,14.523999999999987,0.32399999999998563,Evaluación
12.0,12.100000000000005,0.10000000000000497,Evaluación
13.200000000000001,13.212000000000012,0.012000000000011113,Evaluación
12.200000000000001,12.735999999999992,0.5359999999999907,Evaluación
13.600000000000001,13.515999999999998,0.08400000000000318,Evaluación
13.600000000000001,13.481999999999998,0.11800000000000388,Evaluación
13.0,13.071999999999997,0.0719999999999974,Evaluación
12.0,12.31400000000001,0.3140000000000107,Evaluación
13.4,13.952,0.5519999999999996,Evaluación
13.0,13.043999999999999,0.04399999999999871,Evaluación
14.0,13.869999999999994,0.1300000000000061,Evaluación
12.8,13.119833333333336,0.3198333333333352,Evaluación
13.600000000000001,13.665999999999995,0.06599999999999362,Evaluación
13.8,13.625999999999983,0.17400000000001725,Evaluación
13.0,13.004000000000001,0.004000000000001336,Evaluación
14.200000000000001,14.23400000000002,0.03400000000001846,Evaluación
13.0,12.997999999999996,0.0020000000000042206,Evaluación
13.0,13.027999999999993,0.027999999999993364,Evaluación
13.600000000000001,13.785133333333327,0.18513333333332582,Evaluación
13.200000000000001,13.354000000000017,0.1540000000000159,Evaluación
13.0,13.500000000000007,0.5000000000000071,Evaluación
14.200000000000001,13.622000000000003,0.5779999999999976,Evaluación
13.600000000000001,13.655999999999995,0.05599999999999383,Evaluación
14.0,14.037999999999997,0.0379999999999967,Evaluación
14.8,14.751999999999983,0.048000000000017806,Evaluación
12.4,12.43600000000001,0.036000000000010246,Evaluación
12.200000000000001,12.292000000000012,0.09200000000001118,Evaluación
14.0,13.88833333333333,0.11166666666666991,Evaluación
13.0,13.211999999999996,0.2119999999999962,Evaluación
12.4,12.586000000000004,0.1860000000000035,Evaluación
13.0,13.055342857142854,0.05534285714285403,Evaluación
13.600000000000001,13.780666666666663,0.18066666666666187,Evaluación
14.0,14.043733333333332,0.04373333333333207,Evaluación
13.600000000000001,13.539999999999985,0.060000000000016485,Evaluación
13.8,13.546000000000001,0.25399999999999956,Evaluación
14.600000000000001,14.567999999999993,0.03200000000000891,Evaluación
14.200000000000001,14.262000000000022,0.062000000000020705,Evaluación
12.600000000000001,12.578000000000005,0.02199999999999669,Evaluación
13.200000000000001,13.016000000000014,0.18399999999998684,Evaluación
13.4,13.335666666666667,0.0643333333333338,Evaluación
12.8,13.089999999999982,0.2899999999999814,Evaluación
13.200000000000001,13.198000000000015,0.001999999999986457,Evaluación
13.8,13.436666666666646,0.3633333333333546,Evaluación
14.4,14.186000000000005,0.21399999999999508,Evaluación
12.600000000000001,12.653999999999996,0.05399999999999494,Evaluación
13.4,13.458000000000009,0.05800000000000871,Evaluación
12.8,13.013999999999987,0.2139999999999862,Evaluación
13.600000000000001,13.607999999999997,0.007999999999995566,Evaluación
14.200000000000001,14.118199999999996,0.08180000000000476,Evaluación
13.4,13.473999999999997,0.07399999999999629,Evaluación
13.4,13.69199999999999,0.29199999999998916,Evaluación
12.8,12.747999999999982,0.05200000000001914,Evaluación
12.600000000000001,12.153999999999996,0.44600000000000506,Evaluación
14.4,14.298000000000016,0.10199999999998433,Evaluación
12.600000000000001,12.739999999999995,0.13999999999999346,Evaluación
13.4,13.396000000000008,0.003999999999992454,Evaluación
13.600000000000001,13.669999999999993,0.0699999999999914,Evaluación
12.8,13.290000000000004,0.49000000000000377,Evaluación
13.0,12.848133333333333,0.15186666666666682,Evaluación
13.600000000000001,13.35400000000001,0.24599999999999156,Evaluación
13.200000000000001,13.304000000000016,0.10400000000001519,Evaluación
14.600000000000001,14.595999999999993,0.004000000000008441,Evaluación
13.600000000000001,13.547999999999993,0.052000000000008484,Evaluación
14.4,14.629999999999995,0.2299999999999951,Evaluación
14.0,13.937866666666666,0.062133333333333596,Evaluación
13.200000000000001,13.14600000000002,0.05399999999998073,Evaluación
13.200000000000001,13.146000000000017,0.05399999999998428,Evaluación
13.200000000000001,13.152000000000017,0.047999999999984055,Evaluación
13.0,13.088,0.08799999999999919,Evaluación
14.200000000000001,13.927999999999999,0.272000000000002,Evaluación
13.200000000000001,13.376000000000017,0.17600000000001614,Evaluación
12.600000000000001,12.661999999999994,0.061999999999992284,Evaluación
12.600000000000001,12.726000000000004,0.126000000000003,Evaluación
13.600000000000001,13.535999999999992,0.06400000000000894,Evaluación
12.200000000000001,12.56484444444445,0.36484444444444897,Evaluación
13.0,13.062000000000003,0.06200000000000294,Evaluación
13.4,13.33000000000001,0.06999999999998963,Evaluación
13.4,13.352000000000002,0.047999999999998266,Evaluación
12.4,12.330000000000005,0.06999999999999496,Evaluación
14.200000000000001,14.178000000000004,0.02199999999999669,Evaluación
14.0,13.927999999999997,0.07200000000000273,Evaluación
14.200000000000001,14.137000000000015,0.0629999999999864,Evaluación
14.200000000000001,14.176000000000014,0.0239999999999867,Evaluación
14.0,13.44490476190476,0.5550952380952392,Evaluación
13.4,13.895999999999999,0.49599999999999866,Evaluación
12.0,12.024,0.023999999999999133,Evaluación
14.600000000000001,14.461999999999989,0.13800000000001234,Evaluación
13.4,13.556000000000008,0.1560000000000077,Evaluación
12.4,12.574000000000005,0.17400000000000482,Evaluación
13.4,13.595999999999993,0.19599999999999262,Evaluación
13.0,12.738666666666667,0.261333333333333,Evaluación
12.200000000000001,12.244000000000014,0.04400000000001292,Evaluación
12.200000000000001,12.849333333333323,0.6493333333333222,Evaluación
12.0,12.171999999999995,0.17199999999999527,Evaluación
13.600000000000001,13.541999999999991,0.05800000000001049,Evaluación
13.0,13.083999999999998,0.08399999999999785,Evaluación
13.4,13.202000000000007,0.1979999999999933,Evaluación
13.4,13.187000000000005,0.21299999999999564,Evaluación
14.8,14.631999999999984,0.16800000000001702,Evaluación
12.8,12.727999999999987,0.07200000000001339,Evaluación
12.8,12.46199999999999,0.33800000000000985,Evaluación
13.4,13.228000000000009,0.17199999999999172,Evaluación
14.8,14.663999999999987,0.13600000000001344,Evaluación
13.8,13.492000000000008,0.3079999999999927,Evaluación
12.4,12.441999999999997,0.04199999999999626,Evaluación
13.200000000000001,13.20300000000002,0.0030000000000196536,Evaluación
13.8,13.967999999999982,0.1679999999999815,Evaluación
13.600000000000001,13.61799999999999,0.017999999999988248,Evaluación
14.8,14.599999999999977,0.20000000000002416,Evaluación
13.600000000000001,13.547999999999993,0.052000000000008484,Evaluación
14.600000000000001,14.320000000000002,0.27999999999999936,Evaluación
14.0,13.881999999999998,0.1180000000000021,Evaluación
13.8,13.867999999999979,0.0679999999999783,Evaluación
13.600000000000001,13.470000000000006,0.12999999999999545,Evaluación
14.200000000000001,14.146000000000013,0.053999999999987836,Evaluación
12.8,12.835999999999983,0.035999999999981824,Evaluación
14.200000000000001,14.14600000000002,0.05399999999998073,Evaluación
13.0,12.98,0.019999999999999574,Evaluación
13.600000000000001,13.55599999999999,0.04400000000001114,Evaluación
13.4,13.444000000000003,0.04400000000000226,Evaluación
13.4,13.342000000000006,0.0579999999999945,Evaluación
13.4,13.330000000000009,0.0699999999999914,Evaluación
12.600000000000001,12.64966666666666,0.04966666666665809,Evaluación
13.600000000000001,13.790000000000003,0.19000000000000128,Evaluación
13.200000000000001,13.194000000000017,0.00599999999998424,Evaluación
13.4,13.344000000000003,0.055999999999997385,Evaluación
13.600000000000001,13.601999999999986,0.0019999999999846807,Evaluación
14.4,14.248000000000017,0.15199999999998326,Evaluación
14.0,14.02533333333333,0.025333333333330543,Evaluación
12.4,12.527999999999999,0.12799999999999834,Evaluación
13.8,13.867999999999986,0.0679999999999854,Evaluación
12.200000000000001,12.34000000000001,0.14000000000000945,Evaluación
12.600000000000001,12.597999999999999,0.0020000000000024443,Evaluación
14.200000000000001,14.006000000000014,0.19399999999998663,Evaluación
14.0,14.102000000000002,0.10200000000000209,Evaluación
12.8,12.96426666666665,0.16426666666664858,Evaluación
12.600000000000001,12.661999999999994,0.061999999999992284,Evaluación
12.600000000000001,12.446000000000002,0.15399999999999991,Evaluación
14.200000000000001,14.020000000000017,0.17999999999998373,Evaluación
13.0,13.410000000000007,0.41000000000000725,Evaluación
13.600000000000001,13.330899999999987,0.2691000000000141,Evaluación
14.0,14.106000000000005,0.1060000000000052,Evaluación
13.600000000000001,13.719999999999994,0.11999999999999211,Evaluación
13.8,13.969999999999985,0.16999999999998394,Evaluación
14.0,14.182000000000011,0.18200000000001104,Evaluación
13.4,13.445200000000007,0.04520000000000657,Evaluación
14.600000000000001,14.831999999999992,0.23199999999999044,Evaluación
13.600000000000001,13.370000000000006,0.2299999999999951,Evaluación
13.4,13.43900000000001,0.03900000000001036,Evaluación
13.4,13.625000000000007,0.22500000000000675,Evaluación
12.8,12.736666666666649,0.06333333333335212,Evaluación
12.600000000000001,12.753333333333332,0.15333333333333066,Evaluación
13.4,13.511333333333335,0.1113333333333344,Evaluación
14.0,13.920000000000005,0.07999999999999474,Evaluación
14.200000000000001,14.0829,0.11710000000000065,Evaluación
14.8,14.767999999999978,0.03200000000002312,Evaluación
14.0,13.713999999999997,0.28600000000000314,Evaluación
11.8,11.885999999999981,0.08599999999998076,Evaluación
12.8,12.971999999999982,0.17199999999998106,Evaluación
13.4,13.107999999999983,0.2920000000000176,Evaluación
12.600000000000001,12.605999999999996,0.005999999999994898,Evaluación
13.200000000000001,13.063500000000012,0.13649999999998919,Evaluación
12.4,12.442000000000005,0.042000000000005144,Evaluación
13.0,13.064000000000005,0.06400000000000539,Evaluación
14.600000000000001,14.47399999999999,0.12600000000001188,Evaluación
14.0,13.944666666666663,0.05533333333333701,Evaluación
13.600000000000001,13.563999999999995,0.03600000000000669,Evaluación
14.8,14.549999999999986,0.2500000000000142,Evaluación
13.200000000000001,13.268000000000011,0.06800000000001027,Evaluación
13.8,13.971780952380952,0.17178095238095104,Evaluación
14.0,13.941999999999997,0.05800000000000338,Evaluación
14.600000000000001,14.661999999999985,0.0619999999999834,Evaluación
13.8,13.843999999999989,0.04399999999998805,Evaluación
14.200000000000001,14.278000000000018,0.07800000000001717,Evaluación
13.0,13.116,0.11599999999999966,Evaluación
12.4,12.229999999999995,0.17000000000000526,Evaluación
13.8,13.683999999999985,0.11600000000001565,Evaluación
13.0,13.048000000000004,0.048000000000003595,Evaluación
13.600000000000001,13.581999999999988,0.018000000000013117,Evaluación
13.0,13.211999999999998,0.21199999999999797,Evaluación
14.4,14.055833333333341,0.3441666666666592,Evaluación
13.4,13.274000000000001,0.12599999999999945,Evaluación
13.600000000000001,13.470000000000011,0.12999999999999012,Evaluación
13.600000000000001,13.708,0.10799999999999876,Evaluación
13.200000000000001,13.313666666666682,0.11366666666668124,Evaluación
12.4,12.362,0.038000000000000256,Evaluación
13.0,13.32200000000001,0.32200000000000983,Evaluación
12.0,12.019999999999996,0.01999999999999602,Evaluación
14.0,14.055200000000005,0.05520000000000458,Evaluación
13.600000000000001,13.76799999999999,0.1679999999999886,Evaluación
14.4,14.196200000000008,0.2037999999999922,Evaluación
12.600000000000001,12.553999999999998,0.04600000000000293,Evaluación
12.600000000000001,13.12999999999999,0.5299999999999887,Evaluación
13.4,13.12,0.28000000000000114,Evaluación
13.600000000000001,13.427999999999995,0.17200000000000593,Evaluación
13.8,13.778333333333315,0.02166666666668604,Evaluación
15.0,14.768000000000006,0.231999999999994,Evaluación
13.4,13.528799999999999,0.12879999999999825,Evaluación
13.8,13.757999999999981,0.042000000000019355,Evaluación
13.0,13.35800000000001,0.3580000000000094,Evaluación
13.0,13.273999999999994,0.2739999999999938,Evaluación
12.600000000000001,12.653399999999992,0.05339999999999101,Evaluación
13.0,12.98153333333333,0.018466666666670406,Evaluación
14.0,14.081333333333335,0.08133333333333503,Evaluación
13.200000000000001,13.318000000000017,0.11800000000001631,Evaluación
12.600000000000001,13.165999999999997,0.5659999999999954,Evaluación
12.4,12.596000000000004,0.19600000000000328,Evaluación
13.8,13.699999999999982,0.10000000000001918,Evaluación
13.200000000000001,13.312000000000014,0.11200000000001253,Evaluación
13.600000000000001,13.779999999999996,0.1799999999999944,Evaluación
12.4,12.410000000000002,0.010000000000001563,Evaluación
12.8,12.833999999999987,0.033999999999986485,Evaluación
13.0,13.178000000000004,0.17800000000000438,Evaluación
12.8,12.93699999999999,0.1369999999999898,Evaluación
13.0,12.856000000000003,0.14399999999999658,Evaluación
13.0,12.8924,0.1075999999999997,Evaluación
14.0,14.004999999999997,0.004999999999997229,Evaluación
14.200000000000001,14.302000000000014,0.10200000000001275,Evaluación
13.0,12.854000000000001,0.14599999999999902,Evaluación
13.4,13.386000000000003,0.01399999999999757,Evaluación
13.600000000000001,13.789999999999994,0.1899999999999924,Evaluación
14.600000000000001,14.449999999999996,0.15000000000000568,Evaluación
12.8,12.862000000000002,0.062000000000001165,Evaluación
14.200000000000001,13.887000000000002,0.31299999999999883,Evaluación
14.0,14.050000000000002,0.05000000000000249,Evaluación
13.600000000000001,13.563999999999995,0.03600000000000669,Evaluación
13.600000000000001,13.597999999999992,0.0020000000000095497,Evaluación
13.600000000000001,14.23400000000001,0.6340000000000092,Evaluación
11.8,12.029999999999989,0.229999999999988,Evaluación
14.8,14.639999999999988,0.16000000000001258,Evaluación
12.4,12.478,0.0779999999999994,Evaluación
12.8,12.485999999999999,0.31400000000000183,Evaluación
14.0,13.945,0.054999999999999716,Evaluación
13.8,13.76399999999998,0.036000000000020904,Evaluación
13.8,13.924999999999988,0.12499999999998757,Evaluación
14.8,14.84199999999999,0.04199999999998916,Evaluación
12.4,12.282000000000005,0.117999999999995,Evaluación
14.0,13.652000000000003,0.3479999999999972,Evaluación
14.200000000000001,14.324000000000018,0.12400000000001654,Evaluación
13.600000000000001,13.527999999999993,0.07200000000000806,Evaluación
13.200000000000001,12.955500000000018,0.24449999999998262,Evaluación
13.4,13.829999999999998,0.42999999999999794,Evaluación
14.200000000000001,14.074000000000014,0.125999999999987,Evaluación
14.8,14.70799999999998,0.09200000000002007,Evaluación
13.0,12.930000000000001,0.06999999999999851,Evaluación
12.0,12.082,0.08200000000000074,Evaluación
13.8,13.635999999999983,0.16400000000001747,Evaluación
13.0,12.931899999999992,0.06810000000000827,Evaluación
13.8,13.795999999999987,0.00400000000001377,Evaluación
14.0,13.854,0.1460000000000008,Evaluación
13.0,12.957999999999997,0.04200000000000337,Evaluación
13.600000000000001,13.641999999999989,0.04199999999998738,Evaluación
13.4,13.290000000000006,0.1099999999999941,Evaluación
14.0,14.047999999999995,0.047999999999994714,Evaluación
13.600000000000001,13.787999999999988,0.1879999999999864,Evaluación
12.4,12.408000000000008,0.008000000000008,Evaluación
13.4,13.378000000000009,0.02199999999999136,Evaluación
13.200000000000001,12.666000000000002,0.5339999999999989,Evaluación
12.0,12.177999999999997,0.17799999999999727,Evaluación
13.0,13.019200000000003,0.019200000000003214,Evaluación
15.0,14.946,0.05400000000000027,Evaluación
13.4,13.408000000000007,0.008000000000006224,Evaluación
14.200000000000001,13.92736666666667,0.2726333333333315,Evaluación
12.600000000000001,13.040600000000001,0.4405999999999999,Evaluación
13.4,13.08200000000001,0.31799999999999073,Evaluación
13.600000000000001,13.535999999999992,0.06400000000000894,Evaluación
13.0,12.980000000000002,0.019999999999997797,Evaluación
14.4,14.281600000000003,0.11839999999999762,Evaluación
12.200000000000001,12.406000000000013,0.20600000000001195,Evaluación
12.0,12.083999999999996,0.08399999999999608,Evaluación
14.4,14.31400000000001,0.08599999999998964,Evaluación
14.4,14.312000000000014,0.08799999999998676,Evaluación
14.0,13.541999999999998,0.45800000000000196,Evaluación
13.4,14.012000000000015,0.6120000000000143,Evaluación
14.200000000000001,14.317500000000017,0.1175000000000157,Evaluación
13.200000000000001,13.16533333333335,0.034666666666650414,Evaluación
14.4,14.623999999999999,0.22399999999999842,Evaluación
14.0,14.368000000000011,0.368000000000011,Evaluación
14.200000000000001,14.23200000000002,0.03200000000001957,Evaluación
12.8,12.845619047619032,0.045619047619030795,Evaluación
13.200000000000001,13.116000000000016,0.08399999999998542,Evaluación
12.8,12.719999999999988,0.0800000000000125,Evaluación
13.4,13.220999999999998,0.17900000000000205,Evaluación
13.4,13.396000000000015,0.003999999999985349,Evaluación
12.8,12.702999999999989,0.09700000000001197,Evaluación
12.200000000000001,12.739999999999984,0.5399999999999832,Evaluación
13.4,13.396000000000004,0.003999999999996007,Evaluación
14.4,14.368000000000004,0.031999999999996476,Evaluación
13.200000000000001,13.362000000000009,0.16200000000000792,Evaluación
13.600000000000001,13.59599999999999,0.004000000000011994,Evaluación
12.8,12.749499999999982,0.050500000000019085,Evaluación
13.8,13.797999999999986,0.0020000000000148788,Evaluación
13.0,13.110333333333333,0.11033333333333317,Evaluación
13.200000000000001,13.488000000000023,0.28800000000002157,Evaluación
14.600000000000001,14.389999999999997,0.2100000000000044,Evaluación
12.600000000000001,12.565999999999999,0.03400000000000247,Evaluación
13.200000000000001,13.206000000000012,0.0060000000000108855,Evaluación
13.0,12.894000000000004,0.10599999999999632,Evaluación
14.200000000000001,14.164000000000017,0.0359999999999836,Evaluación
13.600000000000001,13.735999999999988,0.1359999999999868,Evaluación
13.8,13.887999999999986,0.08799999999998498,Evaluación
12.600000000000001,12.579999999999991,0.020000000000010232,Evaluación
13.200000000000001,13.020000000000014,0.17999999999998728,Evaluación
13.8,14.0956,0.29559999999999853,Evaluación
13.8,13.860999999999988,0.06099999999998751,Evaluación
12.600000000000001,12.523999999999994,0.07600000000000762,Evaluación
13.0,12.923333333333332,0.07666666666666799,Evaluación
13.4,13.226000000000008,0.17399999999999238,Evaluación
14.0,14.166500000000001,0.16650000000000098,Evaluación
12.0,12.388,0.3879999999999999,Evaluación
13.600000000000001,13.482000000000006,0.117999999999995,Evaluación
13.600000000000001,13.47,0.13000000000000078,Evaluación
14.0,13.9508,0.0492000000000008,Evaluación
13.600000000000001,13.44099999999999,0.15900000000001135,Evaluación
13.8,13.757999999999983,0.04200000000001758,Evaluación
12.4,12.656000000000008,0.25600000000000733,Evaluación
12.8,12.759999999999984,0.04000000000001691,Evaluación
14.200000000000001,13.710666666666674,0.4893333333333274,Evaluación
13.600000000000001,13.595999999999988,0.00400000000001377,Evaluación
14.4,14.38000000000001,0.019999999999990692,Evaluación
12.8,12.845999999999986,0.045999999999985164,Evaluación
14.600000000000001,14.066000000000004,0.5339999999999971,Evaluación
13.8,13.969999999999995,0.1699999999999946,Evaluación
14.0,14.150000000000002,0.15000000000000213,Evaluación
13.8,13.885999999999989,0.08599999999998786,Evaluación
12.8,13.05901666666666,0.2590166666666587,Evaluación
13.200000000000001,13.306000000000013,0.1060000000000123,Evaluación
13.8,13.919999999999991,0.11999999999999034,Evaluación
13.600000000000001,13.507999999999992,0.09200000000000941,Evaluación
13.0,13.008,0.007999999999999119,Evaluación
12.4,12.324000000000005,0.07599999999999518,Evaluación
15.0,14.714000000000004,0.28599999999999604,Evaluación
12.0,12.142666666666669,0.14266666666666872,Evaluación
12.600000000000001,12.64199999999999,0.04199999999998916,Evaluación
13.200000000000001,13.378000000000004,0.1780000000000026,Evaluación
13.4,13.340000000000007,0.05999999999999339,Evaluación
13.600000000000001,13.702999999999983,0.102999999999982,Evaluación
14.4,14.414000000000005,0.014000000000004675,Evaluación
13.200000000000001,13.338000000000013,0.13800000000001234,Evaluación
12.600000000000001,12.942666666666675,0.34266666666667334,Evaluación
14.200000000000001,14.140000000000018,0.059999999999982734,Evaluación
13.200000000000001,13.363466666666666,0.16346666666666465,Evaluación
13.200000000000001,13.462000000000005,0.262000000000004,Evaluación
13.600000000000001,13.485999999999995,0.1140000000000061,Evaluación
13.200000000000001,13.176000000000018,0.023999999999983146,Evaluación
13.600000000000001,13.492000000000003,0.10799999999999876,Evaluación
13.600000000000001,13.547999999999996,0.05200000000000493,Evaluación
13.600000000000001,13.613999999999992,0.013999999999990465,Evaluación
13.200000000000001,13.471999999999998,0.2719999999999967,Evaluación
13.200000000000001,12.9026,0.29740000000000144,Evaluación
14.0,14.100666666666665,0.10066666666666535,Evaluación
13.600000000000001,13.624666666666679,0.024666666666677273,Evaluación
13.0,12.699999999999987,0.30000000000001315,Evaluación
14.0,13.951999999999996,0.048000000000003595,Evaluación
13.200000000000001,13.401000000000005,0.20100000000000406,Evaluación
13.600000000000001,13.815999999999997,0.21599999999999575,Evaluación
12.8,12.885999999999989,0.08599999999998786,Evaluación
13.8,13.725999999999994,0.07400000000000695,Evaluación
13.0,12.806266666666657,0.19373333333334308,Evaluación
13.8,13.643999999999982,0.15600000000001835,Evaluación
13.200000000000001,13.452000000000012,0.2520000000000113,Evaluación
13.600000000000001,13.651999999999992,0.05199999999999072,Evaluación
14.0,13.839999999999996,0.1600000000000037,Evaluación
13.0,12.977333333333338,0.022666666666662394,Evaluación
13.0,12.830000000000002,0.16999999999999815,Evaluación
13.600000000000001,13.583999999999993,0.016000000000008896,Evaluación
13.4,13.553066666666677,0.15306666666667645,Evaluación
14.4,14.322000000000012,0.07799999999998875,Evaluación
14.0,13.616,0.38400000000000034,Evaluación
14.4,14.26,0.14000000000000057,Evaluación
14.200000000000001,13.922000000000018,0.2779999999999827,Evaluación
12.8,12.727999999999986,0.07200000000001516,Evaluación
13.8,13.866999999999988,0.06699999999998774,Evaluación
14.600000000000001,14.549999999999988,0.050000000000013145,Evaluación
14.0,14.098000000000006,0.09800000000000608,Evaluación
13.600000000000001,13.42,0.1800000000000015,Evaluación
14.200000000000001,14.100000000000016,0.09999999999998543,Evaluación
14.200000000000001,14.174000000000012,0.025999999999989143,Evaluación
13.200000000000001,13.316000000000015,0.11600000000001387,Evaluación
13.600000000000001,13.521999999999993,0.07800000000000828,Evaluación
14.0,13.809199999999997,0.19080000000000297,Evaluación
14.4,14.484000000000002,0.0840000000000014,Evaluación
13.200000000000001,13.250000000000016,0.05000000000001492,Evaluación
13.0,13.146000000000008,0.1460000000000079,Evaluación
13.200000000000001,13.174000000000019,0.025999999999982037,Evaluación
13.0,12.921999999999999,0.07800000000000118,Evaluación
14.4,14.286,0.11400000000000077,Evaluación
13.600000000000001,13.504000000000003,0.09599999999999831,Evaluación
13.4,13.558000000000009,0.15800000000000836,Evaluación
13.600000000000001,13.523333333333328,0.07666666666667332,Evaluación
13.4,13.37600000000001,0.02399999999999025,Evaluación
13.8,13.893999999999984,0.09399999999998343,Evaluación
13.0,13.188000000000002,0.1880000000000024,Evaluación
14.0,13.984000000000002,0.015999999999998238,Evaluación
12.8,12.825999999999981,0.02599999999998026,Evaluación
13.200000000000001,13.293333333333353,0.09333333333335148,Evaluación
12.8,12.86799999999998,0.06799999999998008,Evaluación
13.200000000000001,13.251000000000015,0.05100000000001437,Evaluación
13.4,13.38600000000001,0.013999999999990465,Evaluación
13.600000000000001,13.494000000000005,0.10599999999999632,Evaluación
14.200000000000001,13.815999999999988,0.3840000000000128,Evaluación
13.4,13.31000000000001,0.08999999999999098,Evaluación
13.8,13.633066666666648,0.16693333333335225,Evaluación
13.4,13.414000000000009,0.014000000000008228,Evaluación
12.200000000000001,12.306000000000013,0.1060000000000123,Evaluación
13.600000000000001,13.57,0.030000000000001137,Evaluación
13.4,13.418000000000006,0.01800000000000601,Evaluación
12.8,12.837999999999981,0.037999999999980716,Evaluación
12.600000000000001,12.683999999999994,0.08399999999999253,Evaluación
14.4,14.61999999999999,0.21999999999998998,Evaluación
13.8,13.838999999999992,0.03899999999999082,Evaluación
13.200000000000001,13.460000000000006,0.2600000000000051,Evaluación
12.8,12.525999999999996,0.27400000000000446,Evaluación
12.200000000000001,12.384200000000007,0.18420000000000591,Evaluación
14.200000000000001,14.278000000000013,0.07800000000001184,Evaluación
12.600000000000001,12.917999999999992,0.31799999999999073,Evaluación
13.0,13.168,0.16799999999999926,Evaluación
14.200000000000001,14.030000000000019,0.16999999999998217,Evaluación
14.600000000000001,14.411999999999994,0.18800000000000772,Evaluación
13.0,13.098000000000003,0.09800000000000253,Evaluación
13.200000000000001,13.05800000000001,0.14199999999999058,Evaluación
13.200000000000001,13.139000000000012,0.060999999999989285,Evaluación
14.8,14.66399999999998,0.13600000000002055,Evaluación
12.4,12.346000000000002,0.053999999999998494,Evaluación
13.200000000000001,13.182000000000015,0.01799999999998647,Evaluación
14.200000000000001,14.10600000000002,0.09399999999998165,Evaluación
13.4,13.204666666666673,0.19533333333332692,Evaluación
13.8,13.619999999999987,0.18000000000001393,Evaluación
14.4,14.28400000000001,0.11599999999999078,Evaluación
14.4,14.093999999999996,0.3060000000000045,Evaluación
13.0,13.031999999999996,0.031999999999996476,Evaluación
14.200000000000001,13.984000000000014,0.21599999999998687,Evaluación
12.8,12.847999999999981,0.0479999999999805,Evaluación
12.200000000000001,12.326000000000013,0.12600000000001188,Evaluación
13.8,13.929999999999986,0.1299999999999848,Evaluación
13.0,13.512,0.5120000000000005,Evaluación
13.8,13.875999999999985,0.07599999999998452,Evaluación
12.8,12.769333333333318,0.03066666666668283,Evaluación
13.8,13.842666666666647,0.04266666666664598,Evaluación
13.600000000000001,13.563999999999995,0.03600000000000669,Evaluación
12.600000000000001,12.621999999999993,0.02199999999999136,Evaluación
13.200000000000001,13.316000000000017,0.11600000000001565,Evaluación
13.0,13.036,0.03599999999999959,Evaluación
13.200000000000001,13.12240000000001,0.07759999999999145,Evaluación
13.4,12.743999999999996,0.6560000000000041,Evaluación
12.4,12.584666666666665,0.18466666666666498,Evaluación
13.200000000000001,13.238000000000023,0.03800000000002157,Evaluación
13.600000000000001,13.357999999999988,0.24200000000001332,Evaluación
13.600000000000001,13.74119999999999,0.1411999999999889,Evaluación
12.600000000000001,12.961999999999996,0.36199999999999477,Evaluación
13.200000000000001,13.194000000000017,0.00599999999998424,Evaluación
13.0,12.93,0.07000000000000028,Evaluación
14.4,14.26400000000001,0.13599999999999035,Evaluación
14.0,14.052,0.0519999999999996,Evaluación
12.600000000000001,12.557999999999998,0.04200000000000337,Evaluación
13.0,13.181333333333335,0.18133333333333468,Evaluación
13.0,12.735999999999999,0.2640000000000011,Evaluación
13.200000000000001,13.200000000000019,1.7763568394002505e-14,Evaluación
13.600000000000001,13.707999999999995,0.10799999999999343,Evaluación
12.8,12.811999999999985,0.011999999999984468,Evaluación
13.200000000000001,13.241704761904764,0.04170476190476258,Evaluación
13.600000000000001,13.497999999999996,0.10200000000000564,Evaluación
12.8,12.99399999999998,0.19399999999997952,Evaluación
12.4,12.240000000000004,0.1599999999999966,Evaluación
13.4,13.626000000000003,0.22600000000000264,Evaluación
13.4,13.749999999999995,0.3499999999999943,Evaluación
13.0,12.981999999999998,0.01800000000000246,Evaluación
11.8,11.973999999999991,0.1739999999999906,Evaluación
13.200000000000001,13.210000000000013,0.010000000000012221,Evaluación
13.600000000000001,13.399999999999999,0.20000000000000284,Evaluación
12.600000000000001,12.551199999999994,0.04880000000000706,Evaluación
13.600000000000001,13.524000000000001,0.07600000000000051,Evaluación
13.600000000000001,13.509999999999996,0.09000000000000519,Evaluación
13.200000000000001,13.202000000000021,0.002000000000020208,Evaluación
12.600000000000001,12.549999999999997,0.05000000000000426,Evaluación
12.200000000000001,12.274000000000019,0.07400000000001761,Evaluación
13.600000000000001,13.606000000000003,0.006000000000002004,Evaluación
13.200000000000001,13.174000000000017,0.025999999999983814,Evaluación
13.8,13.749999999999982,0.050000000000018474,Evaluación
12.8,13.135999999999994,0.3359999999999932,Evaluación
13.600000000000001,13.214,0.386000000000001,Evaluación
13.200000000000001,13.274000000000017,0.07400000000001583,Evaluación
13.600000000000001,13.706999999999987,0.10699999999998511,Evaluación
12.4,12.350000000000007,0.049999999999993605,Evaluación
13.600000000000001,13.539999999999994,0.0600000000000076,Evaluación
13.8,13.98933333333333,0.18933333333332847,Evaluación
14.0,13.763999999999987,0.2360000000000131,Evaluación
13.0,12.856000000000002,0.14399999999999835,Evaluación
13.600000000000001,13.467999999999996,0.132000000000005,Evaluación
13.4,13.41366666666667,0.013666666666669158,Evaluación
12.8,12.977999999999984,0.17799999999998306,Evaluación
12.600000000000001,12.985999999999999,0.38599999999999746,Evaluación
13.4,13.490000000000009,0.09000000000000874,Evaluación
13.200000000000001,13.326000000000011,0.1260000000000101,Evaluación
13.4,13.022000000000006,0.3779999999999948,Evaluación
12.600000000000001,12.675999999999997,0.07599999999999518,Evaluación
13.8,13.85033333333332,0.050333333333318464,Evaluación
14.0,13.94,0.0600000000000005,Evaluación
14.0,13.941999999999997,0.05800000000000338,Evaluación
13.0,13.009999999999998,0.00999999999999801,Evaluación
12.8,12.717999999999984,0.08200000000001673,Evaluación
13.4,13.384000000000006,0.015999999999994685,Evaluación
12.200000000000001,12.449000000000005,0.2490000000000041,Evaluación
14.0,13.916000000000006,0.0839999999999943,Evaluación
13.600000000000001,13.529999999999996,0.07000000000000561,Evaluación
12.8,12.733999999999986,0.06600000000001494,Evaluación
13.600000000000001,13.55599999999999,0.04400000000001114,Evaluación
13.600000000000001,13.66,0.05999999999999872,Evaluación
12.600000000000001,12.5,0.10000000000000142,Evaluación
13.0,13.369000000000005,0.3690000000000051,Evaluación
13.8,13.801999999999985,0.0019999999999846807,Evaluación
12.600000000000001,12.739999999999998,0.13999999999999702,Evaluación
13.8,13.95349999999998,0.15349999999997976,Evaluación
12.200000000000001,12.250000000000016,0.05000000000001492,Evaluación
12.4,12.294000000000004,0.10599999999999632,Evaluación
14.200000000000001,14.240000000000023,0.04000000000002224,Evaluación
13.8,13.517999999999988,0.28200000000001246,Evaluación
13.600000000000001,13.481999999999989,0.11800000000001276,Evaluación
12.200000000000001,12.20000000000002,1.9539925233402755e-14,Evaluación
13.4,13.410000000000004,0.01000000000000334,Evaluación
13.600000000000001,13.708052380952383,0.10805238095238145,Evaluación
14.4,14.276000000000009,0.12399999999999167,Evaluación
14.200000000000001,14.121333333333352,0.07866666666664912,Evaluación
13.4,13.334000000000009,0.06599999999999184,Evaluación
13.600000000000001,13.638,0.03799999999999848,Evaluación
12.8,12.85399999999998,0.053999999999978954,Evaluación
14.600000000000001,13.878666666666666,0.7213333333333356,Evaluación
13.0,13.258000000000006,0.2580000000000062,Evaluación
13.4,13.404666666666675,0.004666666666674146,Evaluación
12.600000000000001,12.57,0.030000000000001137,Evaluación
12.600000000000001,12.539500000000006,0.06049999999999578,Evaluación
13.8,13.241999999999994,0.5580000000000069,Evaluación
13.600000000000001,13.347999999999992,0.25200000000000955,Evaluación
13.600000000000001,13.719819047619046,0.11981904761904438,Evaluación
13.8,13.393666666666661,0.40633333333333965,Evaluación
14.600000000000001,14.25999999999999,0.3400000000000123,Evaluación
13.200000000000001,13.258000000000017,0.05800000000001582,Evaluación
13.600000000000001,13.432166666666662,0.1678333333333395,Evaluación
13.0,13.057000000000002,0.05700000000000216,Evaluación
13.4,13.391999999999996,0.008000000000004448,Evaluación
14.0,13.962500000000007,0.03749999999999254,Evaluación
13.200000000000001,13.246000000000022,0.04600000000002069,Evaluación
12.8,12.831999999999987,0.03199999999998582,Evaluación
13.8,14.256900000000005,0.4569000000000045,Evaluación
14.200000000000001,14.388000000000018,0.1880000000000166,Evaluación
13.600000000000001,13.807999999999987,0.20799999999998597,Evaluación
13.600000000000001,13.60049999999999,0.0004999999999881766,Evaluación
13.200000000000001,13.22800000000002,0.028000000000018233,Evaluación
14.0,13.969999999999997,0.030000000000002913,Evaluación
13.0,12.89,0.10999999999999943,Evaluación
12.600000000000001,12.679999999999993,0.07999999999999119,Evaluación
14.0,14.455999999999996,0.45599999999999596,Evaluación
13.4,13.484000000000004,0.08400000000000318,Evaluación
12.600000000000001,12.528000000000004,0.0719999999999974,Evaluación
12.8,12.785999999999984,0.01400000000001711,Evaluación
12.0,12.264000000000005,0.2640000000000047,Evaluación
12.4,12.594000000000003,0.19400000000000261,Evaluación
13.0,13.052000000000005,0.05200000000000493,Evaluación
13.8,14.016000000000002,0.21600000000000108,Evaluación
13.600000000000001,13.681999999999995,0.08199999999999363,Evaluación
13.200000000000001,13.344666666666678,0.1446666666666765,Evaluación
14.4,14.270400000000002,0.12959999999999816,Evaluación
13.600000000000001,13.586666666666666,0.013333333333335418,Evaluación
13.8,13.78199999999998,0.018000000000020222,Evaluación
13.0,13.078,0.0779999999999994,Evaluación
13.0,13.13000000000001,0.13000000000000966,Evaluación
14.0,14.074000000000002,0.07400000000000162,Evaluación
13.4,13.330000000000007,0.06999999999999318,Evaluación
14.600000000000001,14.237333333333344,0.3626666666666569,Evaluación
14.0,13.838000000000005,0.16199999999999548,Evaluación
13.200000000000001,13.218000000000018,0.01800000000001667,Evaluación
13.600000000000001,13.483999999999996,0.11600000000000499,Evaluación
12.200000000000001,12.164000000000017,0.0359999999999836,Evaluación
14.0,13.866000000000003,0.1339999999999968,Evaluación
13.200000000000001,13.222000000000016,0.022000000000014452,Evaluación
13.4,12.900000000000013,0.49999999999998757,Evaluación
13.8,13.651999999999992,0.14800000000000857,Evaluación
12.8,12.711999999999989,0.08800000000001162,Evaluación
13.0,12.623999999999999,0.3760000000000012,Evaluación
15.0,14.719999999999997,0.2800000000000029,Evaluación
12.600000000000001,12.694000000000003,0.0940000000000012,Evaluación
13.8,13.61599999999999,0.18400000000000993,Evaluación
13.600000000000001,13.639999999999992,0.039999999999990266,Evaluación
13.200000000000001,12.769999999999996,0.43000000000000504,Evaluación
13.200000000000001,13.230000000000018,0.030000000000017124,Evaluación
13.200000000000001,13.192000000000014,0.007999999999986684,Evaluación
13.600000000000001,13.505999999999998,0.09400000000000297,Evaluación
13.0,13.252,0.25200000000000067,Evaluación
14.0,13.829999999999998,0.1700000000000017,Evaluación
13.600000000000001,13.621999999999998,0.02199999999999669,Evaluación
14.0,14.127999999999997,0.12799999999999656,Evaluación
12.200000000000001,12.268000000000013,0.06800000000001205,Evaluación
12.200000000000001,12.274000000000017,0.07400000000001583,Evaluación
12.8,12.789999999999985,0.010000000000015774,Evaluación
14.200000000000001,14.2555,0.05549999999999855,Evaluación
14.4,14.378000000000018,0.021999999999982478,Evaluación
13.200000000000001,13.279300000000003,0.0793000000000017,Evaluación
12.600000000000001,12.795999999999992,0.19599999999999085,Evaluación
12.4,12.444000000000008,0.04400000000000759,Evaluación
13.0,12.98433333333333,0.015666666666669826,Evaluación
13.200000000000001,13.228666666666689,0.02866666666668749,Evaluación
14.4,14.51200000000001,0.11200000000000898,Evaluación
13.600000000000001,13.519333333333325,0.08066666666667643,Evaluación
14.0,13.815999999999999,0.18400000000000105,Evaluación
14.0,14.047142857142857,0.04714285714285715,Evaluación
14.600000000000001,14.473999999999991,0.1260000000000101,Evaluación
13.4,13.368000000000002,0.03199999999999825,Evaluación
13.0,12.885999999999992,0.11400000000000787,Evaluación
13.0,12.859999999999998,0.14000000000000234,Evaluación
13.0,13.633999999999993,0.6339999999999932,Evaluación
14.0,13.88136666666667,0.11863333333332982,Evaluación
13.200000000000001,13.252500000000015,0.052500000000014424,Evaluación
13.0,13.014000000000001,0.014000000000001123,Evaluación
13.600000000000001,13.596000000000004,0.003999999999997783,Evaluación
13.200000000000001,13.042066666666669,0.15793333333333237,Evaluación
13.0,13.138000000000002,0.13800000000000168,Evaluación
14.200000000000001,14.244000000000012,0.04400000000001114,Evaluación
13.0,13.182376190476198,0.18237619047619802,Evaluación
14.0,13.798333333333325,0.2016666666666751,Evaluación
13.8,14.02199999999998,0.22199999999998,Evaluación
14.200000000000001,14.15800000000002,0.041999999999980275,Evaluación
13.4,13.258000000000012,0.1419999999999888,Evaluación
12.8,12.691999999999984,0.10800000000001653,Evaluación
13.200000000000001,13.164333333333342,0.03566666666665874,Evaluación
13.200000000000001,13.282000000000018,0.08200000000001673,Evaluación
13.0,12.931466666666658,0.06853333333334177,Evaluación
12.200000000000001,12.126000000000003,0.07399999999999807,Evaluación
14.4,14.301333333333334,0.09866666666666646,Evaluación
14.0,13.500133333333332,0.49986666666666757,Evaluación
14.200000000000001,14.272000000000018,0.07200000000001694,Evaluación
14.4,14.202666666666671,0.19733333333332936,Evaluación
13.4,13.3079,0.09210000000000029,Evaluación
14.4,14.262000000000016,0.1379999999999839,Evaluación
14.0,14.195999999999994,0.1959999999999944,Evaluación
12.4,12.416000000000002,0.01600000000000179,Evaluación
14.200000000000001,13.57,0.6300000000000008,Evaluación
12.4,12.508000000000006,0.10800000000000587,Evaluación
13.600000000000001,13.591999999999993,0.008000000000008,Evaluación
14.8,14.743999999999978,0.056000000000022254,Evaluación
13.600000000000001,13.741999999999997,0.1419999999999959,Evaluación
12.8,12.84199999999998,0.0419999999999785,Evaluación
13.0,13.072000000000001,0.07200000000000095,Evaluación
13.200000000000001,13.038000000000006,0.16199999999999548,Evaluación
13.600000000000001,13.263333333333332,0.33666666666666956,Evaluación
13.4,13.458000000000002,0.058000000000001606,Evaluación
13.4,13.528000000000006,0.12800000000000544,Evaluación
12.600000000000001,12.495999999999997,0.10400000000000453,Evaluación
14.200000000000001,13.98000000000001,0.21999999999999176,Evaluación
12.600000000000001,12.703999999999997,0.10399999999999565,Evaluación
13.200000000000001,13.484000000000012,0.28400000000001135,Evaluación
13.4,13.552000000000005,0.15200000000000458,Evaluación
13.200000000000001,13.259600000000018,0.05960000000001742,Evaluación
14.0,13.845999999999995,0.15400000000000524,Evaluación
12.8,12.718999999999985,0.0810000000000155,Evaluación
14.200000000000001,14.012666666666668,0.18733333333333313,Evaluación
13.600000000000001,13.49599999999999,0.10400000000001164,Evaluación
12.8,12.857999999999988,0.057999999999987395,Evaluación
13.200000000000001,13.290000000000019,0.09000000000001762,Evaluación
14.4,14.671999999999995,0.2719999999999949,Evaluación
13.200000000000001,13.16000000000002,0.039999999999981384,Evaluación
14.0,13.700000000000012,0.2999999999999883,Evaluación
13.200000000000001,13.242000000000013,0.04200000000001225,Evaluación
13.600000000000001,13.367999999999993,0.2320000000000082,Evaluación
14.0,13.959999999999997,0.0400000000000027,Evaluación
12.8,12.977999999999987,0.1779999999999866,Evaluación
14.200000000000001,13.832000000000019,0.36799999999998256,Evaluación
14.4,14.35600000000001,0.043999999999989825,Evaluación
14.200000000000001,14.090000000000016,0.10999999999998522,Evaluación
12.600000000000001,12.579999999999998,0.020000000000003126,Evaluación
13.600000000000001,13.828000000000008,0.22800000000000686,Evaluación
12.600000000000001,12.722000000000001,0.12199999999999989,Evaluación
13.200000000000001,13.781999999999998,0.5819999999999972,Evaluación
12.600000000000001,13.017999999999994,0.41799999999999216,Evaluación
14.4,14.336000000000007,0.06399999999999295,Evaluación
14.0,14.240000000000007,0.24000000000000732,Evaluación
13.0,13.102533333333335,0.10253333333333536,Evaluación
13.4,13.488000000000014,0.0880000000000134,Evaluación
13.200000000000001,13.206000000000016,0.006000000000014438,Evaluación
13.8,13.775999999999984,0.024000000000016897,Evaluación
13.200000000000001,13.157000000000016,0.04299999999998505,Evaluación
14.0,14.428099999999999,0.4280999999999988,Evaluación
13.600000000000001,13.54199999999999,0.058000000000012264,Evaluación
13.0,12.98,0.019999999999999574,Evaluación
13.4,13.548000000000004,0.14800000000000324,Evaluación
14.200000000000001,14.170000000000016,0.02999999999998515,Evaluación
14.0,13.976,0.023999999999999133,Evaluación
12.200000000000001,12.300000000000018,0.10000000000001741,Evaluación
13.8,13.346000000000005,0.4539999999999953,Evaluación
12.600000000000001,12.677999999999992,0.07799999999999052,Evaluación
13.4,13.526000000000005,0.12600000000000477,Evaluación
13.0,12.897999999999998,0.10200000000000209,Evaluación
12.600000000000001,12.737999999999994,0.1379999999999928,Evaluación
13.4,13.31800000000001,0.08199999999999008,Evaluación
13.200000000000001,13.240000000000018,0.04000000000001691,Evaluación
14.4,14.416000000000013,0.01600000000001245,Evaluación
13.600000000000001,13.435999999999996,0.16400000000000503,Evaluación
13.4,13.41000000000001,0.010000000000010445,Evaluación
14.4,14.298000000000018,0.10199999999998255,Evaluación
13.200000000000001,13.430000000000014,0.23000000000001286,Evaluación
14.600000000000001,14.527999999999986,0.07200000000001516,Evaluación
14.200000000000001,13.894000000000016,0.30599999999998495,Evaluación
13.0,13.0151,0.015100000000000335,Evaluación
13.0,12.606000000000009,0.39399999999999125,Evaluación
13.0,12.905366666666662,0.09463333333333779,Evaluación
13.600000000000001,13.409999999999995,0.1900000000000066,Evaluación
14.0,13.680000000000001,0.3199999999999985,Evaluación
13.600000000000001,13.575999999999997,0.024000000000004462,Evaluación
12.4,12.74,0.33999999999999986,Evaluación
13.200000000000001,13.039999999999996,0.16000000000000547,Evaluación
13.0,12.929999999999998,0.07000000000000206,Evaluación
14.200000000000001,14.194000000000015,0.0059999999999860165,Evaluación
12.200000000000001,12.372000000000009,0.1720000000000077,Evaluación
12.600000000000001,12.605999999999995,0.005999999999993122,Evaluación
13.4,13.396000000000008,0.003999999999992454,Evaluación
14.0,13.917580952380959,0.08241904761904095,Evaluación
14.600000000000001,14.342866666666671,0.2571333333333303,Evaluación
14.4,14.304000000000006,0.09599999999999476,Evaluación
13.8,13.639999999999986,0.16000000000001435,Evaluación
12.200000000000001,12.430000000000016,0.23000000000001464,Evaluación
14.200000000000001,14.166500000000001,0.033500000000000085,Evaluación
12.8,12.905366666666662,0.1053666666666615,Evaluación
12.200000000000001,12.605999999999996,0.40599999999999525,Evaluación
12.600000000000001,12.467999999999995,0.13200000000000678,Evaluación
13.0,13.158,0.15799999999999947,Evaluación
14.600000000000001,14.551999999999994,0.04800000000000715,Evaluación
13.600000000000001,13.59799999999999,0.002000000000011326,Evaluación
14.4,14.675333333333324,0.27533333333332344,Evaluación
12.4,12.382000000000005,0.017999999999995353,Evaluación
12.600000000000001,12.443499999999995,0.15650000000000652,Evaluación
13.600000000000001,13.485333333333335,0.11466666666666647,Evaluación
14.8,14.469999999999997,0.3300000000000036,Evaluación
13.600000000000001,13.527333333333331,0.07266666666667021,Evaluación
13.4,13.318,0.08200000000000074,Evaluación
13.0,13.043733333333334,0.043733333333333846,Evaluación
12.600000000000001,12.847999999999995,0.247999999999994,Evaluación
14.200000000000001,13.925333333333333,0.2746666666666684,Evaluación
12.4,12.625999999999998,0.22599999999999731,Evaluación
13.200000000000001,13.22800000000002,0.028000000000018233,Evaluación
13.0,13.208,0.20800000000000018,Evaluación
13.200000000000001,13.380000000000006,0.18000000000000504,Evaluación
14.200000000000001,14.08266666666668,0.11733333333332041,Evaluación
13.600000000000001,13.662666666666652,0.06266666666665088,Evaluación
13.200000000000001,13.19530000000001,0.004699999999990823,Evaluación
13.200000000000001,13.019200000000003,0.18079999999999785,Evaluación
13.4,13.498000000000014,0.09800000000001319,Evaluación
14.200000000000001,14.032000000000014,0.16799999999998683,Evaluación
14.4,14.336000000000013,0.06399999999998762,Evaluación
12.8,12.839999999999986,0.039999999999984936,Evaluación
12.0,12.260000000000002,0.26000000000000156,Evaluación
12.8,12.300000000000002,0.4999999999999982,Evaluación
14.0,13.874,0.12599999999999945,Evaluación
14.4,14.187999999999999,0.21200000000000152,Evaluación
13.600000000000001,13.785999999999994,0.18599999999999284,Evaluación
12.4,12.5715,0.17149999999999999,Evaluación
13.600000000000001,13.779999999999996,0.1799999999999944,Evaluación
14.4,14.198000000000004,0.2019999999999964,Evaluación
12.0,12.021999999999998,0.021999999999998465,Evaluación
14.4,14.303800000000013,0.09619999999998718,Evaluación
13.0,12.962133333333329,0.03786666666667138,Evaluación
12.600000000000001,12.579999999999998,0.020000000000003126,Evaluación
13.200000000000001,12.958000000000018,0.24199999999998312,Evaluación
13.0,13.136000000000001,0.136000000000001,Evaluación
13.0,13.16000000000001,0.1600000000000108,Evaluación
13.4,13.43600000000001,0.036000000000010246,Evaluación
13.0,13.028000000000004,0.02800000000000402,Evaluación
13.4,13.773333333333328,0.37333333333332774,Evaluación
13.200000000000001,13.314000000000014,0.1140000000000132,Evaluación
14.200000000000001,14.141999999999996,0.05800000000000516,Evaluación
12.8,12.865333333333322,0.06533333333332081,Evaluación
12.200000000000001,12.495000000000015,0.29500000000001414,Evaluación
13.0,12.966000000000003,0.033999999999997144,Evaluación
12.200000000000001,12.182000000000007,0.017999999999993577,Evaluación
12.8,12.869999999999987,0.06999999999998607,Evaluación
13.8,13.713999999999983,0.08600000000001806,Evaluación
14.200000000000001,13.718000000000009,0.4819999999999922,Evaluación
14.0,13.801999999999998,0.19800000000000217,Evaluación
14.0,13.86199999999999,0.13800000000001056,Evaluación
12.4,12.420000000000002,0.02000000000000135,Evaluación
14.600000000000001,14.052,0.5480000000000018,Evaluación
13.200000000000001,13.42053333333334,0.22053333333333924,Evaluación
13.200000000000001,13.092000000000015,0.10799999999998633,Evaluación
13.200000000000001,13.223000000000019,0.02300000000001745,Evaluación
13.200000000000001,13.254000000000012,0.05400000000001093,Evaluación
13.0,12.808000000000003,0.19199999999999662,Evaluación
13.4,13.364,0.03599999999999959,Evaluación
13.200000000000001,13.158000000000017,0.04199999999998383,Evaluación
12.600000000000001,12.655999999999983,0.0559999999999814,Evaluación
14.200000000000001,14.194666666666683,0.005333333333318535,Evaluación
12.600000000000001,12.563999999999998,0.03600000000000314,Evaluación
13.4,13.260000000000002,0.1399999999999988,Evaluación
12.600000000000001,12.605,0.004999999999999005,Evaluación
14.4,14.214000000000006,0.18599999999999461,Evaluación
14.0,13.692000000000002,0.30799999999999805,Evaluación
12.4,12.478000000000002,0.07800000000000118,Evaluación
13.8,13.77399999999998,0.026000000000021117,Evaluación
13.200000000000001,13.316999999999993,0.116999999999992,Evaluación
12.8,12.729999999999997,0.07000000000000384,Evaluación
14.0,14.026266666666665,0.026266666666664662,Evaluación
13.4,13.472000000000014,0.07200000000001339,Evaluación
14.200000000000001,14.058000000000016,0.14199999999998525,Evaluación
13.8,13.852666666666646,0.05266666666664577,Evaluación
14.0,14.008000000000003,0.008000000000002672,Evaluación
14.0,14.05466666666667,0.05466666666666953,Evaluación
12.200000000000001,12.20000000000001,8.881784197001252e-15,Evaluación
13.0,13.225999999999999,0.2259999999999991,Evaluación
13.4,13.362000000000007,0.03799999999999315,Evaluación
14.0,13.378000000000007,0.6219999999999928,Evaluación
13.4,13.684000000000005,0.28400000000000425,Evaluación
13.600000000000001,13.69799999999999,0.09799999999998832,Evaluación
13.8,13.646133333333331,0.15386666666666926,Evaluación
13.0,12.862,0.1379999999999999,Evaluación
13.600000000000001,13.48499999999999,0.11500000000001087,Evaluación
13.4,13.284000000000002,0.11599999999999788,Evaluación
14.0,14.156666666666672,0.15666666666667162,Evaluación
13.600000000000001,13.523999999999994,0.07600000000000762,Evaluación
13.8,13.657999999999989,0.1420000000000119,Evaluación
14.0,13.582000000000004,0.4179999999999957,Evaluación
13.4,13.282000000000012,0.11799999999998789,Evaluación
14.0,13.432000000000002,0.5679999999999978,Evaluación
14.8,14.763999999999983,0.03600000000001735,Evaluación
12.600000000000001,12.711999999999998,0.11199999999999655,Evaluación
14.4,14.424000000000003,0.024000000000002686,Evaluación
12.4,12.508999999999999,0.10899999999999821,Evaluación
14.200000000000001,14.034000000000015,0.16599999999998616,Evaluación
13.600000000000001,13.732000000000001,0.13199999999999967,Evaluación
14.4,14.320000000000011,0.07999999999998941,Evaluación
12.8,12.891999999999982,0.09199999999998099,Evaluación
12.8,12.927999999999987,0.1279999999999859,Evaluación
12.600000000000001,12.781999999999996,0.18199999999999505,Evaluación
13.200000000000001,13.034000000000008,0.16599999999999326,Evaluación
14.200000000000001,14.034000000000013,0.16599999999998793,Evaluación
14.0,13.638,0.3620000000000001,Evaluación
13.4,13.30600000000001,0.09399999999999054,Evaluación
14.600000000000001,14.553999999999988,0.046000000000013586,Evaluación
12.8,12.817999999999989,0.017999999999988248,Evaluación
13.0,13.12,0.11999999999999922,Evaluación
12.4,12.39986666666667,0.0001333333333306541,Evaluación
12.8,12.717999999999986,0.08200000000001495,Evaluación
13.4,13.539500000000002,0.13950000000000173,Evaluación
14.8,14.597999999999987,0.20200000000001417,Evaluación
12.600000000000001,12.636000000000001,0.03599999999999959,Evaluación
12.8,12.669999999999984,0.13000000000001677,Evaluación
12.8,12.494600000000007,0.30539999999999345,Evaluación
14.0,14.088000000000006,0.0880000000000063,Evaluación
14.200000000000001,14.170000000000005,0.029999999999995808,Evaluación
12.600000000000001,12.697999999999997,0.09799999999999542,Evaluación
13.200000000000001,13.300000000000017,0.10000000000001563,Evaluación
13.0,13.0048,0.004799999999999471,Evaluación
14.0,13.993666666666666,0.006333333333333968,Evaluación
13.0,13.165999999999995,0.16599999999999504,Evaluación
13.600000000000001,13.521999999999998,0.07800000000000296,Evaluación
14.4,14.433299999999997,0.033299999999997,Evaluación
13.4,13.443999999999996,0.043999999999995154,Evaluación
13.0,13.006000000000004,0.00600000000000378,Evaluación
13.200000000000001,12.857999999999997,0.3420000000000041,Evaluación
13.4,13.332000000000004,0.06799999999999606,Evaluación
13.0,13.141999999999994,0.14199999999999413,Evaluación
13.600000000000001,13.595999999999997,0.0040000000000048885,Evaluación
13.600000000000001,13.571999999999989,0.028000000000012903,Evaluación
13.8,13.790333333333315,0.009666666666685586,Evaluación
14.200000000000001,14.166000000000002,0.03399999999999892,Evaluación
12.8,12.915999999999991,0.11599999999999078,Evaluación
13.0,13.230000000000002,0.2300000000000022,Evaluación
12.8,12.936666666666657,0.13666666666665606,Evaluación
13.4,13.440000000000003,0.0400000000000027,Evaluación
14.0,13.778000000000006,0.2219999999999942,Evaluación
13.200000000000001,13.292000000000021,0.09200000000002007,Evaluación
14.0,13.988999999999999,0.011000000000001009,Evaluación
14.0,14.06,0.0600000000000005,Evaluación
12.8,12.557999999999998,0.24200000000000266,Evaluación
14.200000000000001,14.306500000000018,0.10650000000001647,Evaluación
12.600000000000001,12.876838095238098,0.2768380952380962,Evaluación
14.4,14.336000000000004,0.0639999999999965,Evaluación
14.4,14.152500000000009,0.24749999999999162,Evaluación
12.200000000000001,12.292000000000003,0.0920000000000023,Evaluación
12.600000000000001,12.565999999999995,0.034000000000006025,Evaluación
13.4,13.456000000000008,0.05600000000000804,Evaluación
13.4,13.035000000000002,0.36499999999999844,Evaluación
13.0,13.541999999999998,0.541999999999998,Evaluación
12.8,13.24000000000001,0.44000000000001016,Evaluación
13.8,13.573999999999987,0.2260000000000133,Evaluación
13.0,13.024666666666668,0.02466666666666839,Evaluación
14.200000000000001,14.055900000000007,0.14409999999999457,Evaluación
14.0,14.038,0.038000000000000256,Evaluación
13.0,12.997999999999998,0.0020000000000024443,Evaluación
12.600000000000001,12.546000000000001,0.05400000000000027,Evaluación
12.200000000000001,12.746533333333327,0.5465333333333255,Evaluación
13.4,13.37333333333334,0.026666666666660177,Evaluación
12.8,13.005999999999986,0.2059999999999853,Evaluación
14.600000000000001,14.479999999999988,0.12000000000001343,Evaluación
13.8,13.972428571428573,0.17242857142857204,Evaluación
13.4,13.33200000000001,0.06799999999999073,Evaluación
12.600000000000001,12.735999999999999,0.13599999999999746,Evaluación
13.4,13.284000000000013,0.11599999999998722,Evaluación
13.200000000000001,13.162000000000011,0.0379999999999896,Evaluación
12.8,12.713999999999983,0.08600000000001806,Evaluación
13.600000000000001,13.665999999999997,0.0659999999999954,Evaluación
13.200000000000001,13.20500000000002,0.005000000000018545,Evaluación
13.0,12.974999999999998,0.02500000000000213,Evaluación
13.0,13.079166666666666,0.07916666666666572,Evaluación
13.4,13.314000000000005,0.08599999999999497,Evaluación
13.600000000000001,13.63209999999999,0.03209999999998914,Evaluación
12.600000000000001,12.613999999999994,0.013999999999992241,Evaluación
14.0,13.933499999999999,0.06650000000000134,Evaluación
13.600000000000001,13.542285714285713,0.057714285714288494,Evaluación
13.8,13.989999999999986,0.1899999999999853,Evaluación
13.4,13.618733333333322,0.21873333333332212,Evaluación
13.8,13.943999999999983,0.14399999999998236,Evaluación
13.0,13.054000000000006,0.0540000000000056,Evaluación
12.200000000000001,12.24400000000002,0.04400000000001825,Evaluación
13.0,13.05,0.05000000000000071,Evaluación
13.4,13.241704761904764,0.1582952380952367,Evaluación
13.200000000000001,13.446000000000012,0.2460000000000111,Evaluación
13.8,13.697999999999995,0.10200000000000564,Evaluación
14.200000000000001,14.120000000000019,0.07999999999998231,Evaluación
13.600000000000001,13.55399999999999,0.04600000000001181,Evaluación
13.0,13.082000000000004,0.08200000000000429,Evaluación
12.8,12.913199999999991,0.1131999999999902,Evaluación
13.600000000000001,13.545999999999992,0.05400000000000915,Evaluación
12.8,13.087999999999987,0.28799999999998604,Evaluación
14.200000000000001,14.422000000000008,0.22200000000000664,Evaluación
14.0,13.940999999999995,0.059000000000004604,Evaluación
13.600000000000001,13.388333333333328,0.2116666666666731,Evaluación
12.600000000000001,12.420000000000005,0.17999999999999616,Evaluación
12.200000000000001,12.43800000000001,0.23800000000000843,Evaluación
13.200000000000001,13.276000000000016,0.07600000000001472,Evaluación
15.0,14.543999999999992,0.4560000000000084,Evaluación
14.200000000000001,14.306000000000017,0.10600000000001586,Evaluación
13.8,13.81403333333331,0.014033333333308917,Evaluación
12.4,12.468,0.06799999999999962,Evaluación
13.0,12.957999999999993,0.04200000000000692,Evaluación
12.200000000000001,12.230000000000013,0.030000000000011795,Evaluación
13.8,13.75199999999998,0.04800000000002136,Evaluación
13.200000000000001,13.326000000000015,0.12600000000001366,Evaluación
12.8,12.589999999999993,0.21000000000000796,Evaluación
13.8,13.821999999999985,0.021999999999984254,Evaluación
13.600000000000001,13.489999999999993,0.11000000000000831,Evaluación
14.0,14.056000000000004,0.05600000000000449,Evaluación
13.600000000000001,13.514799999999994,0.08520000000000749,Evaluación
13.600000000000001,13.715999999999994,0.11599999999999255,Evaluación
13.8,13.831166666666652,0.031166666666651466,Evaluación
13.600000000000001,13.649999999999995,0.049999999999993605,Evaluación
13.4,13.406000000000008,0.006000000000007333,Evaluación
12.8,12.735999999999981,0.0640000000000196,Evaluación
12.8,13.000499999999981,0.20049999999998036,Evaluación
13.600000000000001,13.643999999999991,0.043999999999989825,Evaluación
13.4,13.603799999999994,0.20379999999999399,Evaluación
13.0,13.112000000000002,0.11200000000000188,Evaluación
13.200000000000001,13.102900000000018,0.09709999999998331,Evaluación
13.4,13.091466666666667,0.3085333333333331,Evaluación
12.8,12.949999999999987,0.14999999999998614,Evaluación
13.200000000000001,12.854,0.34600000000000186,Evaluación
12.600000000000001,12.774999999999995,0.1749999999999936,Evaluación
14.200000000000001,14.238000000000017,0.03800000000001624,Evaluación
12.4,12.305999999999997,0.09400000000000297,Evaluación
12.8,13.081999999999999,0.28199999999999825,Evaluación
14.4,14.286333333333346,0.11366666666665459,Evaluación
13.0,12.933999999999996,0.06600000000000428,Evaluación
13.4,13.44,0.03999999999999915,Evaluación
13.0,13.376000000000007,0.37600000000000655,Evaluación
12.600000000000001,12.990000000000002,0.39000000000000057,Evaluación
13.0,12.932000000000002,0.06799999999999784,Evaluación
13.4,13.324000000000007,0.0759999999999934,Evaluación
13.4,13.508000000000003,0.10800000000000232,Evaluación
13.0,13.160933333333334,0.16093333333333426,Evaluación
12.8,12.973999999999984,0.1739999999999835,Evaluación
12.8,12.817999999999984,0.01799999999998292,Evaluación
13.8,13.731999999999987,0.06800000000001383,Evaluación
12.0,12.076,0.07600000000000051,Evaluación
14.0,14.005999999999998,0.005999999999998451,Evaluación
13.200000000000001,13.116000000000016,0.08399999999998542,Evaluación
13.200000000000001,13.187500000000016,0.012499999999985079,Evaluación
13.600000000000001,13.645999999999985,0.04599999999998339,Evaluación
12.4,12.594000000000003,0.19400000000000261,Evaluación
14.0,13.996500000000001,0.0034999999999989484,Evaluación
14.4,14.404000000000007,0.004000000000006665,Evaluación
12.8,12.995999999999986,0.19599999999998552,Evaluación
14.200000000000001,14.140000000000017,0.05999999999998451,Evaluación
13.4,13.658000000000015,0.2580000000000151,Evaluación
12.8,12.685999999999984,0.11400000000001675,Evaluación
12.8,12.883333333333315,0.08333333333331439,Evaluación
14.4,14.278000000000011,0.12199999999998923,Evaluación
13.200000000000001,13.274000000000019,0.07400000000001761,Evaluación
13.600000000000001,13.351733333333323,0.2482666666666784,Evaluación
12.8,12.921999999999992,0.121999999999991,Evaluación
12.8,12.981999999999987,0.18199999999998617,Evaluación
13.600000000000001,13.553999999999991,0.04600000000001003,Evaluación
13.4,13.274000000000006,0.12599999999999412,Evaluación
13.4,13.38416666666668,0.01583333333332071,Evaluación
14.200000000000001,14.178000000000019,0.021999999999982478,Evaluación
12.600000000000001,12.780000000000005,0.18000000000000327,Evaluación
13.200000000000001,13.154000000000014,0.04599999999998694,Evaluación
13.0,12.979333333333331,0.02066666666666883,Evaluación
13.600000000000001,13.819999999999999,0.2199999999999971,Evaluación
13.600000000000001,13.753333333333332,0.15333333333333066,Evaluación
12.4,12.71849999999999,0.31849999999998957,Evaluación
13.4,13.446000000000005,0.046000000000004704,Evaluación
13.0,12.994000000000005,0.005999999999994898,Evaluación
14.200000000000001,14.138000000000016,0.06199999999998518,Evaluación
14.200000000000001,14.164000000000014,0.03599999999998715,Evaluación
12.200000000000001,12.390000000000013,0.19000000000001194,Evaluación
14.0,14.158,0.15799999999999947,Evaluación
12.0,12.094000000000001,0.0940000000000012,Evaluación
14.0,14.074666666666667,0.07466666666666733,Evaluación
13.4,13.57928571428571,0.17928571428570983,Evaluación
13.200000000000001,13.136000000000015,0.06399999999998585,Evaluación
12.600000000000001,12.669999999999995,0.06999999999999318,Evaluación
13.0,12.925999999999995,0.07400000000000517,Evaluación
15.0,14.692000000000007,0.3079999999999927,Evaluación
13.200000000000001,13.175000000000017,0.024999999999984368,Evaluación
12.200000000000001,12.603999999999992,0.40399999999999103,Evaluación
13.0,12.887999999999993,0.1120000000000072,Evaluación
12.200000000000001,12.290000000000015,0.09000000000001407,Evaluación
14.600000000000001,14.50799999999999,0.09200000000001118,Evaluación
14.600000000000001,14.551999999999989,0.04800000000001248,Evaluación
12.600000000000001,12.575999999999997,0.024000000000004462,Evaluación
13.4,13.729999999999983,0.3299999999999823,Evaluación
12.4,12.361999999999998,0.03800000000000203,Evaluación
14.200000000000001,14.21400000000002,0.014000000000018886,Evaluación
14.0,14.108000000000002,0.10800000000000232,Evaluación
14.0,13.989999999999998,0.010000000000001563,Evaluación
13.8,13.813999999999988,0.013999999999986912,Evaluación
13.200000000000001,13.23200000000002,0.03200000000001957,Evaluación
14.4,14.424500000000005,0.024500000000005073,Evaluación
12.600000000000001,12.573999999999998,0.026000000000003354,Evaluación
13.0,13.111066666666668,0.11106666666666776,Evaluación
14.200000000000001,13.958666666666685,0.24133333333331564,Evaluación
13.200000000000001,13.189999999999998,0.01000000000000334,Evaluación
13.8,13.78999999999998,0.010000000000021103,Evaluación
12.4,12.764000000000005,0.3640000000000043,Evaluación
13.200000000000001,13.107500000000014,0.09249999999998693,Evaluación
13.200000000000001,13.16400000000002,0.035999999999981824,Evaluación
12.8,12.871199999999986,0.07119999999998505,Evaluación
12.600000000000001,12.809999999999993,0.20999999999999197,Evaluación
13.600000000000001,13.671499999999996,0.07149999999999501,Evaluación
13.4,13.218000000000004,0.18199999999999683,Evaluación
13.4,13.400000000000007,7.105427357601002e-15,Evaluación
13.600000000000001,13.495333333333333,0.10466666666666846,Evaluación
13.0,12.77,0.23000000000000043,Evaluación
14.8,14.629999999999987,0.17000000000001414,Evaluación
12.8,12.787999999999988,0.01200000000001289,Evaluación
13.4,13.478000000000002,0.07800000000000118,Evaluación
13.600000000000001,13.32,0.28000000000000114,Evaluación
13.4,13.502,0.10200000000000031,Evaluación
13.0,12.913999999999994,0.08600000000000563,Evaluación
12.600000000000001,12.549999999999997,0.05000000000000426,Evaluación
12.8,12.889999999999985,0.08999999999998387,Evaluación
12.4,12.668000000000008,0.2680000000000078,Evaluación
13.600000000000001,13.616666666666658,0.016666666666656837,Evaluación
15.0,14.871999999999996,0.12800000000000367,Evaluación
12.600000000000001,12.788,0.18799999999999883,Evaluación
13.600000000000001,13.645999999999994,0.04599999999999227,Evaluación
12.600000000000001,12.568000000000001,0.03200000000000003,Evaluación
13.600000000000001,13.39799999999999,0.20200000000001062,Evaluación
12.4,12.38,0.019999999999999574,Evaluación
13.4,13.402000000000008,0.0020000000000077733,Evaluación
13.200000000000001,13.190000000000019,0.009999999999982023,Evaluación
13.0,13.261142857142856,0.2611428571428558,Evaluación
13.8,13.925999999999982,0.12599999999998168,Evaluación
14.0,13.905999999999997,0.09400000000000297,Evaluación
12.8,12.843999999999987,0.04399999999998627,Evaluación
15.0,14.951999999999993,0.04800000000000715,Evaluación
13.200000000000001,12.98905238095238,0.21094761904762116,Evaluación
12.4,12.787999999999986,0.3879999999999857,Evaluación
14.0,13.723999999999997,0.27600000000000335,Evaluación
13.600000000000001,13.749999999999995,0.14999999999999325,Evaluación
13.200000000000001,13.108000000000018,0.09199999999998276,Evaluación
13.0,13.101,0.10100000000000087,Evaluación
13.600000000000001,13.461999999999994,0.138000000000007,Evaluación
13.600000000000001,13.30533333333333,0.2946666666666715,Evaluación
12.4,12.478000000000002,0.07800000000000118,Evaluación
13.200000000000001,13.230000000000013,0.030000000000011795,Evaluación
13.8,13.71299999999998,0.08700000000002106,Evaluación
13.4,13.586000000000007,0.18600000000000705,Evaluación
14.8,14.595999999999982,0.2040000000000184,Evaluación
12.200000000000001,12.474000000000013,0.27400000000001157,Evaluación
12.8,12.715999999999985,0.08400000000001562,Evaluación
13.8,13.831999999999985,0.03199999999998404,Evaluación
13.200000000000001,13.574000000000005,0.3740000000000041,Evaluación
12.200000000000001,12.410000000000009,0.21000000000000796,Evaluación
14.200000000000001,13.98200000000001,0.2179999999999911,Evaluación
14.200000000000001,14.082000000000011,0.11799999999998967,Evaluación
13.8,13.683999999999987,0.11600000000001387,Evaluación
13.200000000000001,13.286000000000017,0.08600000000001629,Evaluación
12.8,12.933333333333323,0.1333333333333222,Evaluación
13.600000000000001,13.657999999999998,0.05799999999999628,Evaluación
14.200000000000001,14.184000000000001,0.016000000000000014,Evaluación
13.200000000000001,13.15800000000001,0.041999999999990933,Evaluación
13.600000000000001,13.88327142857143,0.2832714285714282,Evaluación
13.200000000000001,13.178333333333335,0.0216666666666665,Evaluación
14.0,13.892400000000002,0.10759999999999792,Evaluación
13.600000000000001,13.539499999999997,0.06050000000000466,Evaluación
13.0,12.986,0.013999999999999346,Evaluación
12.8,12.527999999999993,0.27200000000000735,Evaluación
13.8,13.598666666666654,0.2013333333333467,Evaluación
11.8,11.851999999999983,0.05199999999998184,Evaluación
14.0,14.027999999999997,0.027999999999996916,Evaluación
14.4,14.140000000000008,0.2599999999999927,Evaluación
12.8,12.87779999999998,0.07779999999997855,Evaluación
12.600000000000001,12.632000000000003,0.032000000000001805,Evaluación
13.4,13.330000000000007,0.06999999999999318,Evaluación
12.4,12.536,0.13599999999999923,Evaluación
13.8,13.661999999999985,0.1380000000000159,Evaluación
13.200000000000001,13.126000000000019,0.07399999999998208,Evaluación
13.200000000000001,13.533999999999994,0.3339999999999925,Evaluación
12.600000000000001,12.726,0.12599999999999945,Evaluación
12.4,12.351999999999999,0.04800000000000182,Evaluación
13.4,13.625000000000009,0.22500000000000853,Evaluación
13.600000000000001,13.603999999999994,0.003999999999992454,Evaluación
13.4,13.364333333333342,0.03566666666665874,Evaluación
13.4,13.248000000000012,0.1519999999999886,Evaluación
12.4,12.297500000000003,0.10249999999999737,Evaluación
13.200000000000001,13.006000000000014,0.19399999999998663,Evaluación
13.0,13.017999999999999,0.017999999999998906,Evaluación
13.4,13.424000000000003,0.024000000000002686,Evaluación
13.8,13.931999999999984,0.13199999999998369,Evaluación
13.4,13.384000000000004,0.01599999999999646,Evaluación
13.8,13.92399999999998,0.12399999999997924,Evaluación
12.4,12.422,0.02200000000000024,Evaluación
13.4,13.088000000000008,0.3119999999999923,Evaluación
12.600000000000001,12.715999999999994,0.11599999999999255,Evaluación
13.0,12.664000000000001,0.3359999999999985,Evaluación
13.200000000000001,13.058000000000016,0.14199999999998525,Evaluación
14.200000000000001,13.928000000000015,0.27199999999998603,Evaluación
14.0,13.924333333333333,0.07566666666666677,Evaluación
13.600000000000001,12.696000000000009,0.9039999999999928,Evaluación
13.4,13.330666666666664,0.06933333333333636,Evaluación
14.200000000000001,14.138000000000016,0.06199999999998518,Evaluación
13.0,13.104000000000003,0.10400000000000276,Evaluación
12.8,12.915999999999991,0.11599999999999078,Evaluación
13.8,13.665999999999983,0.1340000000000181,Evaluación
13.600000000000001,13.526666666666667,0.07333333333333414,Evaluación
13.4,13.258000000000003,0.14199999999999768,Evaluación
14.200000000000001,14.032000000000018,0.16799999999998327,Evaluación
12.8,12.803999999999983,0.003999999999981796,Evaluación
13.8,13.955999999999985,0.1559999999999846,Evaluación
13.600000000000001,13.495999999999992,0.10400000000000986,Evaluación
13.8,13.651999999999985,0.14800000000001567,Evaluación
13.4,13.432000000000006,0.03200000000000536,Evaluación
13.200000000000001,13.392000000000019,0.19200000000001793,Evaluación
13.8,13.57199999999998,0.22800000000002107,Evaluación
14.0,14.212000000000005,0.21200000000000507,Evaluación
14.0,14.026000000000003,0.026000000000003354,Evaluación
14.0,13.862,0.1379999999999999,Evaluación
13.200000000000001,13.148000000000016,0.05199999999998539,Evaluación
12.200000000000001,12.376000000000012,0.17600000000001081,Evaluación
14.200000000000001,14.292000000000014,0.09200000000001296,Evaluación
13.8,13.77999999999998,0.02000000000002089,Evaluación
13.8,13.263333333333327,0.5366666666666742,Evaluación
13.0,13.001999999999992,0.001999999999991786,Evaluación
13.8,13.61466666666665,0.18533333333335023,Evaluación
14.8,14.705999999999987,0.09400000000001363,Evaluación
14.200000000000001,14.170000000000016,0.02999999999998515,Evaluación
13.600000000000001,13.475999999999994,0.12400000000000766,Evaluación
13.8,13.825999999999986,0.02599999999998559,Evaluación
13.600000000000001,13.845999999999986,0.24599999999998445,Evaluación
12.600000000000001,12.828000000000005,0.2280000000000033,Evaluación
13.600000000000001,13.433999999999992,0.16600000000000925,Evaluación
13.4,13.294000000000008,0.10599999999999277,Evaluación
14.200000000000001,14.176666666666685,0.023333333333315665,Evaluación
13.200000000000001,13.543999999999993,0.3439999999999923,Evaluación
13.8,14.113500000000013,0.3135000000000119,Evaluación
13.600000000000001,13.425999999999993,0.17400000000000837,Evaluación
12.600000000000001,12.681999999999995,0.08199999999999363,Evaluación
13.8,13.947999999999986,0.14799999999998548,Evaluación
13.200000000000001,12.996000000000016,0.20399999999998464,Evaluación
14.200000000000001,14.11900000000002,0.08099999999998175,Evaluación
13.600000000000001,13.733999999999996,0.133999999999995,Evaluación
13.8,13.587000000000003,0.2129999999999974,Evaluación
13.0,12.958,0.041999999999999815,Evaluación
13.600000000000001,13.896,0.2959999999999994,Evaluación
13.4,13.487333333333337,0.08733333333333704,Evaluación
13.0,13.252,0.25200000000000067,Evaluación
13.0,13.146000000000006,0.14600000000000612,Evaluación
12.8,12.869999999999987,0.06999999999998607,Evaluación
13.8,13.779999999999983,0.020000000000017337,Evaluación
12.8,12.797999999999986,0.0020000000000148788,Evaluación
13.200000000000001,13.34000000000001,0.14000000000000945,Evaluación
13.0,12.979999999999995,0.020000000000004903,Evaluación
13.8,13.137999999999993,0.6620000000000079,Evaluación
13.200000000000001,13.42733333333333,0.22733333333332872,Evaluación
12.8,12.741999999999997,0.05800000000000338,Evaluación
12.200000000000001,12.418000000000015,0.21800000000001418,Evaluación
14.4,14.33666666666668,0.06333333333332014,Evaluación
12.600000000000001,12.806266666666657,0.2062666666666555,Evaluación
13.8,13.727299999999989,0.07270000000001176,Evaluación
14.0,14.104000000000001,0.10400000000000098,Evaluación
14.200000000000001,14.227333333333352,0.02733333333335075,Evaluación
12.0,12.106000000000002,0.10600000000000165,Evaluación
14.0,13.825999999999997,0.17400000000000304,Evaluación
13.8,13.685999999999988,0.1140000000000132,Evaluación
12.600000000000001,12.687999999999994,0.08799999999999208,Evaluación
13.8,13.687999999999999,0.11200000000000188,Evaluación
14.200000000000001,14.072000000000008,0.127999999999993,Evaluación
13.600000000000001,13.627999999999997,0.02799999999999514,Evaluación
12.8,13.079999999999979,0.27999999999997804,Evaluación
13.600000000000001,13.740433333333334,0.1404333333333323,Evaluación
13.8,13.884499999999992,0.08449999999999136,Evaluación
13.0,13.192,0.19200000000000017,Evaluación
13.600000000000001,13.529999999999994,0.07000000000000739,Evaluación
14.8,14.741999999999978,0.05800000000002292,Evaluación
14.4,14.248000000000008,0.15199999999999214,Evaluación
13.4,13.438000000000006,0.038000000000005585,Evaluación
14.600000000000001,14.442000000000009,0.15799999999999237,Evaluación
13.600000000000001,13.768000000000002,0.16800000000000104,Evaluación
12.200000000000001,12.252000000000018,0.052000000000017366,Evaluación
14.0,14.024000000000006,0.02400000000000624,Evaluación
12.4,12.526000000000003,0.126000000000003,Evaluación
13.4,13.356000000000003,0.04399999999999693,Evaluación
13.8,13.969333333333315,0.16933333333331468,Evaluación
13.600000000000001,13.609200000000001,0.009199999999999875,Evaluación
13.8,13.805999999999981,0.0059999999999806874,Evaluación
13.600000000000001,13.4738,0.12620000000000076,Evaluación
12.8,12.95399999999999,0.15399999999998926,Evaluación
13.8,13.613333333333314,0.18666666666668696,Evaluación
13.200000000000001,13.365999999999996,0.16599999999999504,Evaluación
13.600000000000001,13.569999999999993,0.030000000000008242,Evaluación
14.4,14.333333333333341,0.06666666666665932,Evaluación
12.600000000000001,12.728000000000002,0.1280000000000001,Evaluación
14.600000000000001,14.663999999999993,0.06399999999999118,Evaluación
13.0,12.973999999999998,0.026000000000001577,Evaluación
13.0,13.003999999999998,0.003999999999997783,Evaluación
13.600000000000001,13.64199999999999,0.04199999999998916,Evaluación
14.0,13.932999999999993,0.06700000000000728,Evaluación
13.0,13.126,0.12599999999999945,Evaluación
13.200000000000001,13.046000000000015,0.1539999999999857,Evaluación
13.200000000000001,13.208000000000016,0.008000000000015106,Evaluación
13.0,12.898,0.10200000000000031,Evaluación
13.8,13.780999999999985,0.019000000000016115,Evaluación
13.8,13.971333333333321,0.17133333333332068,Evaluación
12.8,12.973999999999982,0.17399999999998172,Evaluación
13.200000000000001,13.280000000000019,0.08000000000001783,Evaluación
12.600000000000001,12.97533333333334,0.37533333333333907,Evaluación
13.600000000000001,13.086000000000022,0.5139999999999798,Evaluación
13.600000000000001,13.259999999999991,0.3400000000000105,Evaluación
13.0,13.010000000000002,0.010000000000001563,Evaluación
13.8,13.82399999999998,0.023999999999979593,Evaluación
13.200000000000001,13.058000000000018,0.14199999999998347,Evaluación
12.600000000000001,12.814499999999999,0.21449999999999747,Evaluación
14.4,14.549999999999994,0.14999999999999325,Evaluación
13.4,13.338000000000006,0.06199999999999406,Evaluación
13.4,13.309333333333344,0.09066666666665668,Evaluación
13.600000000000001,13.588799999999987,0.011200000000014754,Evaluación
14.200000000000001,14.134000000000016,0.06599999999998474,Evaluación
14.600000000000001,14.384666666666673,0.21533333333332827,Evaluación
13.600000000000001,13.586000000000002,0.013999999999999346,Evaluación
13.8,13.884999999999986,0.08499999999998487,Evaluación
13.8,14.150000000000004,0.3500000000000032,Evaluación
12.600000000000001,12.38,0.22000000000000064,Evaluación
12.4,12.468000000000002,0.06800000000000139,Evaluación
14.0,14.099333333333336,0.09933333333333572,Evaluación
13.200000000000001,12.96900000000002,0.23099999999998033,Evaluación
12.4,12.43066666666667,0.030666666666670395,Evaluación
12.8,12.793999999999984,0.006000000000016215,Evaluación
12.600000000000001,12.689999999999996,0.08999999999999453,Evaluación
14.200000000000001,14.374000000000015,0.1740000000000137,Evaluación
13.4,13.380000000000006,0.019999999999994245,Evaluación
13.4,13.298000000000004,0.10199999999999676,Evaluación
13.4,13.487333333333337,0.08733333333333704,Evaluación
14.200000000000001,14.056000000000022,0.1439999999999788,Evaluación
13.8,13.76699999999998,0.03300000000002079,Evaluación
14.4,13.792,0.6080000000000005,Evaluación
14.200000000000001,14.260000000000018,0.060000000000016485,Evaluación
12.600000000000001,12.758000000000006,0.1580000000000048,Evaluación
13.0,12.962666666666669,0.037333333333331,Evaluación
12.200000000000001,12.340000000000014,0.140000000000013,Evaluación
13.200000000000001,13.112000000000018,0.0879999999999832,Evaluación
12.200000000000001,12.394000000000016,0.19400000000001505,Evaluación
13.4,13.501333333333335,0.10133333333333461,Evaluación
12.8,12.793999999999988,0.006000000000012662,Evaluación
13.8,13.695999999999984,0.10400000000001697,Evaluación
12.8,12.879999999999981,0.07999999999998053,Evaluación
14.0,14.144000000000007,0.14400000000000723,Evaluación
14.600000000000001,14.421999999999993,0.17800000000000793,Evaluación
12.600000000000001,12.787999999999997,0.18799999999999528,Evaluación
13.600000000000001,13.693999999999992,0.09399999999999054,Evaluación
12.8,12.945999999999986,0.1459999999999848,Evaluación
13.8,13.791333333333318,0.008666666666682588,Evaluación
13.8,13.808899999999984,0.00889999999998281,Evaluación
13.4,13.436000000000012,0.03600000000001202,Evaluación
13.8,13.607999999999988,0.1920000000000126,Evaluación
12.4,13.156000000000008,0.7560000000000073,Evaluación
13.200000000000001,13.466000000000015,0.2660000000000142,Evaluación
13.600000000000001,13.831999999999994,0.2319999999999922,Evaluación
14.200000000000001,14.14800000000002,0.05199999999998184,Evaluación
13.200000000000001,13.25600000000002,0.0560000000000187,Evaluación
12.4,12.384000000000007,0.01599999999999291,Evaluación
13.600000000000001,13.795999999999992,0.19599999999999085,Evaluación
11.8,11.931999999999986,0.13199999999998546,Evaluación
14.0,14.120000000000005,0.12000000000000455,Evaluación
13.200000000000001,13.01400000000002,0.1859999999999804,Evaluación
13.0,12.898,0.10200000000000031,Evaluación
13.200000000000001,13.306000000000019,0.10600000000001764,Evaluación
14.600000000000001,14.550999999999986,0.049000000000015476,Evaluación
13.0,13.025499999999992,0.025499999999992085,Evaluación
12.8,12.771999999999984,0.028000000000016456,Evaluación
13.8,13.635999999999981,0.16400000000001924,Evaluación
14.8,14.581999999999988,0.2180000000000124,Evaluación
13.600000000000001,13.601999999999997,0.001999999999995339,Evaluación
13.0,13.084000000000003,0.08400000000000318,Evaluación
14.4,14.376000000000008,0.023999999999992028,Evaluación
14.200000000000001,14.192000000000016,0.007999999999984908,Evaluación
13.8,13.771999999999977,0.02800000000002356,Evaluación
13.4,13.354000000000008,0.04599999999999227,Evaluación
14.200000000000001,14.148000000000016,0.05199999999998539,Evaluación
13.600000000000001,13.753999999999992,0.15399999999999103,Evaluación
12.600000000000001,12.709999999999997,0.10999999999999588,Evaluación
13.8,13.77399999999998,0.026000000000021117,Evaluación
13.600000000000001,13.743999999999994,0.14399999999999302,Evaluación
14.600000000000001,14.437999999999994,0.16200000000000792,Evaluación
13.8,13.066000000000004,0.7339999999999964,Evaluación
13.0,12.887999999999995,0.11200000000000543,Evaluación
12.600000000000001,12.583999999999994,0.01600000000000712,Evaluación
11.8,11.929999999999989,0.12999999999998835,Evaluación
13.200000000000001,13.23800000000002,0.038000000000019796,Evaluación
13.4,13.326000000000011,0.07399999999998919,Evaluación
13.4,13.320333333333343,0.07966666666665745,Evaluación
13.4,13.384000000000013,0.01599999999998758,Evaluación
13.0,12.889999999999997,0.11000000000000298,Evaluación
14.200000000000001,14.216000000000014,0.01600000000001245,Evaluación
13.200000000000001,13.172000000000017,0.027999999999984482,Evaluación
13.600000000000001,13.519666666666662,0.08033333333333914,Evaluación
13.0,13.144,0.14400000000000013,Evaluación
14.200000000000001,14.094166666666677,0.10583333333332412,Evaluación
12.8,12.841999999999983,0.04199999999998205,Evaluación
14.4,14.044666666666666,0.35533333333333417,Evaluación
13.8,13.847999999999983,0.04799999999998228,Evaluación
14.0,14.036999999999999,0.036999999999999034,Evaluación
13.200000000000001,13.526699999999996,0.3266999999999953,Evaluación
14.0,14.152000000000003,0.1520000000000028,Evaluación
12.4,12.40800000000001,0.008000000000009777,Evaluación
13.200000000000001,13.113566666666673,0.08643333333332848,Evaluación
14.0,14.041333333333327,0.041333333333327005,Evaluación
12.600000000000001,12.71,0.10999999999999943,Evaluación
14.600000000000001,14.523999999999992,0.0760000000000094,Evaluación
14.0,13.804000000000004,0.19599999999999618,Evaluación
14.200000000000001,14.138000000000016,0.06199999999998518,Evaluación
13.0,13.215999999999994,0.21599999999999397,Evaluación
12.8,12.837999999999981,0.037999999999980716,Evaluación
13.200000000000001,13.240000000000014,0.04000000000001336,Evaluación
13.600000000000001,13.53599999999999,0.06400000000001071,Evaluación
13.4,13.492000000000008,0.09200000000000763,Evaluación
13.600000000000001,13.510666666666658,0.08933333333334303,Evaluación
13.8,13.937999999999986,0.1379999999999857,Evaluación
12.600000000000001,12.628000000000002,0.02800000000000047,Evaluación
13.200000000000001,13.442133333333334,0.2421333333333333,Evaluación
13.600000000000001,13.661999999999988,0.061999999999986954,Evaluación
14.200000000000001,13.90000000000002,0.29999999999998117,Evaluación
13.8,13.500000000000005,0.2999999999999954,Evaluación
14.0,13.897999999999998,0.10200000000000209,Evaluación
14.0,13.970999999999998,0.02900000000000169,Evaluación
14.600000000000001,14.487999999999994,0.1120000000000072,Evaluación
13.600000000000001,14.008999999999991,0.40899999999999004,Evaluación
13.0,12.98,0.019999999999999574,Evaluación
14.4,14.31800000000001,0.08199999999999008,Evaluación
13.4,13.330000000000007,0.06999999999999318,Evaluación
13.600000000000001,13.558333333333328,0.04166666666667318,Evaluación
13.8,13.693999999999983,0.10600000000001764,Evaluación
14.0,13.922,0.0779999999999994,Evaluación
13.8,13.673999999999984,0.1260000000000172,Evaluación
13.600000000000001,13.645999999999994,0.04599999999999227,Evaluación
13.0,13.239,0.23900000000000077,Evaluación
14.0,14.014666666666665,0.014666666666665051,Evaluación
13.0,12.956000000000001,0.04399999999999871,Evaluación
12.200000000000001,12.72399999999999,0.5239999999999885,Evaluación
13.8,13.663999999999987,0.13600000000001344,Evaluación
13.4,13.608000000000011,0.20800000000001084,Evaluación
13.0,13.067,0.06700000000000017,Evaluación
12.600000000000001,12.594000000000001,0.006000000000000227,Evaluación
13.4,13.461000000000007,0.06100000000000705,Evaluación
14.0,13.870000000000003,0.12999999999999723,Evaluación
13.4,13.205400000000006,0.1945999999999941,Evaluación
13.200000000000001,13.054000000000013,0.14599999999998836,Evaluación
13.0,12.808,0.19200000000000017,Evaluación
13.0,13.103333333333332,0.10333333333333172,Evaluación
12.600000000000001,12.747999999999996,0.14799999999999436,Evaluación
14.8,14.625999999999985,0.17400000000001548,Evaluación
14.4,14.327257142857155,0.07274285714284545,Evaluación
13.600000000000001,13.160000000000004,0.4399999999999977,Evaluación
12.4,12.363999999999999,0.036000000000001364,Evaluación
13.0,13.263566666666668,0.2635666666666676,Evaluación
13.8,13.681999999999984,0.11800000000001631,Evaluación
12.200000000000001,12.406000000000015,0.20600000000001373,Evaluación
13.4,13.35200000000001,0.04799999999999116,Evaluación
13.200000000000001,13.388000000000003,0.1880000000000024,Evaluación
14.0,14.026000000000002,0.026000000000001577,Evaluación
13.8,13.673999999999985,0.12600000000001543,Evaluación
13.600000000000001,13.805999999999997,0.20599999999999596,Evaluación
14.8,14.685999999999984,0.11400000000001675,Evaluación
14.0,14.190733333333338,0.19073333333333764,Evaluación
13.4,13.268000000000006,0.13199999999999434,Evaluación
13.600000000000001,13.521599999999992,0.07840000000000913,Evaluación
13.8,13.625999999999987,0.1740000000000137,Evaluación
13.200000000000001,12.974000000000014,0.22599999999998666,Evaluación
13.200000000000001,13.130000000000013,0.06999999999998785,Evaluación
13.600000000000001,13.706,0.1059999999999981,Evaluación
13.8,13.775999999999978,0.024000000000022226,Evaluación
13.200000000000001,13.152000000000017,0.047999999999984055,Evaluación
12.600000000000001,12.731333333333328,0.13133333333332686,Evaluación
13.200000000000001,13.150000000000016,0.04999999999998472,Evaluación
12.8,12.94999999999999,0.1499999999999897,Evaluación
12.600000000000001,12.273999999999996,0.32600000000000584,Evaluación
13.600000000000001,13.711666666666666,0.11166666666666458,Evaluación
13.0,12.924,0.07600000000000051,Evaluación
13.0,12.932999999999998,0.06700000000000195,Evaluación
12.8,12.737999999999982,0.06200000000001893,Evaluación
12.4,12.700000000000006,0.30000000000000604,Evaluación
13.4,13.317000000000009,0.0829999999999913,Evaluación
14.600000000000001,13.910666666666666,0.6893333333333356,Evaluación
13.8,13.67799999999998,0.1220000000000212,Evaluación
13.0,13.12,0.11999999999999922,Evaluación
13.200000000000001,13.30200000000002,0.10200000000001808,Evaluación
14.600000000000001,14.517999999999983,0.0820000000000185,Evaluación
14.4,14.003999999999998,0.39600000000000257,Evaluación
14.4,14.244000000000012,0.15599999999998815,Evaluación
12.200000000000001,12.174000000000017,0.025999999999983814,Evaluación
13.8,13.681333333333333,0.11866666666666781,Evaluación
13.200000000000001,12.982000000000014,0.21799999999998754,Evaluación
14.8,14.60599999999999,0.1940000000000115,Evaluación
12.8,12.803999999999983,0.003999999999981796,Evaluación
13.200000000000001,13.24200000000002,0.042000000000019355,Evaluación
12.8,12.72599999999999,0.0740000000000105,Evaluación
13.200000000000001,12.986000000000011,0.21399999999998975,Evaluación
14.4,14.294000000000008,0.10599999999999277,Evaluación
14.200000000000001,13.69199999999998,0.5080000000000204,Evaluación
14.0,14.064000000000004,0.06400000000000361,Evaluación
13.4,13.400000000000011,1.0658141036401503e-14,Evaluación
14.200000000000001,14.162000000000019,0.03799999999998249,Evaluación
12.600000000000001,12.555999999999994,0.04400000000000759,Evaluación
12.8,12.873999999999977,0.07399999999997675,Evaluación
12.8,12.814666666666648,0.014666666666647288,Evaluación
13.0,12.981999999999998,0.01800000000000246,Evaluación
13.0,12.968,0.03200000000000003,Evaluación
12.4,12.434666666666669,0.03466666666666818,Evaluación
13.0,12.636666666666661,0.3633333333333386,Evaluación
12.8,12.797999999999984,0.002000000000016655,Evaluación
14.8,14.611999999999982,0.18800000000001837,Evaluación
13.4,13.190000000000003,0.2099999999999973,Evaluación
13.200000000000001,13.43999999999999,0.23999999999998956,Evaluación
14.0,13.836000000000002,0.16399999999999793,Evaluación
13.600000000000001,13.637999999999993,0.037999999999991374,Evaluación
12.8,12.791999999999982,0.008000000000018659,Evaluación
13.0,13.066499999999998,0.06649999999999778,Evaluación
13.600000000000001,13.577999999999996,0.02200000000000557,Evaluación
12.8,13.149999999999991,0.34999999999999076,Evaluación
13.200000000000001,13.194000000000017,0.00599999999998424,Evaluación
13.8,13.776499999999983,0.023500000000018062,Evaluación
13.600000000000001,13.545999999999994,0.054000000000007375,Evaluación
12.600000000000001,12.556,0.04400000000000226,Evaluación
12.8,12.999999999999984,0.1999999999999833,Evaluación
13.4,13.40000000000001,8.881784197001252e-15,Evaluación
13.600000000000001,13.82346666666666,0.22346666666665804,Evaluación
13.200000000000001,13.098000000000013,0.10199999999998788,Evaluación
13.200000000000001,12.942000000000018,0.25799999999998313,Evaluación
13.600000000000001,13.568666666666658,0.031333333333343205,Evaluación
12.8,12.813999999999995,0.013999999999994017,Evaluación
12.600000000000001,12.634,0.03399999999999892,Evaluación
12.4,12.454000000000008,0.054000000000007375,Evaluación
13.200000000000001,13.230000000000008,0.030000000000006466,Evaluación
13.0,13.038,0.038000000000000256,Evaluación
13.200000000000001,13.284000000000006,0.08400000000000496,Evaluación
13.200000000000001,13.174000000000014,0.025999999999987367,Evaluación
13.8,13.709999999999985,0.09000000000001585,Evaluación
13.4,13.400000000000013,1.2434497875801753e-14,Evaluación
15.0,14.821999999999994,0.17800000000000615,Evaluación
14.600000000000001,14.317999999999985,0.282000000000016,Evaluación
13.200000000000001,13.230000000000016,0.030000000000015348,Evaluación
12.200000000000001,12.184000000000012,0.015999999999989356,Evaluación
13.600000000000001,13.417,0.1830000000000016,Evaluación
13.4,13.484000000000007,0.08400000000000674,Evaluación
13.200000000000001,13.712000000000003,0.5120000000000022,Evaluación
13.8,13.929999999999984,0.12999999999998302,Evaluación
13.8,13.699999999999987,0.10000000000001386,Evaluación
13.4,13.57200000000001,0.17200000000000948,Evaluación
13.0,12.503000000000009,0.496999999999991,Evaluación
12.600000000000001,12.540433333333338,0.05956666666666344,Evaluación
12.600000000000001,12.561999999999998,0.03800000000000381,Evaluación
13.200000000000001,13.333333333333348,0.13333333333334707,Evaluación
13.200000000000001,13.274000000000017,0.07400000000001583,Evaluación
13.8,13.590971428571427,0.20902857142857378,Evaluación
14.4,14.364000000000008,0.03599999999999248,Evaluación
14.0,13.998000000000001,0.0019999999999988916,Evaluación
13.600000000000001,13.639999999999995,0.03999999999999382,Evaluación
13.200000000000001,13.142200000000017,0.05779999999998431,Evaluación
13.4,13.458999999999996,0.05899999999999572,Evaluación
13.600000000000001,13.575999999999995,0.02400000000000624,Evaluación
12.4,12.53833333333334,0.13833333333333897,Evaluación
12.8,12.866000000000012,0.06600000000001138,Evaluación
14.200000000000001,14.070000000000014,0.12999999999998657,Evaluación
13.0,12.996000000000004,0.003999999999996007,Evaluación
13.8,13.591999999999986,0.2080000000000144,Evaluación
13.0,13.081999999999995,0.08199999999999541,Evaluación
14.200000000000001,14.194000000000019,0.005999999999982464,Evaluación
13.8,13.963999999999984,0.16399999999998371,Evaluación
13.0,12.9817,0.018299999999999983,Evaluación
13.200000000000001,13.318000000000014,0.11800000000001276,Evaluación
13.600000000000001,13.597999999999997,0.0020000000000042206,Evaluación
14.4,14.126000000000015,0.2739999999999849,Evaluación
14.8,14.617999999999988,0.18200000000001282,Evaluación
12.8,13.014000000000015,0.21400000000001462,Evaluación
12.8,12.789999999999985,0.010000000000015774,Evaluación
12.600000000000001,13.06133333333334,0.46133333333333937,Evaluación
13.200000000000001,13.218000000000016,0.018000000000014893,Evaluación
13.4,13.372000000000003,0.027999999999996916,Evaluación
12.8,12.85199999999998,0.05199999999998006,Evaluación
12.4,12.431999999999995,0.0319999999999947,Evaluación
13.200000000000001,12.912,0.28800000000000026,Evaluación
14.200000000000001,14.270000000000017,0.07000000000001627,Evaluación
12.600000000000001,12.557999999999993,0.0420000000000087,Evaluación
14.4,14.217333333333347,0.18266666666665365,Evaluación
14.200000000000001,14.262000000000016,0.062000000000015376,Evaluación
12.200000000000001,12.226000000000015,0.026000000000014012,Evaluación
14.200000000000001,14.080000000000014,0.11999999999998678,Evaluación
13.8,13.917580952380959,0.11758095238095834,Evaluación
14.8,14.603999999999985,0.19600000000001572,Evaluación
12.200000000000001,12.27800000000002,0.07800000000001894,Evaluación
13.600000000000001,13.669999999999995,0.06999999999999318,Evaluación
13.4,13.378000000000009,0.02199999999999136,Evaluación
14.0,14.012000000000002,0.012000000000002231,Evaluación
13.8,14.24433333333334,0.4443333333333399,Evaluación
14.4,14.206000000000008,0.19399999999999196,Evaluación
13.200000000000001,13.3225,0.12249999999999872,Evaluación
13.4,13.182376190476198,0.21762380952380234,Evaluación
14.0,13.948000000000004,0.05199999999999605,Evaluación
13.600000000000001,13.530999999999992,0.06900000000000972,Evaluación
13.600000000000001,13.482000000000003,0.11799999999999855,Evaluación
13.0,13.11,0.10999999999999943,Evaluación
12.600000000000001,12.681999999999993,0.08199999999999186,Evaluación
12.4,12.488000000000001,0.08800000000000097,Evaluación
13.200000000000001,13.252500000000012,0.05250000000001087,Evaluación
12.4,12.440000000000005,0.040000000000004476,Evaluación
12.200000000000001,12.37800000000001,0.1780000000000097,Evaluación
12.600000000000001,12.801999999999994,0.20199999999999285,Evaluación
13.0,12.887999999999998,0.11200000000000188,Evaluación
12.8,12.642000000000001,0.15799999999999947,Evaluación
14.0,13.77399999999998,0.2260000000000204,Evaluación
12.600000000000001,12.847999999999999,0.24799999999999756,Evaluación
13.8,13.713999999999983,0.08600000000001806,Evaluación
14.0,13.962,0.038000000000000256,Evaluación
12.4,12.284,0.11599999999999966,Evaluación
14.200000000000001,14.047333333333354,0.1526666666666472,Evaluación
13.8,13.749999999999991,0.05000000000000959,Evaluación
13.8,13.851999999999983,0.05199999999998184,Evaluación
13.600000000000001,13.605999999999993,0.005999999999991346,Evaluación
13.0,13.259999999999998,0.259999999999998,Evaluación
13.0,12.963999999999997,0.03600000000000314,Evaluación
13.0,13.178000000000003,0.1780000000000026,Evaluación
14.4,14.310000000000013,0.08999999999998742,Evaluación
12.600000000000001,12.667999999999992,0.06799999999999073,Evaluación
13.600000000000001,13.354,0.24600000000000222,Evaluación
14.4,14.432000000000016,0.032000000000016016,Evaluación
13.200000000000001,13.106000000000012,0.09399999999998876,Evaluación
14.200000000000001,14.083999999999993,0.11600000000000854,Evaluación
13.4,13.318000000000008,0.08199999999999186,Evaluación
12.200000000000001,12.186000000000014,0.013999999999986912,Evaluación
14.0,13.80853333333332,0.19146666666667933,Evaluación
12.8,12.796399999999982,0.0036000000000182553,Evaluación
12.8,12.918199999999988,0.11819999999998743,Evaluación
13.600000000000001,13.721999999999985,0.1219999999999839,Evaluación
14.0,13.849999999999998,0.15000000000000213,Evaluación
13.0,12.855500000000005,0.1444999999999954,Evaluación
13.4,13.43200000000001,0.03200000000000891,Evaluación
13.0,13.530000000000008,0.5300000000000082,Evaluación
13.0,13.129333333333337,0.12933333333333685,Evaluación
13.0,12.736000000000004,0.2639999999999958,Evaluación
13.200000000000001,13.044000000000013,0.15599999999998815,Evaluación
12.4,12.431999999999999,0.03199999999999825,Evaluación
12.600000000000001,13.200000000000003,0.6000000000000014,Evaluación
12.600000000000001,13.480000000000008,0.8800000000000061,Evaluación
14.0,13.720333333333338,0.27966666666666207,Evaluación
13.4,13.48400000000001,0.08400000000001029,Evaluación
13.200000000000001,13.254333333333353,0.054333333333351774,Evaluación
13.200000000000001,13.128000000000016,0.07199999999998496,Evaluación
13.4,13.376000000000008,0.023999999999992028,Evaluación
13.600000000000001,13.679999999999993,0.07999999999999119,Evaluación
13.4,13.64130000000001,0.24130000000000962,Evaluación
13.200000000000001,13.268000000000008,0.06800000000000672,Evaluación
14.200000000000001,13.807999999999995,0.39200000000000657,Evaluación
13.8,13.791999999999987,0.00800000000001333,Evaluación
14.4,14.18400000000001,0.21599999999999042,Evaluación
14.0,14.088,0.08799999999999919,Evaluación
13.600000000000001,13.701999999999988,0.1019999999999861,Evaluación
13.600000000000001,13.683999999999992,0.08399999999999075,Evaluación
13.4,13.433285714285711,0.03328571428571081,Evaluación
12.4,12.650000000000002,0.2500000000000018,Evaluación
13.4,13.514000000000003,0.11400000000000254,Evaluación
13.8,13.757999999999983,0.04200000000001758,Evaluación
12.8,12.723999999999997,0.07600000000000406,Evaluación
13.200000000000001,13.143333333333352,0.05666666666664888,Evaluación
13.8,13.58999999999999,0.2100000000000115,Evaluación
14.0,13.931999999999992,0.0680000000000085,Evaluación
13.8,13.60999999999998,0.19000000000002082,Evaluación
14.4,14.329666666666682,0.07033333333331804,Evaluación
12.200000000000001,12.272000000000016,0.07200000000001516,Evaluación
13.600000000000001,14.226,0.6259999999999994,Evaluación
13.600000000000001,13.653999999999987,0.05399999999998606,Evaluación
13.200000000000001,13.336000000000018,0.136000000000017,Evaluación
13.0,12.896999999999998,0.10300000000000153,Evaluación
13.200000000000001,13.216000000000019,0.016000000000017778,Evaluación
13.4,13.386000000000006,0.013999999999994017,Evaluación
13.600000000000001,13.556899999999999,0.04310000000000258,Evaluación
13.4,13.398000000000001,0.0019999999999988916,Evaluación
12.600000000000001,12.985999999999997,0.3859999999999957,Evaluación
12.8,12.768999999999982,0.031000000000018346,Evaluación
13.200000000000001,13.073999999999998,0.126000000000003,Evaluación
13.8,13.849999999999977,0.04999999999997584,Evaluación
14.0,13.837999999999996,0.16200000000000436,Evaluación
14.4,14.34600000000001,0.05399999999998961,Evaluación
14.200000000000001,13.812999999999999,0.38700000000000223,Evaluación
12.600000000000001,12.505999999999997,0.09400000000000475,Evaluación
13.600000000000001,13.519999999999996,0.0800000000000054,Evaluación
13.4,13.346319047619051,0.053680952380949165,Evaluación
13.8,13.83599999999998,0.03599999999998005,Evaluación
13.0,13.07,0.07000000000000028,Evaluación
13.8,13.701999999999977,0.09800000000002385,Evaluación
14.200000000000001,14.186000000000021,0.013999999999979806,Evaluación
13.4,13.410000000000004,0.01000000000000334,Evaluación
12.8,12.715999999999983,0.0840000000000174,Evaluación
13.600000000000001,13.571999999999987,0.02800000000001468,Evaluación
13.4,13.386000000000006,0.013999999999994017,Evaluación
12.4,12.560000000000002,0.16000000000000192,Evaluación
13.600000000000001,13.577999999999989,0.022000000000012676,Evaluación
14.4,14.422000000000008,0.022000000000007347,Evaluación
12.200000000000001,12.37333333333335,0.17333333333334977,Evaluación
13.4,13.554666666666668,0.1546666666666674,Evaluación
14.0,13.953999999999994,0.04600000000000648,Evaluación
11.8,11.979999999999986,0.1799999999999855,Evaluación
14.0,13.970999999999997,0.029000000000003467,Evaluación
12.0,12.058000000000002,0.058000000000001606,Evaluación
14.8,14.716999999999983,0.08300000000001795,Evaluación
13.600000000000001,14.069,0.4689999999999994,Evaluación
13.4,13.319999999999983,0.08000000000001783,Evaluación
13.4,13.44800000000001,0.048000000000008924,Evaluación
13.200000000000001,13.128000000000016,0.07199999999998496,Evaluación
12.600000000000001,12.809000000000005,0.20900000000000318,Evaluación
12.4,12.400000000000007,7.105427357601002e-15,Evaluación
12.8,12.583999999999987,0.21600000000001351,Evaluación
13.600000000000001,13.457999999999993,0.14200000000000834,Evaluación
13.0,13.366666666666667,0.36666666666666714,Evaluación
14.200000000000001,14.048000000000012,0.1519999999999886,Evaluación
13.600000000000001,13.730399999999992,0.13039999999999097,Evaluación
12.4,12.578000000000005,0.17800000000000438,Evaluación
13.600000000000001,13.595999999999993,0.004000000000008441,Evaluación
13.600000000000001,13.397999999999998,0.2020000000000035,Evaluación
13.4,13.238000000000005,0.16199999999999548,Evaluación
13.4,13.430000000000007,0.030000000000006466,Evaluación
14.0,13.886000000000001,0.11399999999999899,Evaluación
13.8,13.92639999999998,0.12639999999997897,Evaluación
14.0,14.064,0.06400000000000006,Evaluación
13.8,13.85999999999998,0.05999999999997918,Evaluación
14.0,13.782,0.21799999999999997,Evaluación
14.4,14.330000000000014,0.06999999999998607,Evaluación
11.8,11.953999999999986,0.1539999999999857,Evaluación
12.8,12.900599999999987,0.10059999999998581,Evaluación
14.4,13.901999999999994,0.49800000000000644,Evaluación
14.0,13.75533333333334,0.24466666666666015,Evaluación
12.600000000000001,12.828999999999999,0.22899999999999743,Evaluación
13.200000000000001,13.266966666666669,0.06696666666666751,Evaluación
14.4,14.025000000000013,0.37499999999998757,Evaluación
14.200000000000001,14.108000000000015,0.09199999999998631,Evaluación
12.4,12.386000000000003,0.01399999999999757,Evaluación
12.4,12.494000000000005,0.09400000000000475,Evaluación
12.8,12.54600000000001,0.2539999999999907,Evaluación
13.0,12.754000000000003,0.2459999999999969,Evaluación
13.600000000000001,13.535999999999996,0.06400000000000539,Evaluación
13.4,13.038,0.3620000000000001,Evaluación
12.200000000000001,12.286666666666667,0.086666666666666,Evaluación
13.600000000000001,13.674,0.07399999999999807,Evaluación
13.600000000000001,13.710666666666661,0.11066666666665981,Evaluación
12.4,12.462,0.06199999999999939,Evaluación
12.4,12.421333333333338,0.02133333333333809,Evaluación
14.8,14.697999999999986,0.10200000000001452,Evaluación
13.600000000000001,13.726999999999997,0.12699999999999534,Evaluación
13.200000000000001,13.260000000000014,0.06000000000001293,Evaluación
13.4,13.364000000000008,0.03599999999999248,Evaluación
13.0,13.288100000000002,0.2881000000000018,Evaluación
13.200000000000001,13.158000000000014,0.04199999999998738,Evaluación
13.4,13.202000000000004,0.19799999999999685,Evaluación
13.200000000000001,13.192000000000021,0.007999999999979579,Evaluación
13.600000000000001,13.739999999999993,0.1399999999999917,Evaluación
12.600000000000001,12.600000000000007,5.329070518200751e-15,Evaluación
13.0,12.986,0.013999999999999346,Evaluación
12.600000000000001,12.614,0.013999999999999346,Evaluación
11.8,12.035499999999987,0.23549999999998583,Evaluación
14.8,14.869999999999983,0.06999999999998252,Evaluación
12.4,12.521999999999997,0.12199999999999633,Evaluación
11.8,11.901999999999985,0.10199999999998433,Evaluación
14.200000000000001,14.194000000000019,0.005999999999982464,Evaluación
14.600000000000001,14.575999999999988,0.024000000000013344,Evaluación
13.600000000000001,13.697999999999979,0.09799999999997766,Evaluación
13.600000000000001,13.604,0.003999999999997783,Evaluación
13.200000000000001,13.272000000000016,0.07200000000001516,Evaluación
13.8,14.171999999999995,0.37199999999999456,Evaluación
14.0,14.0,0.0,Evaluación
15.0,14.670000000000002,0.3299999999999983,Evaluación
14.200000000000001,14.070000000000018,0.12999999999998302,Evaluación
14.200000000000001,14.130000000000019,0.06999999999998252,Evaluación
13.0,13.286000000000003,0.28600000000000314,Evaluación
13.0,13.102,0.10200000000000031,Evaluación
13.0,12.932,0.06799999999999962,Evaluación
13.4,13.464000000000006,0.06400000000000539,Evaluación
13.4,13.338666666666677,0.061333333333323026,Evaluación
13.4,13.370500000000009,0.029499999999991644,Evaluación
14.200000000000001,14.03800000000001,0.16199999999999193,Evaluación
14.4,14.386000000000013,0.013999999999986912,Evaluación
12.4,12.412000000000004,0.012000000000004007,Evaluación
14.0,13.867999999999997,0.13200000000000323,Evaluación
14.4,14.43,0.02999999999999936,Evaluación
12.8,12.903999999999987,0.10399999999998677,Evaluación
13.200000000000001,13.234000000000014,0.03400000000001313,Evaluación
13.8,13.833999999999982,0.033999999999981156,Evaluación
14.200000000000001,14.188666666666688,0.011333333333313433,Evaluación
13.600000000000001,13.594000000000001,0.006000000000000227,Evaluación
12.600000000000001,12.538,0.062000000000001165,Evaluación
14.200000000000001,14.074000000000012,0.1259999999999888,Evaluación
13.0,13.126000000000007,0.12600000000000655,Evaluación
13.200000000000001,13.350000000000017,0.15000000000001634,Evaluación
13.600000000000001,13.593999999999994,0.006000000000007333,Evaluación
12.200000000000001,12.45333333333335,0.25333333333334807,Evaluación
14.200000000000001,14.138633333333349,0.06136666666665214,Evaluación
14.0,13.987333333333337,0.012666666666662607,Evaluación
13.200000000000001,13.360000000000014,0.16000000000001258,Evaluación
12.200000000000001,12.178000000000008,0.021999999999993136,Evaluación
13.4,13.330000000000005,0.06999999999999496,Evaluación
14.4,13.824666666666653,0.5753333333333472,Evaluación
13.0,12.877999999999995,0.12200000000000522,Evaluación
13.600000000000001,13.481999999999992,0.11800000000000921,Evaluación
14.0,14.141999999999996,0.1419999999999959,Evaluación
12.600000000000001,12.714666666666664,0.11466666666666292,Evaluación
13.8,13.752666666666642,0.04733333333335921,Evaluación
12.4,12.546000000000006,0.14600000000000612,Evaluación
14.200000000000001,13.589799999999999,0.6102000000000025,Evaluación
12.8,13.091999999999999,0.29199999999999804,Evaluación
13.8,13.77866666666667,0.021333333333330984,Evaluación
14.200000000000001,14.066800000000011,0.13319999999998977,Evaluación
12.600000000000001,12.891999999999996,0.2919999999999945,Evaluación
14.4,14.436000000000005,0.03600000000000492,Evaluación
13.200000000000001,13.092000000000015,0.10799999999998633,Evaluación
13.8,13.940366666666664,0.14036666666666342,Evaluación
12.0,12.130666666666668,0.13066666666666826,Evaluación
13.600000000000001,13.625333333333327,0.025333333333325214,Evaluación
13.0,13.06,0.0600000000000005,Evaluación
13.4,13.061499999999997,0.33850000000000335,Evaluación
13.200000000000001,13.663999999999987,0.4639999999999862,Evaluación
13.600000000000001,13.585999999999995,0.014000000000006452,Evaluación
12.600000000000001,12.975999999999997,0.3759999999999959,Evaluación
14.600000000000001,14.156000000000006,0.4439999999999955,Evaluación
13.200000000000001,13.395200000000006,0.19520000000000515,Evaluación
13.4,13.743999999999987,0.343999999999987,Evaluación
13.200000000000001,13.19600000000002,0.003999999999981796,Evaluación
12.0,12.315999999999992,0.31599999999999184,Evaluación
13.4,13.402000000000008,0.0020000000000077733,Evaluación
13.4,13.39000000000001,0.009999999999990905,Evaluación
14.0,13.94066666666666,0.05933333333334012,Evaluación
13.8,13.90959999999999,0.1095999999999897,Evaluación
13.600000000000001,13.593999999999989,0.006000000000012662,Evaluación
13.4,13.010000000000007,0.38999999999999346,Evaluación
12.600000000000001,12.591999999999993,0.008000000000008,Evaluación
14.0,13.768800000000006,0.23119999999999408,Evaluación
14.200000000000001,14.202000000000012,0.002000000000011326,Evaluación
13.4,13.338000000000006,0.06199999999999406,Evaluación
12.8,12.984999999999982,0.18499999999998096,Evaluación
13.200000000000001,13.356000000000016,0.1560000000000148,Evaluación
14.0,13.864999999999995,0.13500000000000512,Evaluación
13.0,12.988000000000001,0.011999999999998678,Evaluación
13.600000000000001,13.659999999999998,0.059999999999996945,Evaluación
13.0,12.950000000000005,0.04999999999999538,Evaluación
13.0,12.994000000000002,0.005999999999998451,Evaluación
13.8,13.757333333333317,0.042666666666683284,Evaluación
12.600000000000001,12.892333333333342,0.29233333333334066,Evaluación
14.0,14.194,0.19400000000000084,Evaluación
12.8,12.690000000000003,0.10999999999999766,Evaluación
12.4,12.386000000000003,0.01399999999999757,Evaluación
13.200000000000001,12.943114285714284,0.25688571428571727,Evaluación
14.600000000000001,14.389999999999988,0.2100000000000133,Evaluación
14.4,14.41080000000001,0.010800000000010357,Evaluación
13.600000000000001,13.776,0.17599999999999838,Evaluación
12.4,12.492000000000003,0.0920000000000023,Evaluación
13.4,13.828000000000007,0.42800000000000615,Evaluación
12.4,12.636,0.23599999999999888,Evaluación
14.4,14.256000000000013,0.1439999999999877,Evaluación
13.4,14.018000000000002,0.6180000000000021,Evaluación
13.600000000000001,13.637333333333322,0.03733333333332034,Evaluación
13.0,12.951999999999998,0.04800000000000182,Evaluación
13.200000000000001,13.123333333333326,0.0766666666666751,Evaluación
13.600000000000001,13.772,0.17199999999999882,Evaluación
13.0,12.931999999999995,0.06800000000000495,Evaluación
13.4,13.334000000000005,0.0659999999999954,Evaluación
13.4,13.344000000000003,0.055999999999997385,Evaluación
13.4,13.277700000000014,0.12229999999998675,Evaluación
13.600000000000001,13.162000000000004,0.43799999999999706,Evaluación
14.4,14.329000000000008,0.07099999999999262,Evaluación
13.0,13.096000000000005,0.09600000000000541,Evaluación
13.0,13.674100000000003,0.6741000000000028,Evaluación
14.0,14.056000000000001,0.05600000000000094,Evaluación
13.4,13.233400000000007,0.16659999999999364,Evaluación
12.600000000000001,12.586000000000007,0.013999999999994017,Evaluación
13.600000000000001,13.651066666666658,0.0510666666666566,Evaluación
13.8,13.517999999999995,0.28200000000000536,Evaluación
13.200000000000001,13.260000000000014,0.06000000000001293,Evaluación
12.8,12.959999999999994,0.15999999999999304,Evaluación
13.8,13.406000000000006,0.3939999999999948,Evaluación
12.4,12.717899999999997,0.3178999999999963,Evaluación
13.0,13.326333333333345,0.3263333333333449,Evaluación
14.0,13.973999999999997,0.026000000000003354,Evaluación
14.4,14.352000000000006,0.047999999999994714,Evaluación
13.200000000000001,13.24600000000002,0.046000000000018915,Evaluación
14.0,13.959999999999997,0.0400000000000027,Evaluación
13.4,13.516000000000009,0.11600000000000854,Evaluación
13.0,12.987999999999998,0.012000000000002231,Evaluación
13.600000000000001,13.555599999999995,0.044400000000006656,Evaluación
12.4,12.314,0.0860000000000003,Evaluación
13.600000000000001,13.657999999999989,0.057999999999987395,Evaluación
13.8,13.783999999999983,0.016000000000017778,Evaluación
13.0,13.295999999999994,0.29599999999999405,Evaluación
12.600000000000001,12.451999999999998,0.14800000000000324,Evaluación
13.600000000000001,13.389999999999997,0.2100000000000044,Evaluación
12.4,12.478000000000002,0.07800000000000118,Evaluación
13.8,13.893999999999991,0.09399999999999054,Evaluación
13.0,12.93633333333333,0.06366666666666987,Evaluación
14.8,14.600999999999983,0.1990000000000176,Evaluación
14.0,13.862,0.1379999999999999,Evaluación
13.0,12.832,0.16799999999999926,Evaluación
14.0,14.085999999999999,0.08599999999999852,Evaluación
11.8,12.291999999999994,0.4919999999999938,Evaluación
12.600000000000001,12.725999999999999,0.12599999999999767,Evaluación
12.8,12.89199999999998,0.09199999999997921,Evaluación
12.600000000000001,12.631999999999994,0.03199999999999292,Evaluación
13.4,13.380000000000004,0.01999999999999602,Evaluación
13.0,13.12616666666667,0.12616666666666987,Evaluación
13.4,13.38733333333334,0.01266666666666083,Evaluación
14.600000000000001,13.839333333333325,0.7606666666666762,Evaluación
12.8,12.727999999999984,0.07200000000001694,Evaluación
13.0,12.953999999999997,0.04600000000000293,Evaluación
14.4,14.324000000000014,0.0759999999999863,Evaluación
14.4,14.202000000000004,0.19799999999999685,Evaluación
13.200000000000001,13.096000000000014,0.10399999999998677,Evaluación
12.4,12.612,0.21199999999999974,Evaluación
13.600000000000001,13.683999999999994,0.08399999999999253,Evaluación
13.4,13.25600000000001,0.14399999999998947,Evaluación
13.8,13.79199999999999,0.008000000000011553,Evaluación
13.4,13.009999999999996,0.3900000000000041,Evaluación
12.600000000000001,12.76,0.15999999999999837,Evaluación
13.0,13.15200000000001,0.1520000000000099,Evaluación
14.200000000000001,13.610000000000003,0.5899999999999981,Evaluación
14.0,14.132000000000003,0.13200000000000323,Evaluación
13.600000000000001,13.256999999999994,0.3430000000000071,Evaluación
13.0,12.977999999999998,0.022000000000002018,Evaluación
13.600000000000001,13.524666666666656,0.07533333333334546,Evaluación
13.8,13.775999999999986,0.02400000000001512,Evaluación
12.4,12.432000000000002,0.032000000000001805,Evaluación
12.4,12.657999999999998,0.25799999999999734,Evaluación
14.4,14.350000000000012,0.049999999999988276,Evaluación
12.8,12.819999999999991,0.019999999999990692,Evaluación
13.200000000000001,13.226000000000015,0.026000000000014012,Evaluación
12.8,12.629333333333324,0.1706666666666763,Evaluación
13.600000000000001,13.360999999999997,0.23900000000000432,Evaluación
13.8,13.989199999999999,0.18919999999999781,Evaluación
14.200000000000001,14.306000000000013,0.1060000000000123,Evaluación
14.200000000000001,14.246000000000016,0.04600000000001536,Evaluación
13.4,13.552000000000003,0.1520000000000028,Evaluación
14.200000000000001,14.06000000000002,0.13999999999998103,Evaluación
12.8,12.785333333333314,0.014666666666686368,Evaluación
12.4,12.074000000000005,0.3259999999999952,Evaluación
14.0,14.017999999999999,0.017999999999998906,Evaluación
12.600000000000001,12.873999999999997,0.2739999999999956,Evaluación
13.200000000000001,13.028000000000013,0.17199999999998816,Evaluación
13.0,13.005999999999995,0.005999999999994898,Evaluación
13.8,13.708052380952383,0.09194761904761783,Evaluación
12.600000000000001,12.570000000000004,0.029999999999997584,Evaluación
12.8,13.092000000000011,0.2920000000000105,Evaluación
13.200000000000001,13.314000000000005,0.11400000000000432,Evaluación
13.200000000000001,13.076133333333345,0.12386666666665569,Evaluación
13.0,13.072000000000005,0.0720000000000045,Evaluación
14.4,14.292000000000014,0.10799999999998633,Evaluación
14.0,14.098999999999997,0.09899999999999665,Evaluación
13.4,13.28800000000001,0.11199999999999122,Evaluación
12.8,12.660666666666652,0.13933333333334907,Evaluación
13.0,13.280000000000019,0.2800000000000189,Evaluación
12.4,12.446000000000002,0.04600000000000115,Evaluación
13.4,13.546000000000001,0.1460000000000008,Evaluación
12.600000000000001,12.684999999999995,0.08499999999999375,Evaluación
14.4,14.384000000000015,0.015999999999985803,Evaluación
13.200000000000001,13.248000000000012,0.0480000000000107,Evaluación
14.0,13.848000000000003,0.15199999999999747,Evaluación
13.200000000000001,13.248000000000005,0.048000000000003595,Evaluación
14.0,13.837999999999996,0.16200000000000436,Evaluación
13.4,13.641999999999998,0.24199999999999733,Evaluación
12.8,12.809999999999986,0.009999999999985576,Evaluación
13.4,13.268000000000004,0.13199999999999612,Evaluación
14.4,14.310500000000006,0.08949999999999392,Evaluación
14.4,14.324000000000012,0.07599999999998808,Evaluación
13.600000000000001,13.283999999999992,0.3160000000000096,Evaluación
12.8,12.661999999999987,0.1380000000000141,Evaluación
13.200000000000001,12.934966666666675,0.2650333333333261,Evaluación
13.600000000000001,13.968,0.36799999999999855,Evaluación
13.200000000000001,13.382000000000021,0.18200000000001992,Evaluación
14.0,14.004999999999995,0.0049999999999954525,Evaluación
14.0,13.862,0.1379999999999999,Evaluación
12.4,12.563999999999997,0.16399999999999615,Evaluación
13.8,13.801999999999987,0.001999999999986457,Evaluación
13.8,13.810733333333319,0.010733333333318384,Evaluación
13.200000000000001,13.186666666666685,0.013333333333315878,Evaluación
13.600000000000001,13.485999999999997,0.11400000000000432,Evaluación
14.200000000000001,14.134000000000015,0.06599999999998651,Evaluación
12.8,12.851999999999984,0.051999999999983615,Evaluación
13.4,13.740666666666655,0.3406666666666549,Evaluación
13.600000000000001,13.378000000000004,0.22199999999999775,Evaluación
13.4,13.767999999999997,0.3679999999999968,Evaluación
13.600000000000001,13.54133333333333,0.058666666666670864,Evaluación
13.8,13.581999999999983,0.21800000000001774,Evaluación
14.200000000000001,14.310000000000016,0.11000000000001542,Evaluación
13.600000000000001,13.512000000000002,0.08799999999999919,Evaluación
13.0,12.823600000000004,0.17639999999999567,Evaluación
12.600000000000001,12.796,0.19599999999999795,Evaluación
13.0,13.701999999999993,0.7019999999999929,Evaluación
14.4,14.255833333333344,0.14416666666665634,Evaluación
13.4,13.55,0.15000000000000036,Evaluación
13.4,13.294000000000006,0.10599999999999454,Evaluación
12.8,12.731999999999982,0.06800000000001916,Evaluación
12.4,12.508000000000003,0.10800000000000232,Evaluación
14.200000000000001,14.220000000000013,0.020000000000012008,Evaluación
14.0,13.941999999999997,0.05800000000000338,Evaluación
12.8,12.891999999999989,0.09199999999998809,Evaluación
13.8,13.669999999999993,0.1300000000000079,Evaluación
14.600000000000001,14.603999999999983,0.003999999999981796,Evaluación
12.8,12.675999999999988,0.12400000000001299,Evaluación
12.8,12.471000000000004,0.3289999999999971,Evaluación
14.0,13.996000000000004,0.003999999999996007,Evaluación
14.0,13.792000000000003,0.20799999999999663,Evaluación
12.8,12.789999999999985,0.010000000000015774,Evaluación
12.8,12.851933333333324,0.05193333333332362,Evaluación
13.200000000000001,13.186000000000014,0.013999999999986912,Evaluación
13.200000000000001,13.264000000000015,0.06400000000001427,Evaluación
14.8,14.344000000000001,0.4559999999999995,Evaluación
13.8,13.73699999999998,0.06300000000002015,Evaluación
13.4,13.338000000000006,0.06199999999999406,Evaluación
14.600000000000001,14.569999999999988,0.03000000000001357,Evaluación
13.200000000000001,13.16400000000001,0.035999999999990706,Evaluación
13.4,13.416000000000002,0.01600000000000179,Evaluación
15.0,14.601999999999991,0.39800000000000857,Evaluación
14.600000000000001,14.44799999999999,0.15200000000001168,Evaluación
13.4,13.641999999999994,0.24199999999999378,Evaluación
13.0,13.020000000000003,0.020000000000003126,Evaluación
14.200000000000001,14.330000000000014,0.13000000000001322,Evaluación
12.600000000000001,12.710333333333331,0.11033333333332962,Evaluación
13.600000000000001,13.515999999999993,0.08400000000000851,Evaluación
14.4,14.55800000000001,0.15800000000001013,Evaluación
13.4,13.402000000000008,0.0020000000000077733,Evaluación
14.200000000000001,13.936400000000003,0.2635999999999985,Evaluación
13.4,13.350000000000012,0.049999999999988276,Evaluación
13.200000000000001,12.763,0.43700000000000117,Evaluación
14.4,14.360000000000012,0.03999999999998849,Evaluación
12.8,12.903999999999986,0.103999999999985,Evaluación
13.600000000000001,13.563999999999995,0.03600000000000669,Evaluación
13.0,13.178000000000004,0.17800000000000438,Evaluación
14.8,14.593999999999983,0.20600000000001728,Evaluación
13.0,12.826000000000004,0.17399999999999594,Evaluación
12.600000000000001,12.538,0.062000000000001165,Evaluación
13.0,12.56484444444445,0.43515555555554997,Evaluación
14.0,13.930000000000012,0.06999999999998785,Evaluación
14.200000000000001,14.428000000000004,0.2280000000000033,Evaluación
13.200000000000001,13.318,0.11799999999999855,Evaluación
13.8,13.643999999999982,0.15600000000001835,Evaluación
13.4,13.400000000000013,1.2434497875801753e-14,Evaluación
12.8,12.79999999999999,1.0658141036401503e-14,Evaluación
13.4,13.315999999999999,0.0840000000000014,Evaluación
13.4,13.298000000000004,0.10199999999999676,Evaluación
14.0,14.057999999999998,0.05799999999999805,Evaluación
14.200000000000001,14.136000000000017,0.06399999999998407,Evaluación
13.600000000000001,13.441999999999993,0.15800000000000836,Evaluación
13.0,12.771999999999997,0.2280000000000033,Evaluación
14.0,14.012000000000002,0.012000000000002231,Evaluación
12.8,12.801999999999985,0.0019999999999846807,Evaluación
13.4,13.37800000000001,0.021999999999989583,Evaluación
12.600000000000001,12.79106666666666,0.19106666666665895,Evaluación
13.0,13.090000000000009,0.09000000000000874,Evaluación
14.0,14.032000000000005,0.03200000000000536,Evaluación
13.4,13.449757142857145,0.04975714285714439,Evaluación
12.0,12.074000000000003,0.0740000000000034,Evaluación
12.8,13.329999999999993,0.5299999999999923,Evaluación
13.0,13.225999999999997,0.22599999999999731,Evaluación
12.8,12.84799999999998,0.047999999999978726,Evaluación
13.4,13.40333333333334,0.0033333333333391835,Evaluación
14.200000000000001,14.06100000000001,0.13899999999999046,Evaluación
13.8,13.794666666666648,0.005333333333352286,Evaluación
14.0,14.075333333333338,0.07533333333333836,Evaluación
13.8,13.75399999999998,0.04600000000002069,Evaluación
13.8,13.145333333333326,0.6546666666666745,Evaluación
12.8,12.837999999999981,0.037999999999980716,Evaluación
12.600000000000001,12.84199999999999,0.24199999999998845,Evaluación
13.4,13.392000000000007,0.00799999999999379,Evaluación
13.200000000000001,13.268000000000015,0.06800000000001383,Evaluación
13.8,13.758999999999979,0.041000000000021686,Evaluación
13.8,13.813999999999995,0.013999999999994017,Evaluación
13.8,13.721999999999982,0.07800000000001894,Evaluación
14.4,14.312000000000014,0.08799999999998676,Evaluación
13.0,13.118,0.11800000000000033,Evaluación
12.600000000000001,12.516000000000002,0.08399999999999963,Evaluación
13.8,13.836666666666646,0.03666666666664575,Evaluación
13.8,13.55599999999999,0.24400000000001043,Evaluación
12.8,12.737999999999989,0.06200000000001182,Evaluación
13.8,13.566000000000004,0.23399999999999643,Evaluación
14.4,14.396000000000013,0.003999999999987125,Evaluación
12.4,12.491999999999994,0.09199999999999342,Evaluación
13.200000000000001,13.298000000000016,0.09800000000001496,Evaluación
13.0,13.132000000000003,0.13200000000000323,Evaluación
13.8,13.779999999999983,0.020000000000017337,Evaluación
13.0,12.916000000000004,0.08399999999999608,Evaluación
13.4,13.257,0.14300000000000068,Evaluación
12.600000000000001,12.606999999999996,0.006999999999994344,Evaluación
13.200000000000001,13.103000000000016,0.09699999999998532,Evaluación
12.200000000000001,12.959733333333334,0.7597333333333331,Evaluación
12.8,12.821999999999987,0.02199999999998603,Evaluación
12.8,12.745999999999981,0.05400000000001981,Evaluación
13.0,13.10600000000001,0.10600000000001053,Evaluación
13.600000000000001,13.49799999999999,0.10200000000001097,Evaluación
13.8,13.905976190476188,0.10597619047618778,Evaluación
14.4,14.358000000000013,0.04199999999998738,Evaluación
12.200000000000001,12.138000000000012,0.06199999999998873,Evaluación
13.200000000000001,13.208000000000016,0.008000000000015106,Evaluación
12.0,12.014000000000001,0.014000000000001123,Evaluación
13.8,14.035999999999992,0.23599999999999177,Evaluación
14.4,14.330000000000007,0.06999999999999318,Evaluación
13.8,13.54000000000001,0.2599999999999909,Evaluación
14.200000000000001,13.97400000000002,0.22599999999998133,Evaluación
12.8,12.853999999999987,0.05399999999998606,Evaluación
14.200000000000001,14.096000000000014,0.10399999999998677,Evaluación
12.8,12.823999999999987,0.0239999999999867,Evaluación
13.4,12.953999999999999,0.4460000000000015,Evaluación
13.4,13.423000000000007,0.023000000000006793,Evaluación
13.200000000000001,13.386000000000017,0.18600000000001593,Evaluación
14.600000000000001,14.581999999999988,0.018000000000013117,Evaluación
14.600000000000001,14.531999999999988,0.06800000000001383,Evaluación
14.0,14.076000000000004,0.07600000000000406,Evaluación
14.0,13.915999999999991,0.08400000000000851,Evaluación
12.4,12.5,0.09999999999999964,Evaluación
13.600000000000001,13.527999999999997,0.0720000000000045,Evaluación
13.0,13.089999999999996,0.0899999999999963,Evaluación
14.600000000000001,14.229999999999988,0.37000000000001343,Evaluación
13.0,12.996000000000004,0.003999999999996007,Evaluación
13.200000000000001,13.231333333333353,0.03133333333335209,Evaluación
12.8,12.869499999999984,0.06949999999998369,Evaluación
12.600000000000001,12.681999999999995,0.08199999999999363,Evaluación
12.4,12.660000000000009,0.26000000000000867,Evaluación
14.0,13.933999999999994,0.06600000000000605,Evaluación
13.0,12.843666666666666,0.15633333333333432,Evaluación
12.8,12.959999999999988,0.1599999999999877,Evaluación
14.0,13.657838095238098,0.3421619047619018,Evaluación
12.4,12.4992,0.09919999999999973,Evaluación
13.4,13.1224,0.2775999999999996,Evaluación
13.200000000000001,13.673999999999996,0.47399999999999487,Evaluación
14.8,14.679999999999982,0.12000000000001876,Evaluación
13.8,13.775999999999986,0.02400000000001512,Evaluación
14.0,13.985,0.015000000000000568,Evaluación
13.600000000000001,13.807999999999998,0.20799999999999663,Evaluación
14.0,13.859999999999998,0.14000000000000234,Evaluación
14.200000000000001,14.172000000000017,0.027999999999984482,Evaluación
14.600000000000001,14.469999999999994,0.1300000000000079,Evaluación
13.8,13.618733333333322,0.18126666666667823,Evaluación
12.200000000000001,12.154000000000014,0.04599999999998694,Evaluación
13.600000000000001,13.831999999999999,0.23199999999999754,Evaluación
13.200000000000001,13.32200000000001,0.12200000000000877,Evaluación
13.4,13.446000000000005,0.046000000000004704,Evaluación
12.8,12.899999999999986,0.09999999999998543,Evaluación
13.4,13.43200000000001,0.03200000000000891,Evaluación
12.200000000000001,12.472000000000016,0.27200000000001445,Evaluación
13.0,12.997666666666667,0.0023333333333326323,Evaluación
12.4,12.358666666666672,0.04133333333332878,Evaluación
13.8,13.967999999999996,0.1679999999999957,Evaluación
12.200000000000001,12.190000000000015,0.009999999999985576,Evaluación
13.8,13.723999999999984,0.0760000000000165,Evaluación
12.8,12.717999999999986,0.08200000000001495,Evaluación
13.0,13.126000000000003,0.126000000000003,Evaluación
12.8,13.017999999999983,0.2179999999999822,Evaluación
13.600000000000001,13.545999999999994,0.054000000000007375,Evaluación
13.4,13.39800000000001,0.0019999999999900098,Evaluación
13.600000000000001,13.52799999999999,0.07200000000001161,Evaluación
12.200000000000001,12.258000000000017,0.05800000000001582,Evaluación
13.8,13.465999999999992,0.3340000000000085,Evaluación
12.8,12.920699999999993,0.12069999999999226,Evaluación
14.8,14.528899999999986,0.2711000000000148,Evaluación
13.200000000000001,13.161000000000016,0.03899999999998549,Evaluación
13.0,12.920699999999993,0.07930000000000703,Evaluación
13.200000000000001,13.32400000000002,0.12400000000001832,Evaluación
13.200000000000001,13.170000000000002,0.02999999999999936,Evaluación
13.0,12.615333333333327,0.38466666666667315,Evaluación
13.4,13.372000000000009,0.027999999999991587,Evaluación
13.0,13.4584,0.45839999999999925,Evaluación
12.600000000000001,12.804999999999998,0.20499999999999652,Evaluación
13.4,13.366000000000007,0.03399999999999359,Evaluación
14.0,14.016000000000004,0.016000000000003567,Evaluación
13.600000000000001,13.61799999999999,0.017999999999988248,Evaluación
13.200000000000001,13.332000000000019,0.13200000000001744,Evaluación
13.4,13.432000000000007,0.032000000000007134,Evaluación
14.4,14.534000000000002,0.13400000000000212,Evaluación
13.600000000000001,13.575619047619035,0.024380952380965937,Evaluación
13.200000000000001,13.73200000000001,0.5320000000000089,Evaluación
12.4,12.516000000000002,0.11600000000000144,Evaluación
13.0,13.152000000000005,0.15200000000000458,Evaluación
13.4,13.466000000000001,0.06600000000000072,Evaluación
12.4,12.4,0.0,Evaluación
13.200000000000001,13.248000000000015,0.048000000000014253,Evaluación
13.4,13.340000000000009,0.059999999999991616,Evaluación
13.600000000000001,13.60999999999999,0.009999999999989129,Evaluación
13.200000000000001,13.254333333333346,0.05433333333334467,Evaluación
13.600000000000001,13.569999999999995,0.030000000000006466,Evaluación
12.4,12.607999999999997,0.20799999999999663,Evaluación
12.8,12.920866666666669,0.12086666666666801,Evaluación
13.600000000000001,13.54,0.060000000000002274,Evaluación
14.200000000000001,14.211999999999998,0.011999999999996902,Evaluación
12.600000000000001,12.762,0.16199999999999903,Evaluación
12.4,12.426000000000009,0.026000000000008683,Evaluación
13.8,13.735999999999985,0.06400000000001604,Evaluación
12.4,12.52866666666667,0.12866666666666937,Evaluación
14.200000000000001,14.183600000000018,0.016399999999983095,Evaluación
13.8,13.693999999999981,0.10600000000001941,Evaluación
13.200000000000001,13.180000000000014,0.01999999999998714,Evaluación
12.8,13.211999999999982,0.41199999999998127,Evaluación
13.0,13.039999999999997,0.03999999999999737,Evaluación
13.600000000000001,13.449999999999996,0.15000000000000568,Evaluación
13.600000000000001,13.687999999999981,0.08799999999997965,Evaluación
14.200000000000001,14.284000000000015,0.08400000000001384,Evaluación
13.200000000000001,13.903999999999998,0.7039999999999971,Evaluación
13.0,12.936,0.06400000000000006,Evaluación
13.600000000000001,13.376000000000003,0.22399999999999842,Evaluación
14.4,14.132,0.2680000000000007,Evaluación
15.0,14.855999999999995,0.14400000000000546,Evaluación
13.4,13.223000000000004,0.17699999999999605,Evaluación
13.4,13.338000000000005,0.061999999999995836,Evaluación
14.0,14.015566666666661,0.015566666666661177,Evaluación
12.8,12.743999999999986,0.05600000000001515,Evaluación
13.0,12.937999999999997,0.06200000000000294,Evaluación
13.600000000000001,13.607999999999993,0.007999999999992013,Evaluación
13.4,13.486,0.0860000000000003,Evaluación
13.200000000000001,13.294000000000015,0.09400000000001363,Evaluación
13.8,13.699999999999989,0.10000000000001208,Evaluación
12.8,13.024999999999988,0.2249999999999872,Evaluación
13.600000000000001,13.661999999999992,0.06199999999999051,Evaluación
13.600000000000001,13.60999999999999,0.009999999999989129,Evaluación
13.0,13.138000000000002,0.13800000000000168,Evaluación
13.0,13.32,0.3200000000000003,Evaluación
13.0,13.275999999999996,0.27599999999999625,Evaluación
13.4,13.42600000000001,0.02600000000001046,Evaluación
12.600000000000001,12.601499999999996,0.0014999999999947278,Evaluación
12.4,12.604000000000008,0.20400000000000773,Evaluación
14.600000000000001,14.485999999999988,0.1140000000000132,Evaluación
14.4,14.322000000000012,0.07799999999998875,Evaluación
14.200000000000001,14.287999999999986,0.08799999999998498,Evaluación
13.4,13.240666666666659,0.15933333333334154,Evaluación
13.200000000000001,13.354000000000017,0.1540000000000159,Evaluación
13.600000000000001,13.509999999999993,0.09000000000000874,Evaluación
14.0,14.087999999999996,0.08799999999999564,Evaluación
13.200000000000001,13.138000000000016,0.06199999999998518,Evaluación
14.200000000000001,14.250000000000014,0.050000000000013145,Evaluación
12.8,12.717766666666659,0.08223333333334182,Evaluación
13.0,13.071799999999996,0.07179999999999609,Evaluación
14.0,14.169999999999998,0.16999999999999815,Evaluación
14.0,13.833999999999998,0.16600000000000215,Evaluación
14.200000000000001,14.233666666666679,0.033666666666677614,Evaluación
14.0,14.022,0.02200000000000024,Evaluación
12.4,12.51200000000001,0.11200000000000898,Evaluación
14.4,14.32800000000001,0.0719999999999903,Evaluación
12.4,12.591999999999999,0.1919999999999984,Evaluación
13.4,13.506000000000007,0.10600000000000698,Evaluación
13.8,13.877999999999977,0.07799999999997631,Evaluación
12.0,12.634,0.6340000000000003,Evaluación
14.4,14.270000000000012,0.12999999999998835,Evaluación
13.200000000000001,13.48133333333335,0.28133333333334853,Evaluación
13.200000000000001,13.432000000000002,0.2320000000000011,Evaluación
13.8,13.807999999999984,0.007999999999983132,Evaluación
14.0,14.131999999999998,0.1319999999999979,Evaluación
14.0,13.941999999999997,0.05800000000000338,Evaluación
14.0,14.063733333333337,0.06373333333333697,Evaluación
13.4,13.436000000000009,0.03600000000000847,Evaluación
13.4,13.39866666666667,0.0013333333333296338,Evaluación
11.8,12.071999999999985,0.27199999999998425,Evaluación
13.4,13.35600000000001,0.043999999999989825,Evaluación
13.0,12.913199999999994,0.08680000000000554,Evaluación
13.600000000000001,13.405999999999992,0.19400000000000972,Evaluación
14.200000000000001,13.714000000000004,0.4859999999999971,Evaluación
12.200000000000001,12.182000000000018,0.01799999999998292,Evaluación
12.600000000000001,12.468000000000002,0.13199999999999967,Evaluación
13.4,13.524000000000015,0.12400000000001477,Evaluación
13.8,13.796199999999983,0.003800000000017789,Evaluación
14.0,14.067999999999998,0.06799999999999784,Evaluación
13.8,13.907999999999982,0.107999999999981,Evaluación
13.200000000000001,13.294000000000015,0.09400000000001363,Evaluación
14.0,14.017999999999997,0.01799999999999713,Evaluación
13.4,13.304,0.09600000000000009,Evaluación
12.200000000000001,12.466000000000001,0.266,Evaluación
14.8,14.631999999999987,0.16800000000001347,Evaluación
14.0,14.036,0.03599999999999959,Evaluación
13.200000000000001,13.04700000000001,0.1529999999999916,Evaluación
14.600000000000001,14.420000000000014,0.17999999999998728,Evaluación
12.4,12.398,0.002000000000000668,Evaluación
13.0,13.0146,0.014599999999999724,Evaluación
12.4,12.564000000000004,0.16400000000000325,Evaluación
12.8,12.823999999999982,0.02399999999998137,Evaluación
12.600000000000001,12.762599999999996,0.16259999999999408,Evaluación
13.8,13.505999999999995,0.2940000000000058,Evaluación
12.600000000000001,12.629999999999988,0.029999999999986926,Evaluación
13.4,13.454800000000008,0.05480000000000729,Evaluación
13.0,13.042999999999997,0.042999999999997485,Evaluación
14.200000000000001,14.675999999999993,0.475999999999992,Evaluación
14.200000000000001,13.984000000000012,0.21599999999998865,Evaluación
13.8,13.937399999999993,0.13739999999999242,Evaluación
14.200000000000001,14.100000000000017,0.09999999999998366,Evaluación
13.600000000000001,13.859999999999987,0.2599999999999856,Evaluación
14.0,13.936000000000002,0.06399999999999828,Evaluación
14.200000000000001,14.207333333333349,0.007333333333347625,Evaluación
13.600000000000001,13.482000000000001,0.11800000000000033,Evaluación
13.8,13.81199999999999,0.011999999999989797,Evaluación
14.200000000000001,13.974000000000022,0.22599999999997955,Evaluación
12.600000000000001,12.740999999999996,0.14099999999999469,Evaluación
13.200000000000001,13.17200000000002,0.02799999999998093,Evaluación
14.200000000000001,14.116666666666685,0.08333333333331616,Evaluación
11.8,11.985999999999988,0.1859999999999875,Evaluación
13.4,13.442333333333343,0.04233333333334244,Evaluación
13.200000000000001,13.456000000000003,0.256000000000002,Evaluación
14.4,14.268000000000018,0.1319999999999819,Evaluación
14.0,14.078000000000001,0.07800000000000118,Evaluación
13.600000000000001,13.505999999999995,0.09400000000000652,Evaluación
12.600000000000001,12.783999999999992,0.1839999999999904,Evaluación
13.8,13.673999999999984,0.1260000000000172,Evaluación
13.4,13.527000000000001,0.12700000000000067,Evaluación
15.0,14.520000000000003,0.4799999999999969,Evaluación
13.4,13.680000000000014,0.28000000000001357,Evaluación
14.8,14.655999999999985,0.14400000000001612,Evaluación
13.200000000000001,13.13200000000001,0.06799999999999073,Evaluación
13.0,13.153999999999998,0.15399999999999814,Evaluación
12.0,12.249999999999998,0.24999999999999822,Evaluación
12.600000000000001,13.258666666666663,0.6586666666666616,Evaluación
13.8,13.587999999999976,0.2120000000000246,Evaluación
12.8,12.71849999999999,0.08150000000001079,Evaluación
13.600000000000001,13.956000000000001,0.35599999999999987,Evaluación
12.600000000000001,12.597999999999999,0.0020000000000024443,Evaluación
13.0,13.002,0.002000000000000668,Evaluación
13.0,12.869999999999996,0.13000000000000433,Evaluación
12.200000000000001,12.882000000000007,0.6820000000000057,Evaluación
13.200000000000001,13.200000000000019,1.7763568394002505e-14,Evaluación
13.4,13.294000000000008,0.10599999999999277,Evaluación
13.200000000000001,13.138000000000018,0.0619999999999834,Evaluación
13.8,13.305999999999985,0.49400000000001576,Evaluación
13.0,13.127999999999995,0.12799999999999478,Evaluación
13.0,12.982333333333333,0.01766666666666694,Evaluación
13.200000000000001,13.438000000000018,0.2380000000000173,Evaluación
12.8,13.060999999999986,0.260999999999985,Evaluación
13.4,13.526000000000009,0.12600000000000833,Evaluación
13.4,13.260999999999997,0.1390000000000029,Evaluación
13.600000000000001,13.627999999999997,0.02799999999999514,Evaluación
14.200000000000001,13.982000000000019,0.2179999999999822,Evaluación
12.8,12.937999999999994,0.1379999999999928,Evaluación
13.4,13.416000000000004,0.016000000000003567,Evaluación
13.600000000000001,13.772799999999997,0.17279999999999518,Evaluación
13.4,13.652000000000001,0.25200000000000067,Evaluación
14.0,13.927999999999999,0.07200000000000095,Evaluación
12.8,12.83999999999998,0.03999999999997961,Evaluación
12.600000000000001,13.212000000000023,0.6120000000000214,Evaluación
14.200000000000001,13.759999999999986,0.4400000000000155,Evaluación
12.8,12.977999999999993,0.17799999999999194,Evaluación
14.0,13.946666666666664,0.05333333333333634,Evaluación
14.0,13.907999999999994,0.09200000000000585,Evaluación
13.4,13.508000000000006,0.10800000000000587,Evaluación
12.4,12.513999999999996,0.11399999999999544,Evaluación
13.8,13.879999999999987,0.07999999999998586,Evaluación
13.8,13.765999999999988,0.03400000000001313,Evaluación
12.4,12.543000000000001,0.14300000000000068,Evaluación
14.0,14.156166666666673,0.15616666666667278,Evaluación
13.200000000000001,13.114000000000017,0.08599999999998431,Evaluación
13.8,13.735999999999985,0.06400000000001604,Evaluación
13.0,12.979999999999997,0.020000000000003126,Evaluación
13.200000000000001,13.627000000000002,0.4270000000000014,Evaluación
13.8,13.110000000000003,0.6899999999999977,Evaluación
13.200000000000001,13.218,0.017999999999998906,Evaluación
13.0,13.122400000000003,0.1224000000000025,Evaluación
13.200000000000001,12.782,0.41800000000000104,Evaluación
12.600000000000001,12.757999999999996,0.15799999999999415,Evaluación
14.4,14.302000000000007,0.09799999999999365,Evaluación
12.4,12.278000000000006,0.12199999999999456,Evaluación
12.8,12.807999999999979,0.007999999999977803,Evaluación
12.200000000000001,12.390000000000013,0.19000000000001194,Evaluación
14.0,13.79,0.21000000000000085,Evaluación
13.4,13.552000000000007,0.15200000000000635,Evaluación
13.200000000000001,13.488000000000005,0.2880000000000038,Evaluación
13.600000000000001,13.899999999999993,0.29999999999999183,Evaluación
13.4,13.378000000000009,0.02199999999999136,Evaluación
13.0,12.998000000000001,0.0019999999999988916,Evaluación
14.0,14.05600000000001,0.05600000000000982,Evaluación
13.8,13.911999999999988,0.11199999999998766,Evaluación
13.600000000000001,13.44599999999999,0.15400000000001057,Evaluación
12.200000000000001,12.364000000000017,0.1640000000000157,Evaluación
13.0,12.945999999999994,0.0540000000000056,Evaluación
14.200000000000001,13.798333333333323,0.40166666666667794,Evaluación
13.200000000000001,13.14800000000001,0.05199999999999072,Evaluación
12.4,12.502000000000008,0.10200000000000742,Evaluación
12.200000000000001,12.322000000000019,0.12200000000001765,Evaluación
13.4,13.354000000000006,0.045999999999994046,Evaluación
13.200000000000001,13.3079,0.107899999999999,Evaluación
14.200000000000001,14.378000000000016,0.17800000000001504,Evaluación
12.4,12.532,0.13199999999999967,Evaluación
13.4,13.511999999999999,0.11199999999999832,Evaluación
12.8,12.944,0.14400000000000013,Evaluación
13.600000000000001,13.455999999999994,0.14400000000000723,Evaluación
13.4,13.239999999999998,0.16000000000000192,Evaluación
12.600000000000001,12.691999999999993,0.09199999999999164,Evaluación
14.0,13.886,0.11400000000000077,Evaluación
13.4,13.813999999999998,0.4139999999999979,Evaluación
14.200000000000001,14.300800000000013,0.10080000000001199,Evaluación
12.4,12.336000000000015,0.06399999999998585,Evaluación
15.0,14.522000000000002,0.477999999999998,Evaluación
14.4,14.44400000000001,0.044000000000009365,Evaluación
14.600000000000001,14.359999999999989,0.24000000000001265,Evaluación
12.8,12.98599999999999,0.18599999999998929,Evaluación
13.200000000000001,13.21200000000001,0.012000000000009337,Evaluación
13.8,13.75399999999998,0.04600000000002069,Evaluación
14.0,14.305499999999997,0.3054999999999968,Evaluación
14.0,13.912,0.08799999999999919,Evaluación
14.200000000000001,14.259333333333348,0.05933333333334723,Evaluación
12.8,12.908333333333317,0.10833333333331652,Evaluación
14.200000000000001,13.858000000000013,0.3419999999999881,Evaluación
12.600000000000001,12.637999999999998,0.0379999999999967,Evaluación
13.600000000000001,13.401999999999992,0.19800000000000928,Evaluación
14.200000000000001,14.244000000000026,0.04400000000002535,Evaluación
13.0,12.903999999999996,0.09600000000000364,Evaluación
13.200000000000001,13.118000000000016,0.08199999999998475,Evaluación
14.4,14.352000000000011,0.047999999999989384,Evaluación
13.0,12.892000000000005,0.10799999999999521,Evaluación
12.0,12.213999999999997,0.21399999999999686,Evaluación
13.4,13.400000000000011,1.0658141036401503e-14,Evaluación
13.0,13.094666666666669,0.09466666666666868,Evaluación
12.8,13.284000000000006,0.4840000000000053,Evaluación
14.4,14.392000000000019,0.007999999999981355,Evaluación
12.4,12.440000000000007,0.04000000000000625,Evaluación
13.4,13.582,0.18200000000000038,Evaluación
13.4,13.440000000000007,0.04000000000000625,Evaluación
13.8,13.667999999999981,0.1320000000000192,Evaluación
13.0,12.968000000000007,0.03199999999999292,Evaluación
12.4,12.492000000000003,0.0920000000000023,Evaluación
13.8,13.729999999999983,0.07000000000001805,Evaluación
14.4,13.721999999999985,0.678000000000015,Evaluación
12.600000000000001,12.949999999999998,0.3499999999999961,Evaluación
12.8,13.021999999999997,0.22199999999999598,Evaluación
13.4,13.638000000000009,0.23800000000000843,Evaluación
14.0,13.899999999999999,0.10000000000000142,Evaluación
12.8,12.859999999999987,0.059999999999986287,Evaluación
13.8,13.771999999999982,0.028000000000018233,Evaluación
14.4,14.299000000000001,0.10099999999999909,Evaluación
13.8,13.587999999999983,0.2120000000000175,Evaluación
15.0,14.943999999999994,0.05600000000000627,Evaluación
13.4,13.459000000000009,0.05900000000000816,Evaluación
13.4,13.414000000000005,0.014000000000004675,Evaluación
13.200000000000001,13.262000000000018,0.06200000000001715,Evaluación
12.8,12.98905238095238,0.1890523809523792,Evaluación
13.600000000000001,13.833999999999987,0.23399999999998577,Evaluación
13.200000000000001,12.909999999999995,0.29000000000000625,Evaluación
13.8,13.751999999999985,0.04800000000001603,Evaluación
13.0,12.848000000000004,0.1519999999999957,Evaluación
14.0,13.924000000000001,0.07599999999999874,Evaluación
13.8,13.749999999999982,0.050000000000018474,Evaluación
14.0,13.9,0.09999999999999964,Evaluación
12.600000000000001,12.416000000000004,0.1839999999999975,Evaluación
13.200000000000001,13.112000000000016,0.08799999999998498,Evaluación
12.8,12.666999999999998,0.13300000000000267,Evaluación
13.0,12.974,0.0259999999999998,Evaluación
12.8,12.738000000000005,0.061999999999995836,Evaluación
12.4,12.56466666666666,0.16466666666666008,Evaluación
14.200000000000001,14.203666666666685,0.0036666666666835823,Evaluación
12.8,12.837999999999989,0.03799999999998782,Evaluación
14.4,14.184666666666672,0.21533333333332827,Evaluación
12.8,12.93599999999999,0.13599999999998857,Evaluación
14.200000000000001,13.992000000000017,0.2079999999999842,Evaluación
13.600000000000001,13.434000000000005,0.16599999999999682,Evaluación
13.600000000000001,13.42,0.1800000000000015,Evaluación
13.600000000000001,13.661999999999994,0.061999999999992284,Evaluación
13.8,13.82999999999999,0.029999999999988702,Evaluación
13.4,13.456000000000001,0.05600000000000094,Evaluación
13.200000000000001,13.076000000000013,0.12399999999998812,Evaluación
13.0,13.000000000000002,1.7763568394002505e-15,Evaluación
12.600000000000001,13.016000000000012,0.416000000000011,Evaluación
12.4,12.508000000000004,0.10800000000000409,Evaluación
13.4,13.344000000000012,0.0559999999999885,Evaluación
13.0,12.887999999999995,0.11200000000000543,Evaluación
13.200000000000001,13.088000000000013,0.11199999999998766,Evaluación
13.200000000000001,13.278000000000018,0.07800000000001717,Evaluación
12.8,13.036000000000008,0.23600000000000776,Evaluación
13.4,13.216000000000003,0.1839999999999975,Evaluación
13.4,13.492000000000004,0.09200000000000408,Evaluación
12.200000000000001,12.420000000000009,0.22000000000000774,Evaluación
13.200000000000001,13.198000000000015,0.001999999999986457,Evaluación
13.200000000000001,13.102000000000011,0.0979999999999901,Evaluación
13.4,13.540000000000006,0.1400000000000059,Evaluación
12.8,12.837999999999976,0.03799999999997539,Evaluación
12.8,12.961999999999984,0.16199999999998305,Evaluación
13.4,13.368000000000004,0.031999999999996476,Evaluación
13.600000000000001,13.802666666666667,0.20266666666666566,Evaluación
12.8,12.747999999999992,0.052000000000008484,Evaluación
12.600000000000001,12.725333333333337,0.12533333333333552,Evaluación
13.600000000000001,13.40799999999999,0.19200000000001083,Evaluación
12.8,13.04999999999999,0.24999999999998934,Evaluación
14.0,14.179999999999998,0.17999999999999794,Evaluación
11.8,11.991333333333321,0.19133333333332025,Evaluación
14.200000000000001,14.114000000000017,0.08599999999998431,Evaluación
13.4,13.548000000000004,0.14800000000000324,Evaluación
14.600000000000001,14.383999999999991,0.21600000000000996,Evaluación
13.200000000000001,13.292000000000016,0.09200000000001474,Evaluación
14.600000000000001,14.433299999999997,0.16670000000000407,Evaluación
12.4,12.348000000000003,0.051999999999997826,Evaluación
13.8,13.703999999999978,0.09600000000002318,Evaluación
13.200000000000001,13.081000000000012,0.11899999999998911,Evaluación
13.600000000000001,13.785999999999994,0.18599999999999284,Evaluación
13.0,12.754000000000001,0.24599999999999866,Evaluación
13.4,13.436000000000005,0.03600000000000492,Evaluación
12.8,12.763999999999985,0.036000000000015575,Evaluación
13.4,13.38250000000001,0.01749999999999119,Evaluación
13.200000000000001,13.324000000000012,0.12400000000001121,Evaluación
13.600000000000001,13.397999999999994,0.20200000000000706,Evaluación
13.600000000000001,13.573999999999991,0.02600000000001046,Evaluación
12.8,13.009999999999984,0.2099999999999831,Evaluación
12.600000000000001,12.386,0.2140000000000022,Evaluación
14.4,14.106000000000003,0.29399999999999693,Evaluación
15.0,14.931999999999999,0.06800000000000139,Evaluación
14.200000000000001,14.16200000000002,0.037999999999980716,Evaluación
14.200000000000001,14.20000000000002,1.9539925233402755e-14,Evaluación
13.200000000000001,13.178000000000015,0.02199999999998603,Evaluación
14.200000000000001,14.18399999999999,0.016000000000010672,Evaluación
12.200000000000001,12.14600000000001,0.05399999999999139,Evaluación
13.0,12.717899999999997,0.28210000000000335,Evaluación
12.4,12.372000000000005,0.02799999999999514,Evaluación
13.8,13.825999999999999,0.025999999999998025,Evaluación
13.0,12.895499999999995,0.10450000000000514,Evaluación
13.8,13.657999999999989,0.1420000000000119,Evaluación
13.600000000000001,13.517999999999997,0.08200000000000429,Evaluación
14.4,14.368000000000011,0.03199999999998937,Evaluación
13.600000000000001,13.623999999999993,0.023999999999992028,Evaluación
13.4,13.430000000000007,0.030000000000006466,Evaluación
12.200000000000001,12.304000000000014,0.10400000000001342,Evaluación
12.8,12.946766666666658,0.14676666666665739,Evaluación
14.8,14.76599999999998,0.034000000000020236,Evaluación
12.8,13.031999999999991,0.23199999999999044,Evaluación
12.8,12.348400000000016,0.4515999999999849,Evaluación
12.200000000000001,12.244000000000012,0.04400000000001114,Evaluación
14.4,14.415999999999991,0.015999999999991132,Evaluación
13.600000000000001,13.623999999999993,0.023999999999992028,Evaluación
13.8,13.935999999999986,0.13599999999998502,Evaluación
14.8,14.701999999999982,0.09800000000001852,Evaluación
14.0,14.025999999999996,0.02599999999999625,Evaluación
13.8,13.703999999999983,0.09600000000001785,Evaluación
12.8,12.873999999999983,0.07399999999998208,Evaluación
14.200000000000001,13.703999999999997,0.496000000000004,Evaluación
13.0,12.937999999999997,0.06200000000000294,Evaluación
14.200000000000001,14.134000000000015,0.06599999999998651,Evaluación
14.200000000000001,14.05100000000002,0.14899999999998137,Evaluación
13.200000000000001,12.97400000000002,0.22599999999998133,Evaluación
12.8,12.844000000000001,0.04400000000000048,Evaluación
14.0,14.044,0.04400000000000048,Evaluación
12.200000000000001,12.34200000000001,0.14200000000000834,Evaluación
14.200000000000001,14.322000000000013,0.12200000000001232,Evaluación
13.0,13.056,0.05599999999999916,Evaluación
11.8,12.029999999999989,0.229999999999988,Evaluación
12.600000000000001,12.660666666666662,0.06066666666666087,Evaluación
12.8,12.807999999999986,0.007999999999984908,Evaluación
12.600000000000001,12.655466666666662,0.05546666666666056,Evaluación
14.0,14.017999999999995,0.017999999999995353,Evaluación
14.0,13.921999999999995,0.07800000000000473,Evaluación
14.4,14.347999999999999,0.05200000000000138,Evaluación
13.0,13.050000000000002,0.05000000000000249,Evaluación
14.200000000000001,14.048500000000015,0.1514999999999862,Evaluación
14.0,13.466000000000006,0.5339999999999936,Evaluación
13.200000000000001,13.174000000000019,0.025999999999982037,Evaluación
12.8,12.967999999999986,0.16799999999998505,Evaluación
12.8,13.00599999999998,0.20599999999997998,Evaluación
11.8,11.93999999999999,0.1399999999999899,Evaluación
13.0,12.71,0.28999999999999915,Evaluación
13.200000000000001,13.07400000000002,0.12599999999998168,Evaluación
13.4,13.121999999999998,0.27800000000000225,Evaluación
12.4,12.546000000000001,0.1460000000000008,Evaluación
13.0,13.015999999999998,0.015999999999998238,Evaluación
14.600000000000001,14.471999999999987,0.12800000000001432,Evaluación
14.0,13.87053333333333,0.12946666666666928,Evaluación
13.200000000000001,12.956819047619042,0.24318095238095871,Evaluación
13.0,12.960000000000003,0.03999999999999737,Evaluación
12.8,12.789999999999981,0.010000000000019327,Evaluación
14.0,13.662000000000011,0.33799999999998853,Evaluación
14.200000000000001,14.037857142857144,0.16214285714285737,Evaluación
13.600000000000001,13.807999999999995,0.20799999999999308,Evaluación
12.8,12.793999999999988,0.006000000000012662,Evaluación
13.4,13.414000000000001,0.014000000000001123,Evaluación
13.0,12.703999999999999,0.29600000000000115,Evaluación
12.4,12.205999999999996,0.1940000000000044,Evaluación
13.600000000000001,13.52700000000001,0.07299999999999152,Evaluación
13.200000000000001,13.164000000000017,0.0359999999999836,Evaluación
13.8,13.949999999999983,0.1499999999999826,Evaluación
13.600000000000001,13.553999999999991,0.04600000000001003,Evaluación
14.200000000000001,14.222000000000016,0.022000000000014452,Evaluación
13.600000000000001,13.589999999999993,0.010000000000008669,Evaluación
12.8,12.97799999999999,0.17799999999999017,Evaluación
13.200000000000001,13.384000000000013,0.1840000000000117,Evaluación
14.0,13.971999999999996,0.02800000000000402,Evaluación
12.0,12.324000000000002,0.3240000000000016,Evaluación
13.8,13.71199999999999,0.08800000000000985,Evaluación
13.0,12.53,0.47000000000000064,Evaluación
12.8,12.737999999999992,0.06200000000000827,Evaluación
14.200000000000001,14.16900000000001,0.0309999999999917,Evaluación
13.200000000000001,13.247999999999998,0.04799999999999649,Evaluación
13.200000000000001,13.234000000000021,0.034000000000020236,Evaluación
13.600000000000001,13.835999999999995,0.23599999999999355,Evaluación
12.600000000000001,12.699999999999996,0.09999999999999432,Evaluación
13.200000000000001,13.21800000000002,0.018000000000018446,Evaluación
12.200000000000001,12.442000000000021,0.24200000000002042,Evaluación
14.0,13.736000000000006,0.263999999999994,Evaluación
13.600000000000001,13.450000000000003,0.14999999999999858,Evaluación
13.0,12.892000000000001,0.10799999999999876,Evaluación
13.8,13.809999999999985,0.0099999999999838,Evaluación
13.4,13.330000000000009,0.0699999999999914,Evaluación
12.4,12.494000000000003,0.09400000000000297,Evaluación
12.200000000000001,12.799666666666676,0.5996666666666748,Evaluación
14.0,13.679999999999998,0.32000000000000206,Evaluación
13.0,12.864,0.13599999999999923,Evaluación
13.0,13.063333333333334,0.06333333333333435,Evaluación
13.200000000000001,13.162000000000017,0.03799999999998427,Evaluación
13.200000000000001,13.336000000000013,0.13600000000001167,Evaluación
13.8,13.909999999999982,0.10999999999998167,Evaluación
14.0,13.998,0.002000000000000668,Evaluación
12.600000000000001,12.721999999999998,0.12199999999999633,Evaluación
12.8,12.909999999999986,0.10999999999998522,Evaluación
13.0,13.132,0.13199999999999967,Evaluación
14.200000000000001,14.168666666666674,0.03133333333332722,Evaluación
12.200000000000001,12.21200000000002,0.012000000000018218,Evaluación
13.8,13.837999999999976,0.03799999999997539,Evaluación
13.200000000000001,13.278000000000015,0.07800000000001361,Evaluación
14.4,14.23400000000001,0.1659999999999897,Evaluación
12.0,11.969999999999986,0.03000000000001357,Evaluación
12.4,12.548000000000004,0.14800000000000324,Evaluación
13.200000000000001,13.15200000000002,0.0479999999999805,Evaluación
13.8,13.561999999999996,0.23800000000000487,Evaluación
13.8,13.83799999999998,0.03799999999997894,Evaluación
14.200000000000001,13.88327142857143,0.31672857142857147,Evaluación
14.4,14.099199999999996,0.3008000000000042,Evaluación
13.200000000000001,13.296000000000008,0.09600000000000719,Evaluación
13.200000000000001,13.11,0.09000000000000163,Evaluación
14.0,13.615999999999994,0.38400000000000567,Evaluación
13.4,13.376000000000008,0.023999999999992028,Evaluación
13.0,12.988,0.012000000000000455,Evaluación
12.600000000000001,12.791999999999994,0.19199999999999307,Evaluación
13.600000000000001,13.375999999999994,0.2240000000000073,Evaluación
12.600000000000001,12.934966666666675,0.3349666666666735,Evaluación
12.600000000000001,12.667999999999997,0.06799999999999606,Evaluación
13.600000000000001,13.465999999999994,0.13400000000000745,Evaluación
12.0,12.132000000000003,0.13200000000000323,Evaluación
13.4,13.415000000000004,0.015000000000004121,Evaluación
13.0,13.016000000000002,0.01600000000000179,Evaluación
13.600000000000001,13.697999999999997,0.09799999999999542,Evaluación
12.4,12.636666666666661,0.23666666666666103,Evaluación
13.0,13.012,0.012000000000000455,Evaluación
13.200000000000001,13.24200000000002,0.042000000000019355,Evaluación
13.4,13.162000000000003,0.23799999999999777,Evaluación
12.0,12.318999999999999,0.31899999999999906,Evaluación
14.8,14.484000000000002,0.31599999999999895,Evaluación
12.4,12.637999999999993,0.23799999999999244,Evaluación
12.200000000000001,12.130666666666668,0.0693333333333328,Evaluación
12.600000000000001,12.548000000000002,0.0519999999999996,Evaluación
13.200000000000001,13.716,0.5159999999999982,Evaluación
13.0,12.947999999999995,0.05200000000000493,Evaluación
14.4,14.410000000000007,0.010000000000006892,Evaluación
14.0,14.309999999999993,0.3099999999999934,Evaluación
14.200000000000001,14.09400000000001,0.10599999999999099,Evaluación
12.8,12.791999999999982,0.008000000000018659,Evaluación
14.0,13.912000000000003,0.08799999999999741,Evaluación
13.600000000000001,13.558000000000007,0.041999999999994486,Evaluación
12.200000000000001,12.378000000000007,0.17800000000000615,Evaluación
13.600000000000001,13.390999999999993,0.2090000000000085,Evaluación
12.8,12.851999999999984,0.051999999999983615,Evaluación
12.8,12.844666666666672,0.04466666666667152,Evaluación
14.200000000000001,13.532000000000012,0.6679999999999886,Evaluación
14.4,14.75199999999998,0.351999999999979,Evaluación
13.200000000000001,13.156000000000015,0.04399999999998627,Evaluación
14.8,14.763999999999976,0.03600000000002446,Evaluación
13.0,12.875999999999992,0.12400000000000766,Evaluación
12.8,12.771999999999998,0.028000000000002245,Evaluación
13.8,13.743999999999977,0.05600000000002403,Evaluación
12.4,12.795666666666662,0.3956666666666617,Evaluación
12.4,12.524000000000003,0.12400000000000233,Evaluación
14.4,14.298000000000012,0.10199999999998788,Evaluación
14.600000000000001,14.510666666666657,0.08933333333334481,Evaluación
12.8,12.786666666666655,0.013333333333346076,Evaluación
13.0,12.901999999999992,0.09800000000000786,Evaluación
14.0,13.924000000000003,0.07599999999999696,Evaluación
13.200000000000001,13.056000000000015,0.14399999999998592,Evaluación
14.0,13.956000000000003,0.04399999999999693,Evaluación
12.600000000000001,12.541999999999998,0.05800000000000338,Evaluación
13.8,13.775999999999987,0.024000000000013344,Evaluación
12.8,12.869999999999983,0.06999999999998252,Evaluación
12.600000000000001,12.602999999999994,0.0029999999999930083,Evaluación
13.200000000000001,13.218000000000018,0.01800000000001667,Evaluación
13.600000000000001,13.483999999999995,0.11600000000000676,Evaluación
13.4,13.384000000000006,0.015999999999994685,Evaluación
14.200000000000001,14.208000000000016,0.008000000000015106,Evaluación
13.200000000000001,13.524000000000003,0.3240000000000016,Evaluación
14.4,14.38200000000001,0.017999999999990024,Evaluación
14.0,13.904000000000002,0.09599999999999831,Evaluación
13.8,13.735999999999985,0.06400000000001604,Evaluación
13.200000000000001,13.01,0.19000000000000128,Evaluación
13.8,13.515999999999988,0.28400000000001313,Evaluación
13.0,13.036,0.03599999999999959,Evaluación
15.0,14.866,0.13400000000000034,Evaluación
14.0,14.021333333333336,0.021333333333336313,Evaluación
14.0,13.96733333333333,0.032666666666669286,Evaluación
13.8,13.943999999999994,0.14399999999999302,Evaluación
13.600000000000001,13.483999999999991,0.11600000000001032,Evaluación
14.600000000000001,14.57799999999999,0.0220000000000109,Evaluación
14.8,14.685999999999977,0.11400000000002386,Evaluación
13.200000000000001,13.22000000000002,0.020000000000019114,Evaluación
14.8,14.554000000000004,0.2459999999999969,Evaluación
13.4,13.382000000000007,0.017999999999993577,Evaluación
13.4,13.468,0.06799999999999962,Evaluación
14.0,13.826000000000004,0.17399999999999594,Evaluación
13.4,13.408000000000008,0.008000000000008,Evaluación
14.0,14.04,0.03999999999999915,Evaluación
14.200000000000001,14.046500000000014,0.15349999999998687,Evaluación
12.8,12.550933333333335,0.24906666666666588,Evaluación
13.600000000000001,13.501999999999994,0.09800000000000786,Evaluación
13.600000000000001,14.013600000000006,0.4136000000000042,Evaluación
13.8,13.77883333333332,0.0211666666666801,Evaluación
14.4,14.282000000000012,0.11799999999998789,Evaluación
13.0,13.058000000000002,0.058000000000001606,Evaluación
12.8,13.06199999999999,0.2619999999999898,Evaluación
12.8,12.843999999999989,0.04399999999998805,Evaluación
13.8,13.741999999999988,0.058000000000012264,Evaluación
12.200000000000001,12.021999999999993,0.17800000000000793,Evaluación
13.600000000000001,13.80853333333332,0.20853333333331925,Evaluación
13.200000000000001,13.096000000000018,0.10399999999998322,Evaluación
13.600000000000001,13.603999999999996,0.00399999999999423,Evaluación
14.0,14.089666666666677,0.08966666666667678,Evaluación
12.4,12.296,0.10400000000000098,Evaluación
14.200000000000001,14.265000000000008,0.06500000000000661,Evaluación
12.200000000000001,12.398000000000016,0.1980000000000146,Evaluación
12.8,12.686666666666653,0.1133333333333475,Evaluación
13.0,13.196000000000003,0.19600000000000328,Evaluación
12.600000000000001,12.613999999999994,0.013999999999992241,Evaluación
14.8,14.619999999999981,0.18000000000001926,Evaluación
13.600000000000001,13.599999999999996,5.329070518200751e-15,Evaluación
13.0,12.770000000000003,0.22999999999999687,Evaluación
13.200000000000001,13.542000000000003,0.3420000000000023,Evaluación
13.8,13.876000000000012,0.07600000000001117,Evaluación
13.8,14.012666666666668,0.21266666666666723,Evaluación
14.0,13.669399999999996,0.330600000000004,Evaluación
14.0,13.892000000000001,0.10799999999999876,Evaluación
14.200000000000001,13.99860000000001,0.2013999999999907,Evaluación
14.4,14.406000000000006,0.0060000000000055564,Evaluación
12.200000000000001,12.445333333333348,0.24533333333334717,Evaluación
13.600000000000001,13.702333333333321,0.10233333333331984,Evaluación
14.0,14.057999999999998,0.05799999999999805,Evaluación
12.600000000000001,12.649999999999993,0.04999999999999183,Evaluación
13.600000000000001,13.883799999999997,0.28379999999999583,Evaluación
12.4,12.612000000000009,0.21200000000000863,Evaluación
13.8,13.729999999999977,0.07000000000002338,Evaluación
13.8,13.705999999999985,0.0940000000000154,Evaluación
14.4,14.16000000000001,0.23999999999998956,Evaluación
12.8,12.719999999999981,0.08000000000001961,Evaluación
12.600000000000001,12.653333333333329,0.05333333333332746,Evaluación
14.0,13.941999999999993,0.058000000000006935,Evaluación
13.8,13.823999999999986,0.023999999999984922,Evaluación
12.200000000000001,12.232000000000014,0.03200000000001246,Evaluación
14.0,13.860000000000003,0.13999999999999702,Evaluación
12.8,12.851999999999986,0.05199999999998539,Evaluación
14.600000000000001,14.539999999999985,0.060000000000016485,Evaluación
13.4,13.45600000000001,0.05600000000000982,Evaluación
13.8,13.837999999999987,0.037999999999986045,Evaluación
14.4,14.379000000000008,0.020999999999991914,Evaluación
13.200000000000001,13.120000000000019,0.07999999999998231,Evaluación
14.0,14.12066666666667,0.12066666666667025,Evaluación
14.600000000000001,14.397999999999993,0.20200000000000884,Evaluación
13.600000000000001,13.357999999999993,0.242000000000008,Evaluación
13.200000000000001,13.136000000000015,0.06399999999998585,Evaluación
13.4,13.522000000000013,0.12200000000001232,Evaluación
13.4,13.458000000000013,0.058000000000012264,Evaluación
12.4,12.537300000000005,0.13730000000000508,Evaluación
14.4,14.013600000000006,0.38639999999999475,Evaluación
13.0,13.124000000000006,0.12400000000000588,Evaluación
13.8,13.569999999999988,0.23000000000001286,Evaluación
13.8,14.098400000000005,0.29840000000000444,Evaluación
13.8,13.736499999999984,0.06350000000001721,Evaluación
13.8,13.863999999999981,0.06399999999998052,Evaluación
13.8,14.007999999999988,0.20799999999998775,Evaluación
14.0,14.021999999999997,0.02199999999999669,Evaluación
13.4,13.32200000000001,0.07799999999999052,Evaluación
13.8,13.649999999999984,0.15000000000001634,Evaluación
15.0,14.953999999999997,0.04600000000000293,Evaluación
13.200000000000001,13.22800000000002,0.028000000000018233,Evaluación
12.600000000000001,12.747999999999998,0.14799999999999613,Evaluación
12.8,12.857999999999999,0.05799999999999805,Evaluación
13.200000000000001,13.234000000000014,0.03400000000001313,Evaluación
14.4,14.334000000000012,0.06599999999998829,Evaluación
14.200000000000001,14.16000000000002,0.039999999999981384,Evaluación
14.0,14.128,0.1280000000000001,Evaluación
13.4,13.338000000000001,0.06199999999999939,Evaluación
13.0,12.959199999999996,0.04080000000000439,Evaluación
13.0,12.999999999999998,1.7763568394002505e-15,Evaluación
14.600000000000001,14.533999999999994,0.06600000000000783,Evaluación
13.200000000000001,13.104000000000017,0.0959999999999841,Evaluación
12.4,12.490000000000002,0.09000000000000163,Evaluación
14.200000000000001,14.062000000000017,0.1379999999999839,Evaluación
13.200000000000001,13.170000000000009,0.029999999999992255,Evaluación
13.0,13.330899999999987,0.3308999999999873,Evaluación
15.0,14.823999999999998,0.17600000000000193,Evaluación
14.8,14.4318,0.36819999999999986,Evaluación
13.0,13.076,0.07600000000000051,Evaluación
14.200000000000001,14.220000000000017,0.02000000000001556,Evaluación
13.0,12.936,0.06400000000000006,Evaluación
13.0,13.051999999999989,0.051999999999988944,Evaluación
13.4,13.637466666666676,0.23746666666667515,Evaluación
13.4,13.342000000000017,0.05799999999998384,Evaluación
13.200000000000001,13.045600000000015,0.15439999999998655,Evaluación
13.4,13.292000000000005,0.10799999999999521,Evaluación
13.200000000000001,13.146000000000017,0.05399999999998428,Evaluación
13.0,13.245999999999995,0.2459999999999951,Evaluación
11.8,12.516666666666673,0.7166666666666721,Evaluación
13.8,13.722466666666651,0.07753333333334922,Evaluación
12.600000000000001,12.825999999999992,0.2259999999999902,Evaluación
13.0,13.200999999999999,0.20099999999999874,Evaluación
12.200000000000001,12.156000000000013,0.04399999999998805,Evaluación
13.600000000000001,13.793999999999992,0.19399999999999018,Evaluación
13.0,13.159,0.1590000000000007,Evaluación
12.200000000000001,12.368000000000016,0.16800000000001525,Evaluación
13.8,13.756333333333327,0.04366666666667385,Evaluación
14.4,14.293666666666685,0.10633333333331585,Evaluación
11.8,12.053999999999991,0.2539999999999907,Evaluación
12.600000000000001,12.696,0.09599999999999831,Evaluación
13.8,13.292000000000009,0.507999999999992,Evaluación
13.4,13.516000000000005,0.11600000000000499,Evaluación
14.0,14.195999999999996,0.19599999999999618,Evaluación
13.4,13.475200000000003,0.07520000000000238,Evaluación
13.200000000000001,13.303000000000011,0.10300000000001042,Evaluación
13.600000000000001,13.354,0.24600000000000222,Evaluación
14.200000000000001,14.284000000000017,0.08400000000001562,Evaluación
13.8,13.66199999999998,0.13800000000002122,Evaluación
13.0,12.905999999999995,0.09400000000000475,Evaluación
13.200000000000001,13.197000000000019,0.00299999999998235,Evaluación
13.200000000000001,13.172000000000017,0.027999999999984482,Evaluación
13.4,13.225999999999997,0.17400000000000304,Evaluación
14.8,14.62199999999998,0.17800000000002036,Evaluación
13.200000000000001,13.076000000000006,0.12399999999999523,Evaluación
14.4,14.514000000000005,0.11400000000000432,Evaluación
13.8,13.585999999999986,0.21400000000001462,Evaluación
13.600000000000001,13.847999999999987,0.24799999999998512,Evaluación
14.200000000000001,14.184000000000019,0.01599999999998225,Evaluación
12.200000000000001,12.52799999999999,0.32799999999998875,Evaluación
13.0,12.857999999999986,0.14200000000001367,Evaluación
14.200000000000001,14.082000000000011,0.11799999999998967,Evaluación
11.8,12.061999999999989,0.261999999999988,Evaluación
14.200000000000001,14.05233333333335,0.14766666666665174,Evaluación
14.4,14.424000000000012,0.024000000000011568,Evaluación
14.200000000000001,14.130000000000017,0.0699999999999843,Evaluación
12.200000000000001,12.22800000000002,0.028000000000018233,Evaluación
13.4,13.711000000000011,0.3110000000000106,Evaluación
13.4,13.574000000000003,0.17400000000000304,Evaluación
14.8,14.85399999999998,0.053999999999978954,Evaluación
13.200000000000001,12.800833333333333,0.3991666666666678,Evaluación
12.600000000000001,13.037499999999993,0.4374999999999911,Evaluación
12.600000000000001,12.648000000000007,0.04800000000000537,Evaluación
13.600000000000001,14.024000000000006,0.4240000000000048,Evaluación
13.0,12.927999999999999,0.07200000000000095,Evaluación
13.200000000000001,13.410000000000014,0.2100000000000133,Evaluación
13.4,13.669399999999996,0.26939999999999564,Evaluación
13.4,13.413999999999998,0.01399999999999757,Evaluación
14.0,13.923999999999996,0.07600000000000406,Evaluación
13.0,13.078000000000008,0.07800000000000828,Evaluación
13.600000000000001,13.67799999999999,0.07799999999998875,Evaluación
14.0,14.094000000000005,0.09400000000000475,Evaluación
13.200000000000001,12.945333333333346,0.2546666666666546,Evaluación
13.8,13.647999999999985,0.15200000000001523,Evaluación
13.0,13.1224,0.12240000000000073,Evaluación
13.600000000000001,13.432,0.16800000000000104,Evaluación
13.0,13.054,0.05400000000000027,Evaluación
14.0,13.995999999999997,0.004000000000003112,Evaluación
13.0,13.038000000000002,0.03800000000000203,Evaluación
13.4,13.168000000000005,0.23199999999999577,Evaluación
12.8,12.799999999999981,1.9539925233402755e-14,Evaluación
13.600000000000001,13.53999999999999,0.060000000000011156,Evaluación
14.0,13.801599999999999,0.19840000000000124,Evaluación
12.8,13.015999999999986,0.2159999999999851,Evaluación
13.4,13.303333333333343,0.09666666666665691,Evaluación
13.600000000000001,13.563999999999991,0.036000000000010246,Evaluación
13.4,13.146000000000008,0.25399999999999245,Evaluación
13.200000000000001,13.044666666666679,0.15533333333332244,Evaluación
13.200000000000001,13.124000000000015,0.0759999999999863,Evaluación
13.200000000000001,13.256000000000014,0.05600000000001337,Evaluación
13.4,13.35200000000001,0.04799999999999116,Evaluación
13.8,13.627999999999986,0.1720000000000148,Evaluación
13.0,13.360400000000013,0.3604000000000127,Evaluación
13.600000000000001,13.526000000000002,0.07399999999999984,Evaluación
13.4,13.406000000000004,0.00600000000000378,Evaluación
13.8,13.635999999999989,0.16400000000001214,Evaluación
12.8,12.829999999999982,0.029999999999981597,Evaluación
13.4,13.366000000000012,0.03399999999998826,Evaluación
13.4,13.31400000000001,0.08599999999998964,Evaluación
13.4,13.368000000000006,0.0319999999999947,Evaluación
13.4,13.516000000000012,0.1160000000000121,Evaluación
13.600000000000001,13.585999999999997,0.014000000000004675,Evaluación
13.0,12.843999999999996,0.15600000000000414,Evaluación
14.0,13.959999999999996,0.040000000000004476,Evaluación
13.600000000000001,13.663999999999996,0.06399999999999473,Evaluación
14.4,14.388000000000009,0.011999999999991573,Evaluación
13.4,13.528000000000006,0.12800000000000544,Evaluación
13.200000000000001,13.194000000000008,0.005999999999993122,Evaluación
13.600000000000001,13.933999999999996,0.3339999999999943,Evaluación
12.8,12.991999999999985,0.19199999999998418,Evaluación
15.0,14.751999999999978,0.24800000000002242,Evaluación
13.200000000000001,13.038000000000016,0.16199999999998482,Evaluación
13.4,13.318000000000007,0.08199999999999363,Evaluación
14.200000000000001,14.298000000000018,0.09800000000001674,Evaluación
13.600000000000001,13.747000000000007,0.14700000000000557,Evaluación
13.0,12.989999999999995,0.010000000000005116,Evaluación
13.4,13.440000000000007,0.04000000000000625,Evaluación
13.200000000000001,13.330000000000014,0.13000000000001322,Evaluación
12.0,12.032000000000004,0.03200000000000358,Evaluación
12.8,12.867999999999984,0.06799999999998363,Evaluación
13.8,13.304000000000007,0.49599999999999334,Evaluación
12.8,12.893999999999984,0.09399999999998343,Evaluación
14.4,13.762,0.6379999999999999,Evaluación
12.0,12.246999999999996,0.24699999999999633,Evaluación
13.8,13.74799999999998,0.05200000000002092,Evaluación
12.4,12.476000000000004,0.07600000000000406,Evaluación
14.0,13.752,0.24799999999999933,Evaluación
13.0,13.644000000000004,0.6440000000000037,Evaluación
14.200000000000001,14.220000000000017,0.02000000000001556,Evaluación
13.200000000000001,13.282000000000018,0.08200000000001673,Evaluación
14.8,14.639999999999986,0.16000000000001435,Evaluación
14.0,14.054000000000004,0.05400000000000382,Evaluación
13.8,13.91466666666665,0.11466666666664871,Evaluación
12.8,12.925999999999988,0.125999999999987,Evaluación
13.8,13.861999999999988,0.061999999999986954,Evaluación
13.600000000000001,13.587999999999996,0.012000000000005784,Evaluación
12.600000000000001,12.649999999999999,0.04999999999999716,Evaluación
12.200000000000001,12.326000000000015,0.12600000000001366,Evaluación
12.200000000000001,12.595199999999998,0.39519999999999733,Evaluación
13.0,13.510000000000005,0.5100000000000051,Evaluación
13.0,13.569999999999995,0.569999999999995,Evaluación
13.8,13.849999999999982,0.04999999999998117,Evaluación
13.8,13.665999999999983,0.1340000000000181,Evaluación
13.0,13.1,0.09999999999999964,Evaluación
14.4,14.350000000000014,0.0499999999999865,Evaluación
13.8,13.867999999999986,0.0679999999999854,Evaluación
14.200000000000001,13.674100000000003,0.5258999999999983,Evaluación
13.4,13.430000000000009,0.030000000000008242,Evaluación
14.4,14.488000000000005,0.08800000000000452,Evaluación
14.0,13.707999999999991,0.2920000000000087,Evaluación
13.600000000000001,13.761999999999986,0.16199999999998482,Evaluación
13.200000000000001,12.931666666666683,0.26833333333331844,Evaluación
13.600000000000001,13.636,0.03599999999999781,Evaluación
14.200000000000001,13.716,0.48400000000000176,Evaluación
12.600000000000001,12.942000000000002,0.3420000000000005,Evaluación
14.0,14.441500000000005,0.4415000000000049,Evaluación
13.0,13.118999999999998,0.118999999999998,Evaluación
14.0,13.778000000000002,0.22199999999999775,Evaluación
13.0,12.951999999999991,0.048000000000008924,Evaluación
13.600000000000001,13.419400000000005,0.18059999999999654,Evaluación
13.8,13.69033333333332,0.1096666666666799,Evaluación
13.200000000000001,13.205500000000018,0.00550000000001738,Evaluación
12.4,12.659000000000008,0.25900000000000745,Evaluación
14.0,13.905999999999997,0.09400000000000297,Evaluación
13.0,12.904000000000002,0.09599999999999831,Evaluación
14.200000000000001,14.053200000000002,0.14679999999999893,Evaluación
13.600000000000001,13.596666666666659,0.003333333333342736,Evaluación
13.0,13.162,0.1620000000000008,Evaluación
14.0,14.010000000000005,0.010000000000005116,Evaluación
13.8,13.546000000000006,0.25399999999999423,Evaluación
13.200000000000001,13.120000000000006,0.07999999999999474,Evaluación
13.200000000000001,13.21400000000001,0.014000000000008228,Evaluación
13.4,13.316000000000004,0.08399999999999608,Evaluación
12.600000000000001,12.793999999999999,0.19399999999999729,Evaluación
14.0,14.161333333333346,0.16133333333334576,Evaluación
13.0,13.17,0.16999999999999993,Evaluación
14.0,14.027000000000003,0.0270000000000028,Evaluación
14.8,14.703999999999978,0.09600000000002318,Evaluación
13.8,13.813999999999979,0.01399999999997803,Evaluación
13.600000000000001,13.62133333333332,0.02133333333331855,Evaluación
12.8,12.665999999999997,0.1340000000000039,Evaluación
14.600000000000001,14.527999999999988,0.07200000000001339,Evaluación
13.200000000000001,13.174000000000019,0.025999999999982037,Evaluación
13.0,13.128000000000002,0.1280000000000019,Evaluación
13.200000000000001,13.16400000000001,0.035999999999990706,Evaluación
13.4,13.35600000000001,0.043999999999989825,Evaluación
13.4,13.548000000000009,0.14800000000000857,Evaluación
13.200000000000001,13.192000000000021,0.007999999999979579,Evaluación
13.8,13.707999999999988,0.09200000000001296,Evaluación
13.8,13.56199999999998,0.23800000000002086,Evaluación
13.600000000000001,13.680999999999992,0.08099999999999064,Evaluación
12.8,12.96399999999998,0.16399999999998016,Evaluación
14.0,13.962000000000005,0.03799999999999493,Evaluación
13.4,13.32533333333334,0.07466666666666022,Evaluación
13.600000000000001,13.699999999999994,0.09999999999999254,Evaluación
14.600000000000001,14.425999999999995,0.1740000000000066,Evaluación
13.8,13.540000000000004,0.25999999999999623,Evaluación
12.600000000000001,12.715499999999993,0.11549999999999194,Evaluación
13.600000000000001,13.571999999999996,0.028000000000005798,Evaluación
12.8,13.047999999999984,0.24799999999998334,Evaluación
13.600000000000001,13.609333333333325,0.009333333333323424,Evaluación
13.200000000000001,13.304000000000013,0.10400000000001164,Evaluación
13.0,13.107599999999998,0.10759999999999792,Evaluación
13.8,13.595999999999979,0.20400000000002194,Evaluación
13.8,13.92666666666665,0.12666666666664916,Evaluación
12.8,13.350000000000007,0.550000000000006,Evaluación
14.8,14.617999999999988,0.18200000000001282,Evaluación
12.8,12.879999999999987,0.07999999999998586,Evaluación
12.600000000000001,12.222000000000005,0.37799999999999656,Evaluación
12.8,12.76866666666665,0.03133333333335031,Evaluación
14.200000000000001,14.138000000000018,0.0619999999999834,Evaluación
13.600000000000001,13.701999999999991,0.10199999999998965,Evaluación
14.4,14.161000000000008,0.23899999999999189,Evaluación
13.4,13.34200000000001,0.05799999999999095,Evaluación
12.8,12.937999999999986,0.1379999999999857,Evaluación
14.0,13.906,0.09399999999999942,Evaluación
13.0,12.871599999999995,0.1284000000000045,Evaluación
13.8,13.679999999999989,0.12000000000001165,Evaluación
13.0,13.044000000000004,0.044000000000004036,Evaluación
13.200000000000001,12.889999999999995,0.3100000000000058,Evaluación
13.4,13.316000000000008,0.08399999999999253,Evaluación
13.600000000000001,13.8266,0.2265999999999977,Evaluación
13.0,13.006000000000004,0.00600000000000378,Evaluación
13.600000000000001,13.687999999999997,0.08799999999999564,Evaluación
12.600000000000001,12.533999999999999,0.0660000000000025,Evaluación
14.200000000000001,14.23000000000002,0.0300000000000189,Evaluación
14.200000000000001,14.178000000000015,0.02199999999998603,Evaluación
13.0,12.804000000000006,0.1959999999999944,Evaluación
13.0,13.122000000000005,0.12200000000000522,Evaluación
13.600000000000001,13.662999999999997,0.06299999999999528,Evaluación
13.0,12.789199999999996,0.21080000000000432,Evaluación
13.200000000000001,13.378000000000013,0.17800000000001148,Evaluación
13.8,13.82599999999998,0.025999999999978485,Evaluación
13.0,12.991999999999997,0.008000000000002672,Evaluación
13.0,13.127999999999997,0.12799999999999656,Evaluación
14.0,13.988533333333336,0.011466666666663627,Evaluación
14.0,14.213999999999992,0.21399999999999153,Evaluación
13.4,13.512000000000006,0.11200000000000543,Evaluación
15.0,14.738499999999998,0.2615000000000016,Evaluación
13.0,12.98,0.019999999999999574,Evaluación
13.200000000000001,13.479999999999997,0.2799999999999958,Evaluación
13.4,13.043000000000001,0.3569999999999993,Evaluación
13.4,13.538000000000013,0.13800000000001234,Evaluación
12.4,12.581999999999999,0.1819999999999986,Evaluación
13.200000000000001,13.290000000000015,0.09000000000001407,Evaluación
13.200000000000001,14.037000000000004,0.8370000000000033,Evaluación
12.8,12.879999999999985,0.07999999999998408,Evaluación
12.0,12.231200000000001,0.23120000000000118,Evaluación
14.0,13.913999999999994,0.08600000000000563,Evaluación
14.4,14.268000000000004,0.13199999999999612,Evaluación
13.4,13.392000000000005,0.007999999999995566,Evaluación
13.4,13.374000000000013,0.025999999999987367,Evaluación
14.4,14.282000000000014,0.11799999999998612,Evaluación
12.600000000000001,12.499999999999998,0.1000000000000032,Evaluación
12.0,12.320000000000002,0.32000000000000206,Evaluación
13.0,12.956999999999999,0.04300000000000104,Evaluación
14.4,13.929999999999998,0.4700000000000024,Evaluación
14.0,14.124133333333338,0.12413333333333831,Evaluación
14.200000000000001,14.121200000000018,0.07879999999998333,Evaluación
13.200000000000001,13.288000000000016,0.08800000000001518,Evaluación
14.4,14.40950000000001,0.009500000000009834,Evaluación
14.600000000000001,14.447999999999993,0.15200000000000813,Evaluación
14.200000000000001,14.060000000000018,0.1399999999999828,Evaluación
12.8,12.850299999999995,0.05029999999999468,Evaluación
13.200000000000001,12.817333333333337,0.3826666666666636,Evaluación
13.8,13.709999999999987,0.09000000000001407,Evaluación
13.200000000000001,13.32400000000001,0.12400000000000944,Evaluación
12.600000000000001,13.160000000000004,0.5600000000000023,Evaluación
12.4,12.502000000000004,0.10200000000000387,Evaluación
14.200000000000001,13.868000000000006,0.3319999999999954,Evaluación
13.200000000000001,13.202000000000023,0.002000000000021984,Evaluación
13.600000000000001,13.424666666666665,0.17533333333333623,Evaluación
13.8,13.735999999999988,0.06400000000001249,Evaluación
13.600000000000001,13.535999999999992,0.06400000000000894,Evaluación
12.0,12.082000000000004,0.08200000000000429,Evaluación
12.8,12.82199999999998,0.021999999999978925,Evaluación
14.200000000000001,14.16820000000002,0.031799999999980955,Evaluación
13.8,13.571999999999985,0.22800000000001575,Evaluación
12.0,12.046000000000003,0.04600000000000293,Evaluación
14.0,13.795999999999998,0.2040000000000024,Evaluación
13.200000000000001,13.226000000000017,0.026000000000015788,Evaluación
13.600000000000001,13.481142857142856,0.11885714285714499,Evaluación
13.4,12.964999999999993,0.4350000000000076,Evaluación
14.0,13.580000000000009,0.41999999999999105,Evaluación
13.8,13.85999999999998,0.05999999999997918,Evaluación
15.0,14.705999999999985,0.2940000000000147,Evaluación
13.0,13.039999999999997,0.03999999999999737,Evaluación
13.0,12.942000000000002,0.05799999999999805,Evaluación
13.200000000000001,13.202000000000014,0.0020000000000131024,Evaluación
12.8,12.74399999999999,0.056000000000011596,Evaluación
13.200000000000001,13.474,0.27399999999999913,Evaluación
14.0,13.971999999999998,0.028000000000002245,Evaluación
12.600000000000001,12.658666666666662,0.058666666666660205,Evaluación
13.200000000000001,13.280000000000008,0.08000000000000718,Evaluación
14.200000000000001,14.174000000000024,0.02599999999997671,Evaluación
13.600000000000001,13.819999999999999,0.2199999999999971,Evaluación
13.600000000000001,13.489999999999993,0.11000000000000831,Evaluación
14.200000000000001,14.23400000000002,0.03400000000001846,Evaluación
12.600000000000001,12.731999999999992,0.1319999999999908,Evaluación
12.0,12.218599999999995,0.21859999999999502,Evaluación
14.600000000000001,14.709999999999985,0.10999999999998344,Evaluación
13.600000000000001,13.491999999999994,0.10800000000000765,Evaluación
14.0,13.770166666666658,0.22983333333334244,Evaluación
13.200000000000001,13.246000000000016,0.04600000000001536,Evaluación
14.4,14.34650000000001,0.05349999999999078,Evaluación
14.0,14.038000000000004,0.03800000000000381,Evaluación
13.600000000000001,13.251333333333342,0.34866666666665935,Evaluación
12.0,12.206000000000008,0.2060000000000084,Evaluación
13.600000000000001,13.587999999999992,0.012000000000009337,Evaluación
14.8,14.705999999999987,0.09400000000001363,Evaluación
13.600000000000001,13.54,0.060000000000002274,Evaluación
14.4,14.282000000000009,0.11799999999999145,Evaluación
13.8,13.705999999999996,0.09400000000000475,Evaluación
13.600000000000001,13.451199999999998,0.14880000000000315,Evaluación
14.0,13.975999999999994,0.02400000000000624,Evaluación
13.8,13.799999999999981,1.9539925233402755e-14,Evaluación
12.8,12.775999999999984,0.024000000000016897,Evaluación
13.0,12.981999999999996,0.018000000000004235,Evaluación
13.8,13.597999999999987,0.20200000000001417,Evaluación
13.4,13.424000000000003,0.024000000000002686,Evaluación
13.0,13.006000000000002,0.006000000000002004,Evaluación
14.0,13.913999999999998,0.08600000000000207,Evaluación
13.600000000000001,13.830666666666673,0.23066666666667146,Evaluación
13.0,12.898000000000001,0.10199999999999854,Evaluación
14.8,14.621999999999987,0.17800000000001326,Evaluación
13.0,13.087199999999998,0.0871999999999975,Evaluación
13.0,13.116666666666665,0.11666666666666536,Evaluación
13.600000000000001,13.516399999999997,0.08360000000000412,Evaluación
13.600000000000001,13.677999999999995,0.07799999999999407,Evaluación
14.8,14.371666666666671,0.42833333333332924,Evaluación
14.200000000000001,14.095600000000015,0.10439999999998584,Evaluación
13.4,13.440000000000007,0.04000000000000625,Evaluación
12.8,12.791999999999987,0.00800000000001333,Evaluación
12.200000000000001,12.346000000000014,0.14600000000001323,Evaluación
13.200000000000001,13.280000000000014,0.0800000000000125,Evaluación
12.200000000000001,12.378000000000016,0.17800000000001504,Evaluación
14.600000000000001,14.54999999999999,0.05000000000001137,Evaluación
14.0,14.041600000000006,0.04160000000000608,Evaluación
14.0,14.020000000000003,0.020000000000003126,Evaluación
12.600000000000001,12.497999999999998,0.10200000000000387,Evaluación
13.8,13.649533333333316,0.1504666666666843,Evaluación
14.4,14.292000000000009,0.10799999999999166,Evaluación
13.200000000000001,13.200000000000015,1.4210854715202004e-14,Evaluación
13.600000000000001,13.619999999999983,0.01999999999998181,Evaluación
13.4,13.73,0.33000000000000007,Evaluación
13.0,13.129000000000001,0.12900000000000134,Evaluación
13.600000000000001,13.631999999999989,0.031999999999987594,Evaluación
13.600000000000001,13.468,0.13200000000000145,Evaluación
13.8,13.619999999999981,0.18000000000001926,Evaluación
13.200000000000001,13.175000000000018,0.02499999999998259,Evaluación
12.0,12.154000000000002,0.1540000000000017,Evaluación
13.4,13.274000000000008,0.12599999999999234,Evaluación
13.0,13.016000000000004,0.016000000000003567,Evaluación
12.4,12.729999999999995,0.32999999999999474,Evaluación
13.0,13.159999999999998,0.15999999999999837,Evaluación
13.8,13.839999999999982,0.039999999999981384,Evaluación
14.0,14.042000000000003,0.04200000000000337,Evaluación
14.0,14.236000000000008,0.23600000000000776,Evaluación
12.600000000000001,12.667999999999997,0.06799999999999606,Evaluación
13.8,13.605333333333327,0.19466666666667365,Evaluación
12.8,13.548000000000004,0.7480000000000029,Evaluación
13.8,13.751999999999992,0.048000000000008924,Evaluación
14.0,13.93,0.07000000000000028,Evaluación
12.8,12.963999999999983,0.16399999999998194,Evaluación
14.0,13.984000000000002,0.015999999999998238,Evaluación
12.0,11.985999999999997,0.014000000000002899,Evaluación
13.600000000000001,13.521999999999993,0.07800000000000828,Evaluación
12.200000000000001,12.378000000000016,0.17800000000001504,Evaluación
13.600000000000001,13.479999999999995,0.12000000000000632,Evaluación
12.200000000000001,12.232000000000017,0.032000000000016016,Evaluación
12.8,12.927999999999988,0.12799999999998768,Evaluación
13.200000000000001,13.591999999999993,0.39199999999999235,Evaluación
14.0,13.719819047619046,0.2801809523809542,Evaluación
13.0,13.094000000000005,0.09400000000000475,Evaluación
14.8,14.78199999999998,0.018000000000020222,Evaluación
13.200000000000001,13.132000000000014,0.06799999999998718,Evaluación
13.0,13.052,0.0519999999999996,Evaluación
13.8,13.774999999999988,0.02500000000001279,Evaluación
13.8,13.512000000000006,0.2879999999999949,Evaluación
13.8,13.887999999999987,0.08799999999998676,Evaluación
13.200000000000001,13.20200000000002,0.0020000000000184315,Evaluación
12.600000000000001,12.675999999999997,0.07599999999999518,Evaluación
13.8,13.907999999999983,0.10799999999998278,Evaluación
13.0,13.213999999999999,0.21399999999999864,Evaluación
13.4,13.434000000000005,0.03400000000000425,Evaluación
13.200000000000001,13.428666666666684,0.22866666666668323,Evaluación
13.4,13.430000000000009,0.030000000000008242,Evaluación
13.0,13.308666666666667,0.3086666666666673,Evaluación
13.8,13.683999999999983,0.11600000000001742,Evaluación
13.0,13.085999999999999,0.08599999999999852,Evaluación
13.4,13.214,0.18599999999999994,Evaluación
13.200000000000001,13.180000000000017,0.019999999999983586,Evaluación
12.8,12.831999999999985,0.03199999999998404,Evaluación
14.0,14.012666666666673,0.012666666666673265,Evaluación
13.0,13.122,0.12199999999999989,Evaluación
13.0,12.891999999999998,0.10800000000000232,Evaluación
12.8,13.025999999999984,0.2259999999999831,Evaluación
12.8,12.803999999999983,0.003999999999981796,Evaluación
12.200000000000001,12.200000000000019,1.7763568394002505e-14,Evaluación
13.0,13.065999999999999,0.06599999999999895,Evaluación
13.600000000000001,13.613999999999985,0.013999999999983359,Evaluación
14.0,14.050000000000002,0.05000000000000249,Evaluación
14.8,14.609999999999983,0.19000000000001727,Evaluación
12.0,12.166000000000004,0.16600000000000392,Evaluación
14.200000000000001,13.90800000000002,0.2919999999999803,Evaluación
14.0,14.067999999999994,0.06799999999999429,Evaluación
13.4,13.35800000000001,0.041999999999990933,Evaluación
12.8,12.70499999999999,0.0950000000000113,Evaluación
13.4,13.626000000000007,0.2260000000000062,Evaluación
13.0,13.19,0.1899999999999995,Evaluación
13.200000000000001,13.099000000000013,0.10099999999998843,Evaluación
14.4,14.35600000000001,0.043999999999989825,Evaluación
13.8,13.468600000000002,0.3313999999999986,Evaluación
13.0,13.040000000000004,0.040000000000004476,Evaluación
14.200000000000001,13.721999999999985,0.47800000000001575,Evaluación
14.4,14.430000000000001,0.030000000000001137,Evaluación
14.0,14.096000000000004,0.09600000000000364,Evaluación
12.600000000000001,12.799333333333324,0.19933333333332293,Evaluación
13.200000000000001,13.148000000000017,0.051999999999983615,Evaluación
13.4,13.471999999999994,0.07199999999999385,Evaluación
13.4,13.330000000000009,0.0699999999999914,Evaluación
12.4,12.476000000000008,0.07600000000000762,Evaluación
14.4,14.26400000000001,0.13599999999999035,Evaluación
13.8,13.597999999999983,0.20200000000001772,Evaluación
12.200000000000001,12.206000000000016,0.006000000000014438,Evaluación
13.4,13.484000000000007,0.08400000000000674,Evaluación
13.200000000000001,13.300000000000004,0.1000000000000032,Evaluación
13.600000000000001,13.399499999999996,0.20050000000000523,Evaluación
12.4,12.440000000000003,0.0400000000000027,Evaluación
12.600000000000001,12.570000000000002,0.02999999999999936,Evaluación
14.0,14.014,0.013999999999999346,Evaluación
13.600000000000001,13.695999999999994,0.09599999999999298,Evaluación
14.200000000000001,14.116000000000017,0.08399999999998364,Evaluación
13.0,13.001999999999995,0.001999999999995339,Evaluación
11.8,11.86599999999998,0.06599999999997941,Evaluación
12.8,12.637999999999993,0.16200000000000792,Evaluación
13.4,13.250500000000004,0.1494999999999962,Evaluación
13.600000000000001,13.56799999999999,0.03200000000001069,Evaluación
14.0,13.976000000000004,0.02399999999999558,Evaluación
13.600000000000001,13.551999999999994,0.04800000000000715,Evaluación
13.0,12.962000000000003,0.0379999999999967,Evaluación
14.0,14.090000000000016,0.09000000000001585,Evaluación
13.4,13.350000000000009,0.04999999999999183,Evaluación
13.8,13.936399999999985,0.1363999999999841,Evaluación
13.600000000000001,13.467999999999995,0.13200000000000678,Evaluación
14.4,14.248000000000014,0.1519999999999868,Evaluación
14.200000000000001,14.229000000000015,0.029000000000014126,Evaluación
15.0,14.885999999999994,0.1140000000000061,Evaluación
14.0,14.090000000000002,0.09000000000000163,Evaluación
13.200000000000001,13.162000000000017,0.03799999999998427,Evaluación
13.4,13.362000000000013,0.03799999999998782,Evaluación
14.0,13.808000000000007,0.19199999999999307,Evaluación
14.200000000000001,13.693733333333336,0.5062666666666651,Evaluación
12.8,12.698100000000002,0.10189999999999877,Evaluación
13.0,13.074500000000002,0.07450000000000223,Evaluación
12.8,12.849999999999989,0.049999999999988276,Evaluación
12.4,12.494000000000002,0.0940000000000012,Evaluación
12.8,12.741999999999987,0.05800000000001404,Evaluación
13.200000000000001,13.249000000000018,0.04900000000001725,Evaluación
12.8,12.707999999999986,0.09200000000001474,Evaluación
14.200000000000001,14.104000000000017,0.0959999999999841,Evaluación
13.600000000000001,13.403999999999995,0.19600000000000684,Evaluación
14.0,13.866000000000001,0.13399999999999856,Evaluación
13.200000000000001,13.22000000000002,0.020000000000019114,Evaluación
14.200000000000001,14.126,0.07400000000000162,Evaluación
13.600000000000001,13.56399999999999,0.03600000000001202,Evaluación
13.200000000000001,13.274000000000019,0.07400000000001761,Evaluación
13.200000000000001,13.122000000000016,0.07799999999998519,Evaluación
13.0,13.13800000000001,0.13800000000001056,Evaluación
12.8,12.736999999999984,0.0630000000000166,Evaluación
13.4,13.548000000000002,0.14800000000000146,Evaluación
13.0,12.770599999999991,0.22940000000000893,Evaluación
13.8,13.72399999999998,0.07600000000002005,Evaluación
13.8,13.677999999999997,0.12200000000000344,Evaluación
13.8,13.679999999999984,0.12000000000001698,Evaluación
13.600000000000001,13.651999999999989,0.05199999999998717,Evaluación
13.4,13.336000000000002,0.06399999999999828,Evaluación
13.600000000000001,13.63199999999999,0.03199999999998937,Evaluación
13.0,13.217999999999996,0.21799999999999642,Evaluación
13.8,13.436000000000002,0.363999999999999,Evaluación
14.600000000000001,14.359999999999989,0.24000000000001265,Evaluación
13.8,13.607999999999986,0.19200000000001438,Evaluación
13.600000000000001,13.619999999999994,0.019999999999992468,Evaluación
14.0,13.722666666666663,0.27733333333333654,Evaluación
12.8,12.853999999999985,0.05399999999998428,Evaluación
14.600000000000001,14.773999999999987,0.17399999999998528,Evaluación
12.8,12.751999999999988,0.04800000000001248,Evaluación
13.0,12.987000000000002,0.012999999999998124,Evaluación
13.8,13.933999999999987,0.13399999999998613,Evaluación
12.4,12.594000000000003,0.19400000000000261,Evaluación
12.8,13.061499999999997,0.2614999999999963,Evaluación
12.8,13.095999999999986,0.29599999999998516,Evaluación
13.4,13.22200000000001,0.17799999999999017,Evaluación
13.8,13.899999999999984,0.09999999999998366,Evaluación
13.4,13.33200000000001,0.06799999999999073,Evaluación
13.0,13.002000000000002,0.0020000000000024443,Evaluación
12.600000000000001,12.58666666666666,0.013333333333340747,Evaluación
13.200000000000001,13.32800000000002,0.12800000000001965,Evaluación
14.0,13.901999999999997,0.09800000000000253,Evaluación
14.0,14.040000000000003,0.0400000000000027,Evaluación
13.4,13.300666666666677,0.09933333333332328,Evaluación
13.0,13.146,0.1460000000000008,Evaluación
14.0,14.050000000000006,0.05000000000000604,Evaluación
13.200000000000001,13.18600000000002,0.013999999999981583,Evaluación
13.200000000000001,13.104000000000015,0.09599999999998587,Evaluación
14.4,14.251999999999999,0.14800000000000146,Evaluación
12.8,12.799999999999985,1.5987211554602254e-14,Evaluación
14.0,13.772,0.22799999999999976,Evaluación
14.200000000000001,14.209999999999996,0.009999999999994458,Evaluación
13.200000000000001,13.39000000000002,0.19000000000001904,Evaluación
14.0,13.897999999999998,0.10200000000000209,Evaluación
12.8,12.920000000000002,0.120000000000001,Evaluación
14.0,14.144,0.14400000000000013,Evaluación
13.4,13.57000000000001,0.1700000000000088,Evaluación
13.0,13.18800000000001,0.1880000000000095,Evaluación
13.600000000000001,13.307266666666681,0.2927333333333202,Evaluación
13.8,13.483999999999998,0.3160000000000025,Evaluación
13.600000000000001,13.613999999999992,0.013999999999990465,Evaluación
13.600000000000001,13.467999999999995,0.13200000000000678,Evaluación
12.8,12.719999999999985,0.08000000000001606,Evaluación
