13.200000000000001,13.250000000000005,0.05000000000000426,Prueba
13.4,13.304,0.09600000000000009,Prueba
12.8,12.665999999999997,0.1340000000000039,Prueba
13.4,13.471999999999994,0.07199999999999385,Prueba
14.4,14.191166666666675,0.20883333333332565,Prueba
13.600000000000001,13.683000000000003,0.08300000000000196,Prueba
14.200000000000001,14.721999999999985,0.5219999999999843,Prueba
13.200000000000001,13.123333333333326,0.0766666666666751,Prueba
13.200000000000001,13.090000000000007,0.1099999999999941,Prueba
12.8,13.187500000000016,0.3875000000000153,Prueba
14.8,14.581999999999999,0.21800000000000175,Prueba
13.4,13.009999999999996,0.3900000000000041,Prueba
12.4,13.303200000000002,0.9032000000000018,Prueba
14.4,13.658000000000008,0.741999999999992,Prueba
14.0,13.432,0.5679999999999996,Prueba
13.600000000000001,13.586666666666666,0.013333333333335418,Prueba
14.0,14.386000000000015,0.3860000000000152,Prueba
13.8,13.366000000000001,0.4339999999999993,Prueba
12.4,12.324000000000005,0.07599999999999518,Prueba
14.0,14.268000000000002,0.26800000000000246,Prueba
14.4,13.824666666666653,0.5753333333333472,Prueba
13.8,13.954533333333336,0.15453333333333497,Prueba
14.0,13.644666666666652,0.3553333333333484,Prueba
13.4,13.049999999999994,0.35000000000000675,Prueba
13.600000000000001,13.671499999999996,0.07149999999999501,Prueba
13.4,13.73,0.33000000000000007,Prueba
13.8,13.540000000000004,0.25999999999999623,Prueba
14.0,13.634,0.36599999999999966,Prueba
14.4,14.211999999999996,0.18800000000000416,Prueba
14.0,13.795999999999998,0.2040000000000024,Prueba
13.8,13.517999999999995,0.28200000000000536,Prueba
14.0,14.027999999999997,0.027999999999996916,Prueba
13.4,14.027999999999997,0.6279999999999966,Prueba
13.4,13.220999999999998,0.17900000000000205,Prueba
13.600000000000001,13.417,0.1830000000000016,Prueba
13.600000000000001,13.41247619047619,0.1875238095238121,Prueba
12.8,12.527999999999993,0.27200000000000735,Prueba
13.8,13.923457142857142,0.12345714285714138,Prueba
12.8,12.738000000000005,0.061999999999995836,Prueba
13.4,13.552000000000003,0.1520000000000028,Prueba
13.600000000000001,13.491999999999994,0.10800000000000765,Prueba
13.0,12.93,0.07000000000000028,Prueba
13.8,13.860000000000007,0.060000000000005826,Prueba
13.200000000000001,13.319000000000008,0.11900000000000688,Prueba
13.600000000000001,13.376000000000003,0.22399999999999842,Prueba
13.600000000000001,13.60199999999999,0.0019999999999882334,Prueba
14.0,13.77399999999998,0.2260000000000204,Prueba
14.0,13.76599999999999,0.23400000000001064,Prueba
13.8,13.525999999999996,0.27400000000000446,Prueba
13.600000000000001,13.643466666666669,0.04346666666666721,Prueba
12.600000000000001,12.204000000000002,0.395999999999999,Prueba
13.600000000000001,14.322000000000005,0.7220000000000031,Prueba
13.600000000000001,13.406000000000006,0.1939999999999955,Prueba
14.4,14.198000000000004,0.2019999999999964,Prueba
13.4,13.097999999999999,0.3020000000000014,Prueba
13.4,13.330666666666664,0.06933333333333636,Prueba
14.0,13.500133333333332,0.49986666666666757,Prueba
12.600000000000001,12.914000000000005,0.3140000000000036,Prueba
12.200000000000001,12.649999999999988,0.44999999999998685,Prueba
12.4,13.026999999999994,0.6269999999999936,Prueba
15.0,14.443333333333337,0.5566666666666631,Prueba
13.8,13.137999999999993,0.6620000000000079,Prueba
13.8,14.24433333333334,0.4443333333333399,Prueba
14.4,14.415999999999991,0.015999999999991132,Prueba
14.4,14.549999999999994,0.14999999999999325,Prueba
14.0,13.876000000000001,0.12399999999999878,Prueba
13.0,12.664000000000001,0.3359999999999985,Prueba
12.8,13.093333333333332,0.2933333333333312,Prueba
13.200000000000001,12.887999999999998,0.31200000000000294,Prueba
14.200000000000001,14.278000000000002,0.07800000000000118,Prueba
14.0,14.060000000000002,0.060000000000002274,Prueba
13.600000000000001,13.282000000000007,0.3179999999999943,Prueba
13.4,13.641999999999987,0.24199999999998667,Prueba
13.600000000000001,13.336000000000018,0.26399999999998336,Prueba
13.200000000000001,13.388000000000003,0.1880000000000024,Prueba
12.4,12.564000000000004,0.16400000000000325,Prueba
13.600000000000001,13.676333333333321,0.07633333333332004,Prueba
13.200000000000001,13.804999999999996,0.6049999999999951,Prueba
13.200000000000001,13.43,0.22999999999999865,Prueba
13.0,13.024,0.023999999999999133,Prueba
13.200000000000001,13.307833333333347,0.1078333333333461,Prueba
14.200000000000001,13.980000000000002,0.21999999999999886,Prueba
13.4,13.846666666666653,0.446666666666653,Prueba
14.0,14.163666666666664,0.16366666666666418,Prueba
12.600000000000001,12.79106666666666,0.19106666666665895,Prueba
13.200000000000001,13.542000000000003,0.3420000000000023,Prueba
13.600000000000001,13.34200000000001,0.257999999999992,Prueba
13.600000000000001,13.605999999999995,0.005999999999993122,Prueba
13.0,12.823600000000004,0.17639999999999567,Prueba
13.0,13.144000000000004,0.14400000000000368,Prueba
13.8,13.972428571428573,0.17242857142857204,Prueba
12.4,12.584666666666665,0.18466666666666498,Prueba
13.8,14.150000000000004,0.3500000000000032,Prueba
12.4,12.314,0.0860000000000003,Prueba
12.600000000000001,12.316,0.2840000000000007,Prueba
13.0,13.159,0.1590000000000007,Prueba
13.200000000000001,13.247999999999998,0.04799999999999649,Prueba
15.0,14.601999999999991,0.39800000000000857,Prueba
13.0,12.916000000000004,0.08399999999999608,Prueba
13.200000000000001,13.591999999999993,0.39199999999999235,Prueba
12.0,12.206000000000008,0.2060000000000084,Prueba
13.200000000000001,13.574000000000005,0.3740000000000041,Prueba
13.0,12.495000000000012,0.5049999999999883,Prueba
13.4,13.654000000000002,0.25400000000000134,Prueba
13.4,13.652000000000001,0.25200000000000067,Prueba
12.8,13.53933333333333,0.7393333333333292,Prueba
13.200000000000001,13.533999999999994,0.3339999999999925,Prueba
13.0,12.680000000000001,0.3199999999999985,Prueba
13.8,13.789999999999997,0.01000000000000334,Prueba
13.0,12.623999999999999,0.3760000000000012,Prueba
13.600000000000001,13.571999999999996,0.028000000000005798,Prueba
13.0,13.633999999999993,0.6339999999999932,Prueba
12.8,13.135999999999994,0.3359999999999932,Prueba
14.8,14.307999999999998,0.49200000000000266,Prueba
13.8,13.412000000000008,0.3879999999999928,Prueba
13.200000000000001,13.432000000000006,0.23200000000000465,Prueba
13.0,13.066499999999998,0.06649999999999778,Prueba
13.600000000000001,13.87099999999999,0.27099999999998836,Prueba
14.4,14.2906,0.10940000000000083,Prueba
12.8,12.645999999999999,0.1540000000000017,Prueba
13.600000000000001,13.833999999999987,0.23399999999998577,Prueba
14.4,14.10066666666668,0.2993333333333208,Prueba
12.0,12.634,0.6340000000000003,Prueba
13.0,13.155333333333326,0.155333333333326,Prueba
14.0,14.138000000000007,0.138000000000007,Prueba
13.4,13.492000000000003,0.0920000000000023,Prueba
14.200000000000001,13.798333333333323,0.40166666666667794,Prueba
12.600000000000001,13.05216666666666,0.45216666666665795,Prueba
13.600000000000001,13.086000000000022,0.5139999999999798,Prueba
13.200000000000001,12.865999999999996,0.33400000000000496,Prueba
13.600000000000001,13.458000000000013,0.1419999999999888,Prueba
12.600000000000001,12.102000000000002,0.49799999999999933,Prueba
13.4,13.516000000000005,0.11600000000000499,Prueba
13.200000000000001,13.318,0.11799999999999855,Prueba
13.4,13.217666666666672,0.1823333333333288,Prueba
13.200000000000001,13.01,0.19000000000000128,Prueba
13.200000000000001,13.284000000000006,0.08400000000000496,Prueba
13.600000000000001,13.267999999999995,0.33200000000000607,Prueba
12.8,13.497999999999998,0.6979999999999968,Prueba
14.200000000000001,14.422000000000008,0.22200000000000664,Prueba
13.0,13.118000000000006,0.11800000000000566,Prueba
13.8,13.54000000000001,0.2599999999999909,Prueba
13.200000000000001,12.703999999999994,0.49600000000000755,Prueba
13.8,14.206999999999999,0.40699999999999825,Prueba
13.600000000000001,13.438000000000015,0.1619999999999866,Prueba
12.4,12.757000000000005,0.35700000000000465,Prueba
13.8,13.483999999999998,0.3160000000000025,Prueba
12.200000000000001,12.603999999999992,0.40399999999999103,Prueba
13.0,13.184000000000001,0.18400000000000105,Prueba
12.600000000000001,12.647000000000007,0.047000000000005926,Prueba
13.600000000000001,13.59199999999999,0.008000000000011553,Prueba
13.0,12.632666666666669,0.36733333333333107,Prueba
13.8,13.546000000000001,0.25399999999999956,Prueba
14.0,13.786,0.2140000000000004,Prueba
13.0,13.510000000000005,0.5100000000000051,Prueba
13.4,13.57928571428571,0.17928571428570983,Prueba
13.200000000000001,12.904000000000002,0.2959999999999994,Prueba
14.8,14.69199999999999,0.1080000000000112,Prueba
13.8,13.725999999999994,0.07400000000000695,Prueba
13.8,13.54999999999999,0.25000000000001066,Prueba
12.8,13.078333333333342,0.2783333333333413,Prueba
12.8,12.471000000000004,0.3289999999999971,Prueba
12.8,13.267333333333342,0.46733333333334137,Prueba
14.0,14.067999999999994,0.06799999999999429,Prueba
12.8,13.548000000000004,0.7480000000000029,Prueba
13.200000000000001,13.110000000000005,0.0899999999999963,Prueba
13.0,13.473999999999995,0.47399999999999487,Prueba
14.200000000000001,14.075833333333344,0.12416666666665677,Prueba
13.600000000000001,13.78199999999999,0.18199999999998795,Prueba
13.600000000000001,13.6098,0.009799999999998477,Prueba
13.0,13.086000000000006,0.08600000000000563,Prueba
14.8,14.80199999999999,0.0019999999999900098,Prueba
13.600000000000001,13.273999999999994,0.3260000000000076,Prueba
13.4,13.895999999999999,0.49599999999999866,Prueba
14.600000000000001,14.320000000000002,0.27999999999999936,Prueba
13.4,13.205400000000006,0.1945999999999941,Prueba
13.8,13.66799999999999,0.13200000000001033,Prueba
14.200000000000001,14.053200000000002,0.14679999999999893,Prueba
14.200000000000001,13.984000000000012,0.21599999999998865,Prueba
13.4,13.101999999999991,0.2980000000000089,Prueba
14.200000000000001,14.29600000000001,0.09600000000000897,Prueba
14.8,14.539999999999997,0.26000000000000334,Prueba
12.600000000000001,12.82333333333333,0.22333333333332916,Prueba
14.4,14.055833333333341,0.3441666666666592,Prueba
12.8,13.290000000000004,0.49000000000000377,Prueba
13.600000000000001,14.03950000000001,0.4395000000000078,Prueba
13.4,12.900000000000013,0.49999999999998757,Prueba
13.600000000000001,12.493999999999998,1.1060000000000034,Prueba
13.8,13.952999999999998,0.15299999999999692,Prueba
13.200000000000001,12.782,0.41800000000000104,Prueba
13.8,14.070500000000008,0.2705000000000073,Prueba
12.4,12.220000000000004,0.17999999999999616,Prueba
13.0,12.898000000000001,0.10199999999999854,Prueba
13.8,13.813999999999995,0.013999999999994017,Prueba
13.8,13.917666666666664,0.11766666666666303,Prueba
14.8,14.371666666666671,0.42833333333332924,Prueba
13.600000000000001,13.504000000000003,0.09599999999999831,Prueba
13.200000000000001,13.300133333333335,0.10013333333333385,Prueba
12.200000000000001,12.799666666666676,0.5996666666666748,Prueba
13.4,13.70600000000001,0.3060000000000098,Prueba
13.4,12.953999999999999,0.4460000000000015,Prueba
13.0,13.725999999999988,0.7259999999999884,Prueba
13.200000000000001,13.044000000000004,0.15599999999999703,Prueba
13.4,13.817999999999994,0.41799999999999393,Prueba
12.600000000000001,12.725333333333337,0.12533333333333552,Prueba
12.600000000000001,12.416000000000004,0.1839999999999975,Prueba
12.600000000000001,13.040600000000001,0.4405999999999999,Prueba
13.600000000000001,13.378000000000004,0.22199999999999775,Prueba
13.8,13.838999999999992,0.03899999999999082,Prueba
13.4,13.743999999999987,0.343999999999987,Prueba
13.4,13.091466666666667,0.3085333333333331,Prueba
13.600000000000001,13.765999999999993,0.1659999999999915,Prueba
13.600000000000001,13.828000000000008,0.22800000000000686,Prueba
13.600000000000001,13.677999999999999,0.07799999999999763,Prueba
12.600000000000001,12.153999999999996,0.44600000000000506,Prueba
14.0,13.941000000000006,0.058999999999993946,Prueba
14.200000000000001,13.917999999999997,0.2820000000000036,Prueba
12.200000000000001,12.849333333333323,0.6493333333333222,Prueba
13.600000000000001,13.609333333333325,0.009333333333323424,Prueba
13.0,12.829999999999998,0.1700000000000017,Prueba
12.0,12.388,0.3879999999999999,Prueba
13.8,13.64680000000001,0.15319999999999112,Prueba
13.200000000000001,13.460000000000003,0.26000000000000156,Prueba
12.0,12.42200000000001,0.4220000000000095,Prueba
13.4,13.72733333333333,0.32733333333333015,Prueba
13.4,12.991700000000003,0.408299999999997,Prueba
13.0,12.901999999999992,0.09800000000000786,Prueba
15.0,14.505666666666663,0.49433333333333707,Prueba
14.200000000000001,13.801999999999996,0.398000000000005,Prueba
14.8,14.484000000000002,0.31599999999999895,Prueba
14.200000000000001,14.193999999999996,0.0060000000000055564,Prueba
14.4,13.996800000000016,0.403199999999984,Prueba
12.8,12.930000000000001,0.13000000000000078,Prueba
12.600000000000001,12.426000000000005,0.17399999999999594,Prueba
13.600000000000001,13.482000000000003,0.11799999999999855,Prueba
12.8,12.931999999999992,0.1319999999999908,Prueba
13.200000000000001,13.45933333333334,0.2593333333333394,Prueba
14.4,14.003999999999998,0.39600000000000257,Prueba
12.8,12.866000000000012,0.06600000000001138,Prueba
13.8,13.505999999999995,0.2940000000000058,Prueba
13.600000000000001,13.184000000000015,0.41599999999998616,Prueba
13.4,13.38400000000001,0.015999999999991132,Prueba
13.0,13.312600000000005,0.3126000000000051,Prueba
13.0,13.308666666666667,0.3086666666666673,Prueba
14.0,14.182000000000011,0.18200000000001104,Prueba
14.200000000000001,13.925333333333333,0.2746666666666684,Prueba
13.0,12.736999999999984,0.2630000000000159,Prueba
12.8,13.091999999999999,0.29199999999999804,Prueba
14.4,14.106000000000003,0.29399999999999693,Prueba
14.600000000000001,14.384666666666673,0.21533333333332827,Prueba
12.8,12.348400000000016,0.4515999999999849,Prueba
13.0,12.961999999999998,0.03800000000000203,Prueba
13.600000000000001,13.706,0.1059999999999981,Prueba
13.0,13.12600000000001,0.1260000000000101,Prueba
13.600000000000001,13.859999999999987,0.2599999999999856,Prueba
12.600000000000001,12.632000000000003,0.032000000000001805,Prueba
12.4,12.657999999999998,0.25799999999999734,Prueba
13.600000000000001,13.725199999999997,0.12519999999999598,Prueba
14.4,14.74399999999998,0.3439999999999799,Prueba
14.200000000000001,13.57,0.6300000000000008,Prueba
13.200000000000001,13.380000000000006,0.18000000000000504,Prueba
13.0,12.722000000000001,0.2779999999999987,Prueba
12.4,12.074000000000005,0.3259999999999952,Prueba
13.600000000000001,13.214,0.386000000000001,Prueba
13.200000000000001,13.42600000000001,0.22600000000000975,Prueba
13.4,13.829999999999998,0.42999999999999794,Prueba
13.4,13.022000000000006,0.3779999999999948,Prueba
13.600000000000001,13.559333333333328,0.040666666666673734,Prueba
12.8,12.857999999999999,0.05799999999999805,Prueba
14.200000000000001,14.170000000000005,0.029999999999995808,Prueba
14.0,13.778000000000006,0.2219999999999942,Prueba
13.0,12.892000000000005,0.10799999999999521,Prueba
13.200000000000001,12.836333333333327,0.36366666666667413,Prueba
13.200000000000001,13.488000000000005,0.2880000000000038,Prueba
12.600000000000001,12.563999999999998,0.03600000000000314,Prueba
13.4,13.870000000000013,0.4700000000000131,Prueba
13.0,13.236000000000004,0.2360000000000042,Prueba
13.4,13.577999999999998,0.17799999999999727,Prueba
13.200000000000001,12.9026,0.29740000000000144,Prueba
14.4,14.272000000000016,0.12799999999998413,Prueba
13.4,13.232000000000017,0.16799999999998327,Prueba
13.4,13.641999999999994,0.24199999999999378,Prueba
13.200000000000001,13.170000000000002,0.02999999999999936,Prueba
14.4,14.376000000000008,0.023999999999992028,Prueba
13.200000000000001,13.456000000000003,0.256000000000002,Prueba
13.600000000000001,13.711666666666666,0.11166666666666458,Prueba
13.0,13.275999999999994,0.27599999999999447,Prueba
13.8,13.876000000000012,0.07600000000001117,Prueba
13.4,13.338000000000006,0.06199999999999406,Prueba
13.4,13.952,0.5519999999999996,Prueba
13.600000000000001,13.896,0.2959999999999994,Prueba
12.4,12.192000000000013,0.20799999999998775,Prueba
13.600000000000001,13.254000000000017,0.3459999999999841,Prueba
13.200000000000001,13.118,0.08200000000000074,Prueba
12.0,12.229999999999997,0.22999999999999687,Prueba
13.200000000000001,12.560000000000002,0.6399999999999988,Prueba
13.8,13.967999999999996,0.1679999999999957,Prueba
14.200000000000001,14.523999999999987,0.32399999999998563,Prueba
14.0,13.535999999999996,0.46400000000000396,Prueba
12.0,12.315999999999992,0.31599999999999184,Prueba
14.200000000000001,13.532000000000012,0.6679999999999886,Prueba
13.200000000000001,13.663999999999987,0.4639999999999862,Prueba
13.200000000000001,13.627000000000002,0.4270000000000014,Prueba
14.4,14.132,0.2680000000000007,Prueba
14.8,14.4318,0.36819999999999986,Prueba
14.0,13.802499999999991,0.19750000000000867,Prueba
14.200000000000001,13.740666666666655,0.4593333333333458,Prueba
13.0,12.636666666666661,0.3633333333333386,Prueba
13.200000000000001,13.248000000000012,0.0480000000000107,Prueba
14.0,13.97699999999999,0.023000000000010346,Prueba
13.0,12.914000000000001,0.08599999999999852,Prueba
13.0,12.503000000000009,0.496999999999991,Prueba
12.8,13.046000000000006,0.24600000000000577,Prueba
12.600000000000001,12.710000000000003,0.11000000000000121,Prueba
13.0,13.252,0.25200000000000067,Prueba
12.8,13.184000000000008,0.38400000000000745,Prueba
13.0,12.53,0.47000000000000064,Prueba
14.600000000000001,14.487999999999994,0.1120000000000072,Prueba
12.0,12.076,0.07600000000000051,Prueba
12.8,13.119833333333336,0.3198333333333352,Prueba
13.4,13.545999999999994,0.1459999999999937,Prueba
13.600000000000001,14.008999999999991,0.40899999999999004,Prueba
14.0,14.424666666666658,0.4246666666666581,Prueba
14.4,14.623999999999999,0.22399999999999842,Prueba
13.0,13.318000000000001,0.3180000000000014,Prueba
13.200000000000001,13.716,0.5159999999999982,Prueba
14.4,14.126000000000015,0.2739999999999849,Prueba
14.0,13.738000000000007,0.26199999999999335,Prueba
13.0,12.913999999999994,0.08600000000000563,Prueba
12.4,12.690000000000003,0.2900000000000027,Prueba
13.0,13.10400000000001,0.10400000000000986,Prueba
12.200000000000001,12.739999999999984,0.5399999999999832,Prueba
12.8,12.670000000000002,0.129999999999999,Prueba
13.200000000000001,13.306666666666667,0.10666666666666558,Prueba
13.600000000000001,13.575999999999997,0.024000000000004462,Prueba
14.200000000000001,14.278000000000013,0.07800000000001184,Prueba
12.600000000000001,12.338000000000012,0.2619999999999898,Prueba
13.8,13.943666666666672,0.14366666666667172,Prueba
14.8,14.344000000000001,0.4559999999999995,Prueba
12.200000000000001,12.959733333333334,0.7597333333333331,Prueba
12.8,12.460000000000003,0.3399999999999981,Prueba
13.200000000000001,13.248000000000005,0.048000000000003595,Prueba
11.8,12.516666666666673,0.7166666666666721,Prueba
13.0,13.472000000000001,0.4720000000000013,Prueba
14.0,13.792000000000003,0.20799999999999663,Prueba
12.600000000000001,13.160000000000004,0.5600000000000023,Prueba
13.0,13.146000000000006,0.14600000000000612,Prueba
13.4,13.255333333333333,0.1446666666666676,Prueba
13.8,13.591999999999986,0.2080000000000144,Prueba
13.8,12.898333333333333,0.9016666666666673,Prueba
12.600000000000001,12.627999999999988,0.027999999999986258,Prueba
14.200000000000001,13.759999999999986,0.4400000000000155,Prueba
12.600000000000001,13.366000000000007,0.7660000000000053,Prueba
13.200000000000001,13.382,0.1819999999999986,Prueba
15.0,14.414000000000003,0.5859999999999967,Prueba
13.600000000000001,13.707999999999995,0.10799999999999343,Prueba
14.600000000000001,14.623999999999992,0.02399999999999025,Prueba
12.8,12.920866666666669,0.12086666666666801,Prueba
13.200000000000001,12.854,0.34600000000000186,Prueba
13.4,13.677999999999995,0.27799999999999514,Prueba
14.8,14.429999999999996,0.37000000000000455,Prueba
13.0,13.161400000000006,0.16140000000000576,Prueba
14.0,14.05600000000001,0.05600000000000982,Prueba
13.0,13.18800000000001,0.1880000000000095,Prueba
12.200000000000001,12.570844444444448,0.3708444444444474,Prueba
13.600000000000001,13.842000000000011,0.24200000000000976,Prueba
12.8,13.314,0.5139999999999993,Prueba
13.8,13.697999999999995,0.10200000000000564,Prueba
13.8,14.035999999999992,0.23599999999999177,Prueba
14.8,14.015900000000006,0.7840999999999951,Prueba
12.8,12.824000000000002,0.02400000000000091,Prueba
13.600000000000001,13.370000000000006,0.2299999999999951,Prueba
13.600000000000001,13.609200000000001,0.009199999999999875,Prueba
12.600000000000001,12.888000000000007,0.2880000000000056,Prueba
14.4,13.886666666666667,0.5133333333333336,Prueba
13.0,12.738666666666667,0.261333333333333,Prueba
12.8,12.813999999999995,0.013999999999994017,Prueba
12.200000000000001,12.735999999999992,0.5359999999999907,Prueba
13.8,13.566000000000004,0.23399999999999643,Prueba
14.4,14.512000000000002,0.11200000000000188,Prueba
13.0,13.144399999999994,0.14439999999999387,Prueba
13.600000000000001,13.788000000000002,0.1880000000000006,Prueba
13.8,13.669999999999993,0.1300000000000079,Prueba
13.0,12.841999999999995,0.1580000000000048,Prueba
13.4,13.517999999999994,0.11799999999999322,Prueba
12.4,12.791999999999994,0.39199999999999413,Prueba
13.0,12.857999999999986,0.14200000000001367,Prueba
14.0,14.165999999999991,0.1659999999999915,Prueba
13.0,13.051999999999989,0.051999999999988944,Prueba
13.4,13.007999999999996,0.3920000000000048,Prueba
12.200000000000001,12.126000000000003,0.07399999999999807,Prueba
13.8,14.491999999999988,0.6919999999999877,Prueba
13.8,13.492000000000008,0.3079999999999927,Prueba
12.8,12.589999999999993,0.21000000000000796,Prueba
13.8,13.677999999999997,0.12200000000000344,Prueba
13.8,14.256900000000005,0.4569000000000045,Prueba
12.200000000000001,12.746533333333327,0.5465333333333255,Prueba
13.4,13.595999999999993,0.19599999999999262,Prueba
13.600000000000001,13.434999999999995,0.16500000000000625,Prueba
13.200000000000001,13.316999999999993,0.116999999999992,Prueba
12.200000000000001,12.29600000000001,0.09600000000000897,Prueba
13.4,13.566000000000004,0.16600000000000392,Prueba
13.8,14.171999999999995,0.37199999999999456,Prueba
13.200000000000001,12.909999999999995,0.29000000000000625,Prueba
14.200000000000001,14.287999999999986,0.08799999999998498,Prueba
14.0,13.679999999999998,0.32000000000000206,Prueba
12.200000000000001,12.163999999999996,0.03600000000000492,Prueba
13.200000000000001,13.028000000000004,0.17199999999999704,Prueba
14.200000000000001,13.718000000000009,0.4819999999999922,Prueba
12.8,13.149999999999991,0.34999999999999076,Prueba
12.4,12.204000000000017,0.19599999999998374,Prueba
14.200000000000001,13.693733333333336,0.5062666666666651,Prueba
13.4,13.623666666666672,0.2236666666666718,Prueba
13.600000000000001,13.482000000000006,0.117999999999995,Prueba
13.0,12.515999999999998,0.48400000000000176,Prueba
13.8,13.997333333333332,0.19733333333333114,Prueba
13.200000000000001,13.609599999999991,0.4095999999999904,Prueba
13.4,13.828000000000007,0.42800000000000615,Prueba
12.200000000000001,12.52799999999999,0.32799999999998875,Prueba
13.0,13.47399999999999,0.47399999999998954,Prueba
14.0,14.236000000000008,0.23600000000000776,Prueba
13.4,13.862000000000005,0.4620000000000051,Prueba
13.0,12.979333333333331,0.02066666666666883,Prueba
13.4,13.773333333333328,0.37333333333332774,Prueba
13.0,13.017333333333326,0.017333333333326095,Prueba
13.600000000000001,13.956000000000001,0.35599999999999987,Prueba
13.4,14.117733333333343,0.7177333333333422,Prueba
13.4,13.042000000000003,0.357999999999997,Prueba
12.600000000000001,12.596000000000002,0.0039999999999995595,Prueba
14.0,14.052000000000012,0.05200000000001204,Prueba
14.0,13.440000000000008,0.5599999999999916,Prueba
14.4,13.721999999999985,0.678000000000015,Prueba
14.0,13.713999999999997,0.28600000000000314,Prueba
13.200000000000001,13.00633333333333,0.19366666666667065,Prueba
13.4,13.603999999999987,0.20399999999998641,Prueba
14.200000000000001,14.153500000000001,0.046499999999999986,Prueba
14.200000000000001,13.714,0.48600000000000065,Prueba
13.8,13.260000000000014,0.5399999999999867,Prueba
12.8,12.845999999999993,0.04599999999999227,Prueba
12.600000000000001,12.687999999999995,0.08799999999999386,Prueba
14.0,13.466000000000006,0.5339999999999936,Prueba
14.200000000000001,14.059999999999995,0.1400000000000059,Prueba
13.8,13.61,0.19000000000000128,Prueba
14.200000000000001,14.168666666666674,0.03133333333332722,Prueba
13.600000000000001,13.432,0.16800000000000104,Prueba
14.0,13.828,0.1720000000000006,Prueba
13.0,12.472833333333334,0.5271666666666661,Prueba
14.200000000000001,13.849999999999982,0.3500000000000192,Prueba
13.600000000000001,13.344000000000005,0.2559999999999967,Prueba
13.0,13.111066666666668,0.11106666666666776,Prueba
12.600000000000001,12.648000000000007,0.04800000000000537,Prueba
13.600000000000001,13.405999999999992,0.19400000000000972,Prueba
14.4,14.451999999999993,0.0519999999999925,Prueba
12.600000000000001,12.731333333333328,0.13133333333332686,Prueba
12.200000000000001,12.611199999999995,0.4111999999999938,Prueba
13.200000000000001,13.12240000000001,0.07759999999999145,Prueba
12.8,13.025999999999994,0.22599999999999376,Prueba
13.600000000000001,13.665999999999997,0.0659999999999954,Prueba
12.0,12.31400000000001,0.3140000000000107,Prueba
12.600000000000001,12.991499999999998,0.3914999999999971,Prueba
14.200000000000001,14.058000000000003,0.14199999999999768,Prueba
13.600000000000001,13.872000000000009,0.27200000000000735,Prueba
13.4,13.035000000000002,0.36499999999999844,Prueba
12.200000000000001,12.664000000000003,0.4640000000000022,Prueba
14.0,13.797999999999988,0.2020000000000124,Prueba
12.8,13.231999999999998,0.43199999999999683,Prueba
13.0,12.71,0.28999999999999915,Prueba
12.8,12.931999999999999,0.1319999999999979,Prueba
13.0,13.701999999999993,0.7019999999999929,Prueba
13.4,13.675999999999988,0.27599999999998737,Prueba
13.600000000000001,13.42,0.1800000000000015,Prueba
12.8,13.16000000000001,0.3600000000000101,Prueba
13.4,13.414000000000001,0.014000000000001123,Prueba
13.200000000000001,13.363466666666666,0.16346666666666465,Prueba
13.200000000000001,13.401000000000005,0.20100000000000406,Prueba
12.8,13.110000000000007,0.3100000000000058,Prueba
14.0,14.22400000000001,0.22400000000001086,Prueba
13.0,12.843666666666666,0.15633333333333432,Prueba
12.8,12.741999999999997,0.05800000000000338,Prueba
13.4,13.813999999999998,0.4139999999999979,Prueba
12.600000000000001,12.97533333333334,0.37533333333333907,Prueba
13.8,13.290000000000015,0.5099999999999856,Prueba
13.0,12.9817,0.018299999999999983,Prueba
13.8,13.70733333333333,0.09266666666667156,Prueba
13.0,13.32,0.3200000000000003,Prueba
14.600000000000001,13.878666666666666,0.7213333333333356,Prueba
13.4,13.528799999999999,0.12879999999999825,Prueba
13.4,13.384000000000004,0.01599999999999646,Prueba
13.4,13.144,0.2560000000000002,Prueba
14.4,14.541999999999994,0.14199999999999413,Prueba
14.4,14.671999999999995,0.2719999999999949,Prueba
14.0,13.953333333333335,0.04666666666666508,Prueba
12.8,13.184999999999997,0.38499999999999623,Prueba
13.0,13.169333333333348,0.16933333333334843,Prueba
13.200000000000001,13.474,0.27399999999999913,Prueba
14.0,13.252000000000017,0.7479999999999833,Prueba
14.200000000000001,14.08266666666666,0.11733333333334173,Prueba
14.0,13.906000000000006,0.09399999999999409,Prueba
12.600000000000001,13.165999999999997,0.5659999999999954,Prueba
13.200000000000001,13.73200000000001,0.5320000000000089,Prueba
13.4,12.62,0.7800000000000011,Prueba
13.4,13.398000000000001,0.0019999999999988916,Prueba
13.200000000000001,13.390000000000002,0.19000000000000128,Prueba
13.600000000000001,13.846000000000004,0.24600000000000222,Prueba
13.0,13.480800000000004,0.4808000000000039,Prueba
13.600000000000001,13.512000000000002,0.08799999999999919,Prueba
13.4,13.561999999999994,0.1619999999999937,Prueba
13.600000000000001,13.537066666666657,0.06293333333334417,Prueba
13.4,13.001999999999995,0.398000000000005,Prueba
13.200000000000001,13.314000000000005,0.11400000000000432,Prueba
14.4,14.044666666666666,0.35533333333333417,Prueba
12.8,12.557999999999998,0.24200000000000266,Prueba
13.4,13.107999999999983,0.2920000000000176,Prueba
13.0,12.869999999999996,0.13000000000000433,Prueba
13.4,13.088000000000008,0.3119999999999923,Prueba
14.200000000000001,14.141999999999996,0.05800000000000516,Prueba
14.200000000000001,14.209999999999996,0.009999999999994458,Prueba
13.4,12.743999999999996,0.6560000000000041,Prueba
12.600000000000001,12.736000000000004,0.13600000000000279,Prueba
13.4,13.030000000000006,0.3699999999999939,Prueba
13.0,12.85999999999999,0.14000000000000945,Prueba
13.600000000000001,13.354,0.24600000000000222,Prueba
13.600000000000001,13.953999999999992,0.3539999999999903,Prueba
13.0,13.196000000000003,0.19600000000000328,Prueba
14.4,14.306000000000004,0.09399999999999586,Prueba
13.600000000000001,13.585999999999991,0.014000000000010004,Prueba
14.200000000000001,14.083999999999993,0.11600000000000854,Prueba
14.4,14.675333333333324,0.27533333333332344,Prueba
13.4,12.888,0.5120000000000005,Prueba
12.8,12.300000000000002,0.4999999999999982,Prueba
13.4,13.472000000000014,0.07200000000001339,Prueba
12.600000000000001,12.661999999999994,0.061999999999992284,Prueba
14.0,13.541999999999998,0.45800000000000196,Prueba
13.0,13.001999999999992,0.001999999999991786,Prueba
13.4,13.393000000000004,0.0069999999999961204,Prueba
12.200000000000001,12.021999999999993,0.17800000000000793,Prueba
13.600000000000001,13.376,0.22400000000000198,Prueba
12.600000000000001,13.480000000000008,0.8800000000000061,Prueba
12.600000000000001,13.06133333333334,0.46133333333333937,Prueba
13.4,13.803999999999998,0.40399999999999814,Prueba
13.8,13.741999999999988,0.058000000000012264,Prueba
13.600000000000001,13.6304,0.03039999999999843,Prueba
14.4,14.44600000000001,0.04600000000001003,Prueba
14.200000000000001,14.18399999999999,0.016000000000010672,Prueba
13.8,13.533999999999997,0.26600000000000357,Prueba
13.0,13.306000000000006,0.30600000000000627,Prueba
14.200000000000001,14.468000000000009,0.2680000000000078,Prueba
13.8,13.492,0.30799999999999983,Prueba
13.0,13.385333333333334,0.3853333333333335,Prueba
13.200000000000001,12.677333333333333,0.5226666666666677,Prueba
13.200000000000001,12.769999999999996,0.43000000000000504,Prueba
14.0,13.820514285714282,0.17948571428571825,Prueba
12.600000000000001,12.975999999999997,0.3759999999999959,Prueba
13.0,13.266000000000012,0.26600000000001245,Prueba
13.0,13.071799999999996,0.07179999999999609,Prueba
12.600000000000001,12.613999999999997,0.013999999999995794,Prueba
12.0,12.260000000000012,0.2600000000000122,Prueba
13.0,12.905999999999995,0.09400000000000475,Prueba
14.0,14.043733333333332,0.04373333333333207,Prueba
13.4,13.190000000000003,0.2099999999999973,Prueba
14.0,14.521999999999997,0.5219999999999967,Prueba
13.600000000000001,13.162000000000004,0.43799999999999706,Prueba
14.600000000000001,14.831999999999992,0.23199999999999044,Prueba
13.600000000000001,13.389999999999997,0.2100000000000044,Prueba
13.4,13.829999999999995,0.4299999999999944,Prueba
12.4,12.089999999999996,0.31000000000000405,Prueba
14.600000000000001,13.839333333333325,0.7606666666666762,Prueba
13.4,13.391999999999996,0.008000000000004448,Prueba
14.200000000000001,13.987833333333342,0.2121666666666595,Prueba
14.200000000000001,13.807999999999995,0.39200000000000657,Prueba
13.600000000000001,13.468000000000002,0.13199999999999967,Prueba
13.8,13.789999999999997,0.01000000000000334,Prueba
14.4,13.982666666666665,0.41733333333333533,Prueba
13.4,13.218000000000004,0.18199999999999683,Prueba
14.600000000000001,14.156000000000006,0.4439999999999955,Prueba
12.600000000000001,12.990000000000002,0.39000000000000057,Prueba
14.4,14.20400000000001,0.19599999999999085,Prueba
13.600000000000001,13.434000000000012,0.1659999999999897,Prueba
14.0,13.994000000000005,0.005999999999994898,Prueba
13.200000000000001,13.673999999999996,0.47399999999999487,Prueba
13.0,13.541999999999998,0.541999999999998,Prueba
12.600000000000001,12.420000000000005,0.17999999999999616,Prueba
14.200000000000001,14.077333333333335,0.12266666666666559,Prueba
13.0,13.336600000000002,0.33660000000000245,Prueba
14.200000000000001,14.055900000000007,0.14409999999999457,Prueba
13.0,13.213999999999999,0.21399999999999864,Prueba
14.8,14.763999999999983,0.03600000000001735,Prueba
13.4,13.548000000000002,0.14800000000000146,Prueba
13.200000000000001,12.76866666666666,0.4313333333333418,Prueba
13.600000000000001,13.559999999999986,0.040000000000015135,Prueba
12.8,12.920000000000002,0.120000000000001,Prueba
13.8,14.0956,0.29559999999999853,Prueba
11.8,12.029999999999989,0.229999999999988,Prueba
13.600000000000001,13.933999999999996,0.3339999999999943,Prueba
12.600000000000001,12.273999999999987,0.3260000000000147,Prueba
13.0,12.996000000000004,0.003999999999996007,Prueba
12.200000000000001,12.654333333333327,0.4543333333333255,Prueba
13.0,13.087199999999998,0.0871999999999975,Prueba
13.8,13.561999999999996,0.23800000000000487,Prueba
14.8,14.554000000000004,0.2459999999999969,Prueba
12.8,12.843999999999994,0.04399999999999338,Prueba
13.8,13.791999999999994,0.008000000000006224,Prueba
13.200000000000001,13.286000000000008,0.0860000000000074,Prueba
12.200000000000001,12.458000000000006,0.25800000000000445,Prueba
12.0,12.204000000000015,0.20400000000001484,Prueba
14.600000000000001,14.420000000000014,0.17999999999998728,Prueba
13.600000000000001,12.989999999999995,0.6100000000000065,Prueba
14.0,13.88136666666667,0.11863333333332982,Prueba
13.200000000000001,13.190000000000005,0.009999999999996234,Prueba
12.600000000000001,12.735999999999999,0.13599999999999746,Prueba
13.4,13.869999999999989,0.4699999999999882,Prueba
14.0,13.582000000000004,0.4179999999999957,Prueba
13.4,12.997999999999996,0.4020000000000046,Prueba
13.200000000000001,12.666000000000002,0.5339999999999989,Prueba
14.0,13.451999999999996,0.5480000000000036,Prueba
12.600000000000001,13.174000000000012,0.5740000000000105,Prueba
13.0,12.757400000000011,0.24259999999998882,Prueba
13.0,12.615333333333327,0.38466666666667315,Prueba
13.0,12.913999999999994,0.08600000000000563,Prueba
14.0,13.869333333333342,0.1306666666666576,Prueba
13.200000000000001,13.264000000000003,0.06400000000000183,Prueba
13.4,13.640000000000008,0.24000000000000732,Prueba
12.0,12.163999999999996,0.16399999999999615,Prueba
12.600000000000001,12.273999999999996,0.32600000000000584,Prueba
12.600000000000001,13.258666666666663,0.6586666666666616,Prueba
14.4,13.974000000000004,0.4259999999999966,Prueba
14.4,13.941999999999998,0.45800000000000196,Prueba
14.0,13.304000000000006,0.6959999999999944,Prueba
12.200000000000001,12.403999999999991,0.20399999999998997,Prueba
13.8,13.779999999999989,0.020000000000012008,Prueba
13.8,13.756333333333327,0.04366666666667385,Prueba
13.8,13.145333333333326,0.6546666666666745,Prueba
13.600000000000001,13.378000000000007,0.2219999999999942,Prueba
13.0,13.4584,0.45839999999999925,Prueba
13.4,13.749999999999995,0.3499999999999943,Prueba
14.0,13.71,0.28999999999999915,Prueba
14.4,14.4,0.0,Prueba
13.4,13.114666666666663,0.28533333333333744,Prueba
13.0,13.732000000000003,0.7320000000000029,Prueba
14.4,14.186000000000014,0.2139999999999862,Prueba
12.0,12.177999999999997,0.17799999999999727,Prueba
13.4,14.098000000000003,0.6980000000000022,Prueba
13.4,13.475200000000003,0.07520000000000238,Prueba
12.0,12.171999999999995,0.17199999999999527,Prueba
14.0,14.237333333333344,0.2373333333333445,Prueba
13.200000000000001,12.716000000000003,0.4839999999999982,Prueba
13.200000000000001,13.218,0.017999999999998906,Prueba
14.0,14.309999999999993,0.3099999999999934,Prueba
13.8,13.346000000000005,0.4539999999999953,Prueba
12.600000000000001,12.736000000000004,0.13600000000000279,Prueba
12.600000000000001,12.729999999999988,0.12999999999998657,Prueba
13.600000000000001,13.474800000000009,0.12519999999999243,Prueba
14.4,13.929999999999998,0.4700000000000024,Prueba
13.8,13.314,0.48600000000000065,Prueba
12.0,13.159333333333338,1.159333333333338,Prueba
12.8,12.89000000000001,0.09000000000000874,Prueba
13.0,13.366666666666667,0.36666666666666714,Prueba
13.600000000000001,13.606000000000003,0.006000000000002004,Prueba
13.4,13.319999999999983,0.08000000000001783,Prueba
13.0,13.369000000000005,0.3690000000000051,Prueba
15.0,14.670000000000002,0.3299999999999983,Prueba
13.200000000000001,13.268000000000008,0.06800000000000672,Prueba
13.0,13.300999999999998,0.3009999999999984,Prueba
13.0,13.644000000000004,0.6440000000000037,Prueba
14.0,14.046000000000014,0.046000000000013586,Prueba
13.0,13.00799999999999,0.007999999999990237,Prueba
13.0,12.919999999999993,0.08000000000000718,Prueba
13.0,12.981999999999992,0.018000000000007788,Prueba
14.4,14.207,0.19299999999999962,Prueba
12.4,12.56466666666666,0.16466666666666008,Prueba
14.4,14.61999999999999,0.21999999999998998,Prueba
13.4,13.441333333333334,0.04133333333333411,Prueba
12.600000000000001,12.892333333333342,0.29233333333334066,Prueba
13.200000000000001,13.501999999999995,0.3019999999999943,Prueba
13.0,12.85,0.15000000000000036,Prueba
13.0,13.530000000000008,0.5300000000000082,Prueba
14.200000000000001,14.535999999999984,0.33599999999998253,Prueba
14.0,13.720333333333338,0.27966666666666207,Prueba
13.200000000000001,13.19530000000001,0.004699999999990823,Prueba
14.4,14.424000000000005,0.024000000000004462,Prueba
12.200000000000001,12.736266666666657,0.5362666666666556,Prueba
14.4,13.695999999999987,0.7040000000000131,Prueba
12.8,12.844000000000001,0.04400000000000048,Prueba
13.200000000000001,13.781999999999998,0.5819999999999972,Prueba
12.600000000000001,12.610666666666667,0.010666666666665492,Prueba
13.8,14.210000000000003,0.4100000000000019,Prueba
13.600000000000001,13.624666666666679,0.024666666666677273,Prueba
13.8,14.098400000000005,0.29840000000000444,Prueba
13.8,13.406000000000006,0.3939999999999948,Prueba
14.200000000000001,14.031200000000007,0.16879999999999384,Prueba
13.200000000000001,13.247999999999998,0.04799999999999649,Prueba
14.8,14.84199999999999,0.04199999999998916,Prueba
13.600000000000001,13.307266666666681,0.2927333333333202,Prueba
11.8,12.291999999999994,0.4919999999999938,Prueba
14.600000000000001,14.237333333333344,0.3626666666666569,Prueba
13.4,13.729999999999983,0.3299999999999823,Prueba
12.8,12.525999999999996,0.27400000000000446,Prueba
14.0,13.791999999999991,0.20800000000000907,Prueba
14.0,13.472000000000003,0.5279999999999969,Prueba
13.0,12.895499999999995,0.10450000000000514,Prueba
13.8,13.343999999999996,0.45600000000000485,Prueba
14.0,13.615999999999994,0.38400000000000567,Prueba
13.0,12.817999999999994,0.1820000000000057,Prueba
13.200000000000001,13.34799999999999,0.14799999999998903,Prueba
13.600000000000001,13.604,0.003999999999997783,Prueba
14.0,14.368000000000011,0.368000000000011,Prueba
12.200000000000001,12.182000000000007,0.017999999999993577,Prueba
14.0,14.144000000000007,0.14400000000000723,Prueba
13.200000000000001,13.462000000000005,0.262000000000004,Prueba
15.0,14.705999999999985,0.2940000000000147,Prueba
13.8,13.749999999999991,0.05000000000000959,Prueba
13.600000000000001,12.986000000000008,0.6139999999999937,Prueba
12.8,13.24000000000001,0.44000000000001016,Prueba
12.4,12.336000000000015,0.06399999999998585,Prueba
12.8,13.092828571428573,0.2928285714285721,Prueba
14.4,14.100000000000014,0.2999999999999865,Prueba
13.0,13.35800000000001,0.3580000000000094,Prueba
13.200000000000001,13.032,0.16800000000000104,Prueba
13.600000000000001,13.787999999999988,0.1879999999999864,Prueba
13.8,13.797999999999995,0.002000000000005997,Prueba
14.0,13.025999999999994,0.9740000000000055,Prueba
13.200000000000001,13.23000000000002,0.0300000000000189,Prueba
13.8,13.839333333333338,0.039333333333336995,Prueba
13.200000000000001,13.432000000000002,0.2320000000000011,Prueba
12.200000000000001,12.192,0.008000000000000895,Prueba
13.200000000000001,13.230000000000008,0.030000000000006466,Prueba
13.4,13.146000000000008,0.25399999999999245,Prueba
14.200000000000001,14.171500000000007,0.028499999999993975,Prueba
13.4,13.69199999999999,0.29199999999998916,Prueba
14.200000000000001,13.716,0.48400000000000176,Prueba
14.0,14.188000000000004,0.18800000000000416,Prueba
12.200000000000001,12.449000000000005,0.2490000000000041,Prueba
13.4,13.83200000000001,0.43200000000000927,Prueba
12.8,12.857999999999986,0.05799999999998562,Prueba
13.0,12.474000000000006,0.5259999999999945,Prueba
14.200000000000001,13.589799999999999,0.6102000000000025,Prueba
14.200000000000001,14.11,0.09000000000000163,Prueba
12.200000000000001,12.703999999999992,0.5039999999999907,Prueba
14.0,14.428099999999999,0.4280999999999988,Prueba
13.4,13.240666666666659,0.15933333333334154,Prueba
13.8,13.66,0.14000000000000057,Prueba
14.4,14.336000000000004,0.0639999999999965,Prueba
13.8,14.012000000000002,0.21200000000000152,Prueba
12.600000000000001,12.809000000000005,0.20900000000000318,Prueba
13.200000000000001,13.903999999999998,0.7039999999999971,Prueba
14.200000000000001,13.927999999999999,0.272000000000002,Prueba
14.200000000000001,14.289999999999996,0.08999999999999453,Prueba
14.200000000000001,13.887000000000002,0.31299999999999883,Prueba
14.600000000000001,14.422000000000004,0.17799999999999727,Prueba
13.8,13.590971428571427,0.20902857142857378,Prueba
12.8,12.826,0.0259999999999998,Prueba
13.0,13.10600000000001,0.10600000000001053,Prueba
12.600000000000001,13.016000000000012,0.416000000000011,Prueba
14.200000000000001,13.72856666666666,0.4714333333333407,Prueba
13.4,13.248000000000012,0.1519999999999886,Prueba
14.4,14.286,0.11400000000000077,Prueba
14.8,14.507999999999996,0.29200000000000514,Prueba
13.8,13.266000000000012,0.5339999999999883,Prueba
12.8,12.747999999999992,0.052000000000008484,Prueba
13.0,13.084000000000003,0.08400000000000318,Prueba
13.8,14.113500000000013,0.3135000000000119,Prueba
13.600000000000001,13.560000000000002,0.03999999999999915,Prueba
14.0,14.45999999999999,0.4599999999999902,Prueba
12.4,12.729999999999995,0.32999999999999474,Prueba
12.4,12.517999999999994,0.11799999999999322,Prueba
13.0,12.972000000000001,0.027999999999998693,Prueba
12.8,12.462,0.33800000000000097,Prueba
12.0,12.633999999999991,0.6339999999999915,Prueba
14.0,13.697999999999995,0.30200000000000493,Prueba
12.4,12.319999999999999,0.08000000000000185,Prueba
13.8,14.02200000000001,0.2220000000000084,Prueba
12.200000000000001,12.275,0.07499999999999929,Prueba
13.200000000000001,14.037000000000004,0.8370000000000033,Prueba
13.4,13.187000000000005,0.21299999999999564,Prueba
12.8,12.844666666666672,0.04466666666667152,Prueba
12.8,13.092000000000011,0.2920000000000105,Prueba
12.8,12.248000000000005,0.551999999999996,Prueba
14.0,13.927999999999995,0.0720000000000045,Prueba
14.200000000000001,14.090000000000014,0.109999999999987,Prueba
13.600000000000001,13.290000000000003,0.3099999999999987,Prueba
13.4,13.38733333333334,0.01266666666666083,Prueba
14.0,14.089666666666677,0.08966666666667678,Prueba
13.200000000000001,12.800833333333333,0.3991666666666678,Prueba
13.8,13.436000000000002,0.363999999999999,Prueba
13.0,13.146000000000008,0.1460000000000079,Prueba
12.8,12.743999999999998,0.056000000000002714,Prueba
14.0,13.700000000000012,0.2999999999999883,Prueba
14.200000000000001,13.622000000000003,0.5779999999999976,Prueba
13.8,13.941666666666652,0.1416666666666515,Prueba
13.600000000000001,14.055600000000004,0.4556000000000022,Prueba
14.200000000000001,14.675999999999993,0.475999999999992,Prueba
14.200000000000001,14.328000000000005,0.12800000000000367,Prueba
13.200000000000001,12.857999999999997,0.3420000000000041,Prueba
12.600000000000001,13.036000000000001,0.43599999999999994,Prueba
12.600000000000001,12.468000000000002,0.13199999999999967,Prueba
12.600000000000001,13.212000000000023,0.6120000000000214,Prueba
14.200000000000001,14.037857142857144,0.16214285714285737,Prueba
12.600000000000001,12.84199999999999,0.24199999999998845,Prueba
14.0,13.993200000000002,0.006799999999998363,Prueba
14.0,13.875166666666653,0.12483333333334734,Prueba
13.200000000000001,13.324400000000008,0.12440000000000673,Prueba
13.0,13.13800000000001,0.13800000000001056,Prueba
12.8,12.771999999999998,0.028000000000002245,Prueba
13.200000000000001,12.857999999999995,0.34200000000000585,Prueba
12.8,12.690000000000003,0.10999999999999766,Prueba
14.600000000000001,14.342866666666671,0.2571333333333303,Prueba
14.0,13.380000000000004,0.6199999999999957,Prueba
13.0,12.87,0.13000000000000078,Prueba
13.8,13.566000000000004,0.23399999999999643,Prueba
13.8,13.546000000000006,0.25399999999999423,Prueba
14.8,14.469999999999997,0.3300000000000036,Prueba
13.4,13.017999999999997,0.3820000000000032,Prueba
12.600000000000001,13.037499999999993,0.4374999999999911,Prueba
13.4,13.430000000000016,0.030000000000015348,Prueba
13.0,13.72000000000001,0.7200000000000095,Prueba
14.4,13.792,0.6080000000000005,Prueba
13.200000000000001,13.010000000000002,0.1899999999999995,Prueba
12.600000000000001,12.503333333333341,0.09666666666666046,Prueba
12.200000000000001,12.595199999999998,0.39519999999999733,Prueba
13.0,12.841999999999999,0.15800000000000125,Prueba
13.0,13.512,0.5120000000000005,Prueba
12.200000000000001,12.770800000000001,0.5708000000000002,Prueba
13.4,14.018000000000002,0.6180000000000021,Prueba
14.200000000000001,14.300800000000013,0.10080000000001199,Prueba
14.4,14.301333333333334,0.09866666666666646,Prueba
15.0,14.522000000000002,0.477999999999998,Prueba
14.0,13.39600000000001,0.6039999999999903,Prueba
12.600000000000001,13.017999999999994,0.41799999999999216,Prueba
13.8,13.705999999999996,0.09400000000000475,Prueba
12.8,13.014000000000015,0.21400000000001462,Prueba
13.4,13.511333333333335,0.1113333333333344,Prueba
15.0,14.373999999999992,0.6260000000000083,Prueba
14.0,13.524000000000003,0.4759999999999973,Prueba
12.200000000000001,12.882000000000007,0.6820000000000057,Prueba
13.8,14.150400000000005,0.35040000000000404,Prueba
13.8,13.828000000000005,0.02800000000000402,Prueba
13.600000000000001,13.172000000000011,0.42799999999999017,Prueba
14.0,13.432000000000002,0.5679999999999978,Prueba
13.0,13.065999999999999,0.06599999999999895,Prueba
14.200000000000001,13.610000000000003,0.5899999999999981,Prueba
14.8,14.705999999999987,0.09400000000001363,Prueba
14.200000000000001,14.126,0.07400000000000162,Prueba
13.200000000000001,13.42733333333333,0.22733333333332872,Prueba
13.8,13.72799999999999,0.07200000000000983,Prueba
14.200000000000001,14.428000000000004,0.2280000000000033,Prueba
13.0,12.699999999999987,0.30000000000001315,Prueba
12.600000000000001,13.212,0.6119999999999983,Prueba
13.4,13.711599999999999,0.31159999999999854,Prueba
13.4,13.717999999999991,0.31799999999999073,Prueba
14.200000000000001,14.178000000000004,0.02199999999999669,Prueba
13.200000000000001,12.793999999999988,0.406000000000013,Prueba
14.200000000000001,13.945999999999993,0.25400000000000844,Prueba
12.8,12.775999999999996,0.024000000000004462,Prueba
14.0,13.61599999999998,0.3840000000000199,Prueba
13.600000000000001,13.32,0.28000000000000114,Prueba
14.600000000000001,13.910666666666666,0.6893333333333356,Prueba
14.4,14.26,0.14000000000000057,Prueba
12.200000000000001,12.466000000000001,0.266,Prueba
13.600000000000001,13.575619047619035,0.024380952380965937,Prueba
13.600000000000001,13.891066666666656,0.29106666666665504,Prueba
14.0,14.050000000000006,0.05000000000000604,Prueba
12.8,13.284000000000006,0.4840000000000053,Prueba
13.4,13.657999999999992,0.257999999999992,Prueba
14.200000000000001,13.69199999999998,0.5080000000000204,Prueba
14.0,13.931999999999992,0.0680000000000085,Prueba
15.0,14.520000000000003,0.4799999999999969,Prueba
13.8,13.636,0.16400000000000148,Prueba
12.4,12.174000000000003,0.22599999999999731,Prueba
12.4,12.795666666666662,0.3956666666666617,Prueba
13.600000000000001,13.485333333333335,0.11466666666666647,Prueba
13.200000000000001,12.763,0.43700000000000117,Prueba
13.200000000000001,13.189999999999998,0.01000000000000334,Prueba
14.0,14.156666666666672,0.15666666666667162,Prueba
12.8,12.77300000000001,0.026999999999990365,Prueba
15.0,14.751999999999978,0.24800000000002242,Prueba
12.8,13.350000000000007,0.550000000000006,Prueba
13.8,13.681333333333333,0.11866666666666781,Prueba
13.600000000000001,13.578000000000015,0.02199999999998603,Prueba
13.0,13.376000000000007,0.37600000000000655,Prueba
13.8,13.500000000000005,0.2999999999999954,Prueba
14.0,13.763999999999987,0.2360000000000131,Prueba
14.0,13.662000000000011,0.33799999999998853,Prueba
13.600000000000001,14.093999999999987,0.49399999999998556,Prueba
14.0,13.798333333333325,0.2016666666666751,Prueba
14.200000000000001,14.33400000000001,0.13400000000000922,Prueba
13.8,13.557999999999991,0.24200000000000976,Prueba
13.200000000000001,13.116000000000003,0.08399999999999785,Prueba
13.8,13.661999999999985,0.1380000000000159,Prueba
12.8,13.170000000000007,0.3700000000000063,Prueba
13.0,12.93,0.07000000000000028,Prueba
13.600000000000001,13.30399999999999,0.2960000000000118,Prueba
14.0,14.208333333333341,0.20833333333334103,Prueba
12.8,12.620999999999995,0.1790000000000056,Prueba
13.600000000000001,13.566000000000004,0.033999999999997144,Prueba
13.0,12.936,0.06400000000000006,Prueba
14.0,14.150000000000002,0.15000000000000213,Prueba
13.600000000000001,13.585000000000004,0.014999999999997016,Prueba
13.4,13.752000000000004,0.35200000000000387,Prueba
14.200000000000001,13.586999999999996,0.6130000000000049,Prueba
14.200000000000001,13.484000000000007,0.715999999999994,Prueba
13.600000000000001,13.831999999999994,0.2319999999999922,Prueba
13.0,12.974,0.0259999999999998,Prueba
14.0,14.266666666666678,0.26666666666667815,Prueba
13.200000000000001,13.073999999999998,0.126000000000003,Prueba
12.200000000000001,12.286666666666667,0.086666666666666,Prueba
13.200000000000001,13.279300000000003,0.0793000000000017,Prueba
13.600000000000001,13.702999999999983,0.102999999999982,Prueba
14.4,14.071999999999997,0.32800000000000296,Prueba
12.8,12.785999999999994,0.014000000000006452,Prueba
13.8,13.459000000000005,0.34099999999999575,Prueba
13.4,13.526000000000009,0.12600000000000833,Prueba
13.200000000000001,13.042066666666669,0.15793333333333237,Prueba
13.8,13.393666666666661,0.40633333333333965,Prueba
13.4,13.053000000000011,0.3469999999999889,Prueba
12.600000000000001,12.352,0.2480000000000011,Prueba
13.8,13.468600000000002,0.3313999999999986,Prueba
13.8,13.747999999999989,0.05200000000001204,Prueba
13.8,13.80650000000001,0.00650000000000972,Prueba
12.8,12.642000000000001,0.15799999999999947,Prueba
13.600000000000001,14.23400000000001,0.6340000000000092,Prueba
13.0,12.932999999999998,0.06700000000000195,Prueba
13.4,13.14566666666666,0.2543333333333404,Prueba
13.8,13.677999999999987,0.1220000000000141,Prueba
13.4,13.228000000000009,0.17199999999999172,Prueba
15.0,14.829999999999993,0.17000000000000703,Prueba
12.4,12.604000000000008,0.20400000000000773,Prueba
13.600000000000001,13.05399999999999,0.5460000000000118,Prueba
14.200000000000001,13.987999999999994,0.21200000000000685,Prueba
12.8,12.586000000000011,0.21399999999998975,Prueba
13.8,13.779999999999996,0.020000000000004903,Prueba
12.200000000000001,12.130666666666668,0.0693333333333328,Prueba
13.8,13.304000000000007,0.49599999999999334,Prueba
13.600000000000001,13.807999999999998,0.20799999999999663,Prueba
12.8,12.862000000000002,0.062000000000001165,Prueba
13.0,12.889333333333328,0.11066666666667224,Prueba
14.4,14.286000000000007,0.11399999999999366,Prueba
14.0,14.211333333333336,0.21133333333333582,Prueba
12.200000000000001,12.154000000000005,0.04599999999999582,Prueba
14.8,14.60599999999999,0.1940000000000115,Prueba
13.8,13.066000000000004,0.7339999999999964,Prueba
13.600000000000001,13.418000000000005,0.18199999999999683,Prueba
13.8,13.597999999999999,0.20200000000000173,Prueba
13.600000000000001,13.831999999999999,0.23199999999999754,Prueba
13.0,12.875999999999992,0.12400000000000766,Prueba
13.0,13.018000000000002,0.01800000000000246,Prueba
13.0,12.848133333333333,0.15186666666666682,Prueba
13.8,13.60999999999999,0.19000000000001016,Prueba
13.200000000000001,12.912,0.28800000000000026,Prueba
12.8,13.081999999999999,0.28199999999999825,Prueba
13.200000000000001,13.11,0.09000000000000163,Prueba
13.8,13.792,0.008000000000000895,Prueba
14.0,13.707999999999991,0.2920000000000087,Prueba
13.200000000000001,13.471999999999998,0.2719999999999967,Prueba
12.600000000000001,13.200000000000003,0.6000000000000014,Prueba
12.4,12.588000000000005,0.18800000000000416,Prueba
13.200000000000001,13.543999999999993,0.3439999999999923,Prueba
13.600000000000001,13.470000000000011,0.12999999999999012,Prueba
13.4,13.296000000000008,0.1039999999999921,Prueba
12.600000000000001,12.687999999999994,0.08799999999999208,Prueba
12.4,12.889000000000003,0.48900000000000254,Prueba
13.0,13.086000000000006,0.08600000000000563,Prueba
14.200000000000001,13.868000000000006,0.3319999999999954,Prueba
13.8,13.102999999999998,0.6970000000000027,Prueba
13.8,13.687999999999999,0.11200000000000188,Prueba
13.8,13.75999999999998,0.040000000000020464,Prueba
13.4,13.441933333333337,0.041933333333336265,Prueba
13.600000000000001,13.338000000000006,0.2619999999999951,Prueba
13.8,14.502999999999991,0.7029999999999905,Prueba
12.4,12.637999999999993,0.23799999999999244,Prueba
13.600000000000001,13.377966666666673,0.22203333333332864,Prueba
13.0,13.569999999999995,0.569999999999995,Prueba
13.600000000000001,13.67799999999999,0.07799999999998875,Prueba
12.8,12.623999999999999,0.17600000000000193,Prueba
13.0,12.937999999999994,0.062000000000006494,Prueba
13.200000000000001,13.366000000000003,0.16600000000000215,Prueba
14.0,13.995999999999997,0.004000000000003112,Prueba
13.600000000000001,13.351733333333323,0.2482666666666784,Prueba
14.4,14.75199999999998,0.351999999999979,Prueba
13.200000000000001,12.980000000000002,0.21999999999999886,Prueba
12.600000000000001,12.942666666666675,0.34266666666667334,Prueba
14.0,13.808000000000007,0.19199999999999307,Prueba
13.600000000000001,13.413999999999996,0.18600000000000527,Prueba
14.4,14.28400000000001,0.11599999999999078,Prueba
13.8,13.587000000000003,0.2129999999999974,Prueba
12.600000000000001,12.846000000000004,0.24600000000000222,Prueba
14.200000000000001,13.721999999999985,0.47800000000001575,Prueba
12.200000000000001,12.292000000000003,0.0920000000000023,Prueba
13.4,13.225999999999997,0.17400000000000304,Prueba
14.0,14.240000000000007,0.24000000000000732,Prueba
12.200000000000001,12.535833333333331,0.3358333333333299,Prueba
14.4,14.411999999999987,0.011999999999986244,Prueba
13.4,13.217333333333345,0.18266666666665543,Prueba
13.200000000000001,12.889999999999995,0.3100000000000058,Prueba
12.600000000000001,12.873999999999997,0.2739999999999956,Prueba
13.200000000000001,13.378000000000004,0.1780000000000026,Prueba
12.8,12.729999999999997,0.07000000000000384,Prueba
13.8,13.727299999999989,0.07270000000001176,Prueba
13.8,13.90959999999999,0.1095999999999897,Prueba
13.600000000000001,13.160000000000004,0.4399999999999977,Prueba
13.4,13.546000000000001,0.1460000000000008,Prueba
14.600000000000001,14.442000000000009,0.15799999999999237,Prueba
14.200000000000001,14.166000000000002,0.03399999999999892,Prueba
13.600000000000001,13.400933333333327,0.19906666666667405,Prueba
13.600000000000001,13.251333333333342,0.34866666666665935,Prueba
13.8,13.241999999999994,0.5580000000000069,Prueba
13.0,12.96200000000001,0.0379999999999896,Prueba
13.200000000000001,13.300000000000004,0.1000000000000032,Prueba
12.8,13.036000000000008,0.23600000000000776,Prueba
13.4,13.043000000000001,0.3569999999999993,Prueba
13.8,13.579999999999993,0.22000000000000774,Prueba
13.4,13.508000000000006,0.10800000000000587,Prueba
13.600000000000001,13.35400000000001,0.24599999999999156,Prueba
13.4,13.641999999999998,0.24199999999999733,Prueba
13.600000000000001,13.88999999999998,0.28999999999997783,Prueba
12.600000000000001,12.733999999999998,0.1339999999999968,Prueba
14.4,13.883999999999993,0.5160000000000071,Prueba
14.600000000000001,14.052,0.5480000000000018,Prueba
13.0,12.811333333333334,0.18866666666666632,Prueba
13.8,13.77866666666667,0.021333333333330984,Prueba
12.8,13.038866666666658,0.23886666666665768,Prueba
13.4,12.964999999999993,0.4350000000000076,Prueba
14.600000000000001,14.34400000000001,0.25599999999999135,Prueba
12.600000000000001,12.907999999999994,0.3079999999999927,Prueba
13.4,13.463999999999992,0.06399999999999118,Prueba
14.200000000000001,14.211999999999998,0.011999999999996902,Prueba
13.0,13.38166666666667,0.3816666666666695,Prueba
13.4,13.489999999999995,0.08999999999999453,Prueba
13.8,13.589999999999993,0.21000000000000796,Prueba
14.4,13.975999999999997,0.42400000000000304,Prueba
13.4,13.366742857142862,0.03325714285713843,Prueba
13.8,13.706000000000003,0.09399999999999764,Prueba
13.8,13.969999999999995,0.1699999999999946,Prueba
14.0,13.854,0.1460000000000008,Prueba
13.4,13.807999999999982,0.4079999999999817,Prueba
14.4,13.938000000000004,0.4619999999999962,Prueba
13.600000000000001,13.827999999999996,0.22799999999999443,Prueba
13.0,13.044000000000004,0.044000000000004036,Prueba
14.0,13.90399999999999,0.09600000000001074,Prueba
13.0,13.026,0.0259999999999998,Prueba
12.200000000000001,12.72399999999999,0.5239999999999885,Prueba
13.4,13.23800000000001,0.16199999999999015,Prueba
13.0,12.838000000000001,0.16199999999999903,Prueba
12.200000000000001,12.84199999999999,0.6419999999999888,Prueba
14.0,14.124133333333338,0.12413333333333831,Prueba
12.4,12.470000000000002,0.07000000000000206,Prueba
13.200000000000001,12.875400000000004,0.32459999999999667,Prueba
13.200000000000001,13.426000000000005,0.22600000000000442,Prueba
12.600000000000001,12.222000000000005,0.37799999999999656,Prueba
12.8,12.965200000000003,0.16520000000000223,Prueba
14.600000000000001,14.773999999999987,0.17399999999998528,Prueba
13.4,13.418000000000006,0.01800000000000601,Prueba
12.4,12.636,0.23599999999999888,Prueba
12.600000000000001,12.753333333333332,0.15333333333333066,Prueba
13.200000000000001,13.178333333333335,0.0216666666666665,Prueba
14.0,13.180000000000005,0.819999999999995,Prueba
13.0,13.288100000000002,0.2881000000000018,Prueba
13.600000000000001,13.60999999999999,0.009999999999989129,Prueba
14.600000000000001,13.966499999999995,0.6335000000000068,Prueba
13.200000000000001,13.176000000000009,0.023999999999992028,Prueba
14.200000000000001,13.710666666666674,0.4893333333333274,Prueba
12.600000000000001,13.12999999999999,0.5299999999999887,Prueba
13.0,13.500000000000007,0.5000000000000071,Prueba
13.4,13.38800000000001,0.011999999999989797,Prueba
13.8,13.844099999999996,0.04409999999999492,Prueba
13.600000000000001,13.693999999999992,0.09399999999999054,Prueba
13.0,13.258000000000006,0.2580000000000062,Prueba
14.0,14.004999999999995,0.0049999999999954525,Prueba
12.0,11.969999999999986,0.03000000000001357,Prueba
11.8,12.083999999999996,0.28399999999999537,Prueba
13.8,14.139999999999992,0.339999999999991,Prueba
13.200000000000001,13.106000000000009,0.09399999999999231,Prueba
13.600000000000001,13.470000000000006,0.12999999999999545,Prueba
13.600000000000001,13.899999999999993,0.29999999999999183,Prueba
13.0,12.933999999999996,0.06600000000000428,Prueba
14.0,14.041333333333327,0.041333333333327005,Prueba
14.0,13.406999999999988,0.5930000000000124,Prueba
13.600000000000001,13.631000000000013,0.03100000000001124,Prueba
13.200000000000001,13.176000000000018,0.023999999999983146,Prueba
13.4,13.582,0.18200000000000038,Prueba
13.600000000000001,13.481999999999998,0.11800000000000388,Prueba
14.0,14.486000000000004,0.4860000000000042,Prueba
12.4,12.636,0.23599999999999888,Prueba
12.600000000000001,12.626666666666676,0.026666666666674388,Prueba
14.4,14.251999999999999,0.14800000000000146,Prueba
14.0,14.094000000000003,0.09400000000000297,Prueba
13.600000000000001,13.838000000000006,0.23800000000000487,Prueba
13.200000000000001,13.01,0.19000000000000128,Prueba
13.4,13.35200000000001,0.04799999999999116,Prueba
13.0,12.98,0.019999999999999574,Prueba
13.8,13.292000000000009,0.507999999999992,Prueba
13.200000000000001,13.120000000000006,0.07999999999999474,Prueba
13.200000000000001,13.43999999999999,0.23999999999998956,Prueba
13.4,14.012000000000015,0.6120000000000143,Prueba
13.200000000000001,13.524000000000003,0.3240000000000016,Prueba
12.4,13.156000000000008,0.7560000000000073,Prueba
14.600000000000001,14.016000000000002,0.5839999999999996,Prueba
13.600000000000001,13.919666666666663,0.3196666666666612,Prueba
12.8,12.46199999999999,0.33800000000000985,Prueba
13.4,13.094000000000001,0.30599999999999916,Prueba
13.4,12.834000000000009,0.5659999999999918,Prueba
13.8,13.646133333333331,0.15386666666666926,Prueba
13.8,13.702,0.09800000000000075,Prueba
14.200000000000001,13.714000000000004,0.4859999999999971,Prueba
13.600000000000001,14.024000000000006,0.4240000000000048,Prueba
12.4,11.909999999999986,0.4900000000000144,Prueba
14.600000000000001,14.305999999999992,0.29400000000000936,Prueba
13.8,13.964000000000004,0.16400000000000325,Prueba
14.600000000000001,14.49799999999999,0.10200000000001097,Prueba
14.200000000000001,13.703999999999997,0.496000000000004,Prueba
12.4,13.050000000000004,0.6500000000000039,Prueba
13.600000000000001,14.069,0.4689999999999994,Prueba
13.8,13.92,0.11999999999999922,Prueba
12.4,12.788000000000002,0.3880000000000017,Prueba
14.0,13.8072,0.19280000000000008,Prueba
12.600000000000001,12.355000000000016,0.244999999999985,Prueba
13.0,13.515200000000009,0.515200000000009,Prueba
12.4,12.71849999999999,0.31849999999998957,Prueba
13.600000000000001,13.66133333333332,0.0613333333333177,Prueba
13.4,13.678000000000003,0.27800000000000225,Prueba
13.200000000000001,13.3225,0.12249999999999872,Prueba
13.600000000000001,13.940000000000007,0.3400000000000052,Prueba
13.200000000000001,13.362000000000002,0.1620000000000008,Prueba
12.200000000000001,12.35033333333334,0.15033333333333943,Prueba
12.4,12.787999999999986,0.3879999999999857,Prueba
14.0,14.010000000000012,0.010000000000012221,Prueba
14.4,13.762,0.6379999999999999,Prueba
14.0,14.090000000000016,0.09000000000001585,Prueba
12.600000000000001,12.64966666666666,0.04966666666665809,Prueba
12.600000000000001,13.316000000000006,0.7160000000000046,Prueba
14.200000000000001,13.812999999999999,0.38700000000000223,Prueba
13.600000000000001,13.268000000000002,0.33199999999999896,Prueba
13.0,13.103,0.10299999999999976,Prueba
12.8,12.944,0.14400000000000013,Prueba
12.4,12.21200000000002,0.18799999999998107,Prueba
13.600000000000001,13.541999999999994,0.058000000000006935,Prueba
13.200000000000001,13.244000000000014,0.04400000000001292,Prueba
13.4,14.28462857142857,0.8846285714285695,Prueba
13.0,13.248000000000008,0.2480000000000082,Prueba
13.600000000000001,14.026,0.4259999999999984,Prueba
13.600000000000001,13.496000000000011,0.10399999999999032,Prueba
13.0,12.606000000000009,0.39399999999999125,Prueba
13.600000000000001,13.263333333333332,0.33666666666666956,Prueba
13.600000000000001,13.40205714285715,0.1979428571428521,Prueba
14.200000000000001,14.269333333333332,0.06933333333333103,Prueba
13.0,13.068333333333342,0.06833333333334224,Prueba
12.600000000000001,12.592,0.008000000000000895,Prueba
14.4,13.638000000000009,0.7619999999999916,Prueba
13.600000000000001,13.413999999999998,0.1860000000000035,Prueba
13.200000000000001,12.989999999999998,0.21000000000000263,Prueba
13.0,12.811999999999994,0.18800000000000594,Prueba
14.0,13.648000000000009,0.35199999999999143,Prueba
14.0,13.870000000000003,0.12999999999999723,Prueba
13.8,14.016000000000002,0.21600000000000108,Prueba
14.4,14.183500000000004,0.21649999999999636,Prueba
13.0,13.280000000000019,0.2800000000000189,Prueba
13.600000000000001,13.747000000000007,0.14700000000000557,Prueba
14.0,14.212000000000005,0.21200000000000507,Prueba
13.600000000000001,13.883799999999997,0.28379999999999583,Prueba
12.0,12.264000000000005,0.2640000000000047,Prueba
13.0,13.326333333333345,0.3263333333333449,Prueba
14.200000000000001,13.755999999999993,0.44400000000000794,Prueba
12.4,12.704999999999993,0.3049999999999926,Prueba
13.200000000000001,13.010666666666665,0.18933333333333557,Prueba
13.8,13.263333333333327,0.5366666666666742,Prueba
13.4,13.146000000000006,0.25399999999999423,Prueba
14.0,14.441500000000005,0.4415000000000049,Prueba
13.4,13.396000000000004,0.003999999999996007,Prueba
14.200000000000001,14.118199999999996,0.08180000000000476,Prueba
12.8,13.336000000000004,0.5360000000000031,Prueba
13.600000000000001,13.834000000000009,0.2340000000000071,Prueba
14.0,14.025999999999996,0.02599999999999625,Prueba
13.8,14.232000000000001,0.4320000000000004,Prueba
13.600000000000001,14.226,0.6259999999999994,Prueba
14.0,13.422500000000003,0.577499999999997,Prueba
13.0,12.858000000000002,0.14199999999999768,Prueba
13.0,13.024666666666668,0.02466666666666839,Prueba
12.600000000000001,12.828000000000005,0.2280000000000033,Prueba
13.600000000000001,13.830666666666673,0.23066666666667146,Prueba
13.4,13.326000000000016,0.07399999999998386,Prueba
12.600000000000001,12.685999999999995,0.08599999999999319,Prueba
12.200000000000001,12.241999999999985,0.04199999999998383,Prueba
13.600000000000001,13.735999999999988,0.1359999999999868,Prueba
12.200000000000001,12.605999999999996,0.40599999999999525,Prueba
13.4,13.430000000000007,0.030000000000006466,Prueba
13.600000000000001,13.780666666666663,0.18066666666666187,Prueba
14.4,14.629999999999995,0.2299999999999951,Prueba
12.600000000000001,13.475999999999997,0.8759999999999959,Prueba
13.200000000000001,13.32466666666667,0.12466666666666981,Prueba
14.4,14.244000000000012,0.15599999999998815,Prueba
13.200000000000001,13.712000000000003,0.5120000000000022,Prueba
13.200000000000001,13.142666666666669,0.05733333333333235,Prueba
12.8,12.550933333333335,0.24906666666666588,Prueba
14.0,13.775999999999993,0.2240000000000073,Prueba
13.8,13.886199999999999,0.08619999999999806,Prueba
13.8,13.825999999999999,0.025999999999998025,Prueba
13.200000000000001,13.510666666666658,0.3106666666666573,Prueba
13.0,13.031000000000011,0.03100000000001124,Prueba
13.600000000000001,12.696000000000009,0.9039999999999928,Prueba
14.0,14.036000000000001,0.036000000000001364,Prueba
14.200000000000001,13.565999999999992,0.6340000000000092,Prueba
14.0,14.074666666666667,0.07466666666666733,Prueba
12.4,12.240000000000004,0.1599999999999966,Prueba
13.200000000000001,13.039999999999996,0.16000000000000547,Prueba
12.8,13.236000000000008,0.43600000000000705,Prueba
14.600000000000001,14.038,0.5620000000000012,Prueba
12.600000000000001,13.158000000000005,0.5580000000000034,Prueba
13.200000000000001,12.532,0.668000000000001,Prueba
12.0,12.231200000000001,0.23120000000000118,Prueba
13.4,13.260000000000002,0.1399999999999988,Prueba
13.4,13.417999999999997,0.01799999999999713,Prueba
12.600000000000001,12.655999999999983,0.0559999999999814,Prueba
13.4,13.12,0.28000000000000114,Prueba
13.8,13.409666666666663,0.39033333333333786,Prueba
12.8,12.685999999999996,0.11400000000000432,Prueba
12.600000000000001,12.517333333333339,0.08266666666666289,Prueba
13.600000000000001,13.596000000000004,0.003999999999997783,Prueba
12.4,12.637999999999998,0.23799999999999777,Prueba
13.4,13.060000000000016,0.33999999999998387,Prueba
13.0,13.16000000000001,0.1600000000000108,Prueba
14.4,14.174333333333328,0.22566666666667246,Prueba
13.8,14.022,0.22199999999999953,Prueba
13.600000000000001,13.151999999999996,0.4480000000000057,Prueba
13.4,13.010000000000007,0.38999999999999346,Prueba
13.0,13.078000000000008,0.07800000000000828,Prueba
14.200000000000001,14.184000000000001,0.016000000000000014,Prueba
13.600000000000001,13.342666666666668,0.2573333333333334,Prueba
14.0,13.580000000000009,0.41999999999999105,Prueba
13.8,13.512000000000006,0.2879999999999949,Prueba
13.0,13.025499999999992,0.025499999999992085,Prueba
12.8,12.93133333333333,0.13133333333332864,Prueba
14.0,13.378000000000007,0.6219999999999928,Prueba
13.0,13.32200000000001,0.32200000000000983,Prueba
13.4,13.767999999999997,0.3679999999999968,Prueba
12.4,12.508000000000006,0.10800000000000587,Prueba
13.600000000000001,13.675999999999995,0.0759999999999934,Prueba
13.600000000000001,13.968,0.36799999999999855,Prueba
13.600000000000001,13.52700000000001,0.07299999999999152,Prueba
12.8,13.014000000000008,0.21400000000000752,Prueba
12.8,12.940000000000005,0.14000000000000412,Prueba
13.600000000000001,13.727999999999986,0.12799999999998413,Prueba
13.600000000000001,13.558000000000007,0.041999999999994486,Prueba
13.4,13.453999999999999,0.053999999999998494,Prueba
13.4,13.85599999999999,0.45599999999998886,Prueba
13.0,13.26200000000001,0.26200000000000934,Prueba
13.8,13.531999999999998,0.26800000000000246,Prueba
13.8,13.946000000000009,0.1460000000000079,Prueba
14.4,13.901999999999994,0.49800000000000644,Prueba
14.4,14.025000000000013,0.37499999999998757,Prueba
13.0,12.887999999999993,0.1120000000000072,Prueba
14.0,13.44490476190476,0.5550952380952392,Prueba
14.200000000000001,14.236000000000004,0.03600000000000314,Prueba
15.0,14.533999999999997,0.46600000000000286,Prueba
12.8,12.485999999999999,0.31400000000000183,Prueba
13.0,13.360400000000013,0.3604000000000127,Prueba
13.0,13.334999999999994,0.33499999999999375,Prueba
13.200000000000001,13.477999999999994,0.27799999999999336,Prueba
14.4,14.527999999999986,0.1279999999999859,Prueba
13.200000000000001,13.236000000000011,0.036000000000010246,Prueba
13.200000000000001,13.314000000000007,0.1140000000000061,Prueba
14.0,14.455999999999996,0.45599999999999596,Prueba
12.8,13.329999999999993,0.5299999999999923,Prueba
14.600000000000001,14.066000000000004,0.5339999999999971,Prueba
14.0,14.144000000000007,0.14400000000000723,Prueba
13.600000000000001,13.763999999999992,0.16399999999999082,Prueba
13.0,13.13000000000001,0.13000000000000966,Prueba
14.200000000000001,13.815999999999988,0.3840000000000128,Prueba
14.0,13.811999999999998,0.1880000000000024,Prueba
12.8,12.793999999999997,0.00600000000000378,Prueba
13.200000000000001,13.479999999999997,0.2799999999999958,Prueba
14.0,13.723999999999997,0.27600000000000335,Prueba
13.600000000000001,12.85066666666666,0.7493333333333414,Prueba
13.8,13.110000000000003,0.6899999999999977,Prueba
13.4,13.740666666666655,0.3406666666666549,Prueba
13.4,13.026,0.37400000000000055,Prueba
13.0,12.8905,0.1095000000000006,Prueba
13.200000000000001,13.693999999999992,0.4939999999999909,Prueba
13.200000000000001,13.649999999999988,0.44999999999998685,Prueba
13.4,13.08200000000001,0.31799999999999073,Prueba
12.8,12.54600000000001,0.2539999999999907,Prueba
13.8,13.887999999999987,0.08799999999998676,Prueba
13.600000000000001,13.432000000000006,0.1679999999999957,Prueba
12.4,12.178000000000003,0.22199999999999775,Prueba
13.200000000000001,13.34133333333333,0.14133333333332843,Prueba
12.600000000000001,12.655999999999992,0.05599999999999028,Prueba
13.200000000000001,13.365999999999996,0.16599999999999504,Prueba
13.200000000000001,13.250000000000005,0.05000000000000426,Prueba
13.4,13.304,0.09600000000000009,Prueba
12.8,12.665999999999997,0.1340000000000039,Prueba
13.4,13.471999999999994,0.07199999999999385,Prueba
14.4,14.191166666666675,0.20883333333332565,Prueba
13.600000000000001,13.683000000000003,0.08300000000000196,Prueba
14.200000000000001,14.721999999999985,0.5219999999999843,Prueba
13.200000000000001,13.123333333333326,0.0766666666666751,Prueba
13.200000000000001,13.090000000000007,0.1099999999999941,Prueba
12.8,13.187500000000016,0.3875000000000153,Prueba
14.8,14.581999999999999,0.21800000000000175,Prueba
13.4,13.009999999999996,0.3900000000000041,Prueba
12.4,13.303200000000002,0.9032000000000018,Prueba
14.4,13.658000000000008,0.741999999999992,Prueba
14.0,13.432,0.5679999999999996,Prueba
13.600000000000001,13.586666666666666,0.013333333333335418,Prueba
14.0,14.386000000000015,0.3860000000000152,Prueba
13.8,13.366000000000001,0.4339999999999993,Prueba
12.4,12.324000000000005,0.07599999999999518,Prueba
14.0,14.268000000000002,0.26800000000000246,Prueba
14.4,13.824666666666653,0.5753333333333472,Prueba
13.8,13.954533333333336,0.15453333333333497,Prueba
14.0,13.644666666666652,0.3553333333333484,Prueba
13.4,13.049999999999994,0.35000000000000675,Prueba
13.600000000000001,13.671499999999996,0.07149999999999501,Prueba
13.4,13.73,0.33000000000000007,Prueba
13.8,13.540000000000004,0.25999999999999623,Prueba
14.0,13.634,0.36599999999999966,Prueba
14.4,14.211999999999996,0.18800000000000416,Prueba
14.0,13.795999999999998,0.2040000000000024,Prueba
13.8,13.517999999999995,0.28200000000000536,Prueba
14.0,14.027999999999997,0.027999999999996916,Prueba
13.4,14.027999999999997,0.6279999999999966,Prueba
13.4,13.220999999999998,0.17900000000000205,Prueba
13.600000000000001,13.417,0.1830000000000016,Prueba
13.600000000000001,13.41247619047619,0.1875238095238121,Prueba
12.8,12.527999999999993,0.27200000000000735,Prueba
13.8,13.923457142857142,0.12345714285714138,Prueba
12.8,12.738000000000005,0.061999999999995836,Prueba
13.4,13.552000000000003,0.1520000000000028,Prueba
13.600000000000001,13.491999999999994,0.10800000000000765,Prueba
13.0,12.93,0.07000000000000028,Prueba
13.8,13.860000000000007,0.060000000000005826,Prueba
13.200000000000001,13.319000000000008,0.11900000000000688,Prueba
13.600000000000001,13.376000000000003,0.22399999999999842,Prueba
13.600000000000001,13.60199999999999,0.0019999999999882334,Prueba
14.0,13.77399999999998,0.2260000000000204,Prueba
14.0,13.76599999999999,0.23400000000001064,Prueba
13.8,13.525999999999996,0.27400000000000446,Prueba
13.600000000000001,13.643466666666669,0.04346666666666721,Prueba
12.600000000000001,12.204000000000002,0.395999999999999,Prueba
13.600000000000001,14.322000000000005,0.7220000000000031,Prueba
13.600000000000001,13.406000000000006,0.1939999999999955,Prueba
14.4,14.198000000000004,0.2019999999999964,Prueba
13.4,13.097999999999999,0.3020000000000014,Prueba
13.4,13.330666666666664,0.06933333333333636,Prueba
14.0,13.500133333333332,0.49986666666666757,Prueba
12.600000000000001,12.914000000000005,0.3140000000000036,Prueba
12.200000000000001,12.649999999999988,0.44999999999998685,Prueba
12.4,13.026999999999994,0.6269999999999936,Prueba
15.0,14.443333333333337,0.5566666666666631,Prueba
13.8,13.137999999999993,0.6620000000000079,Prueba
13.8,14.24433333333334,0.4443333333333399,Prueba
14.4,14.415999999999991,0.015999999999991132,Prueba
14.4,14.549999999999994,0.14999999999999325,Prueba
14.0,13.876000000000001,0.12399999999999878,Prueba
13.0,12.664000000000001,0.3359999999999985,Prueba
12.8,13.093333333333332,0.2933333333333312,Prueba
13.200000000000001,12.887999999999998,0.31200000000000294,Prueba
14.200000000000001,14.278000000000002,0.07800000000000118,Prueba
14.0,14.060000000000002,0.060000000000002274,Prueba
13.600000000000001,13.282000000000007,0.3179999999999943,Prueba
13.4,13.641999999999987,0.24199999999998667,Prueba
13.600000000000001,13.336000000000018,0.26399999999998336,Prueba
13.200000000000001,13.388000000000003,0.1880000000000024,Prueba
12.4,12.564000000000004,0.16400000000000325,Prueba
13.600000000000001,13.676333333333321,0.07633333333332004,Prueba
13.200000000000001,13.804999999999996,0.6049999999999951,Prueba
13.200000000000001,13.43,0.22999999999999865,Prueba
13.0,13.024,0.023999999999999133,Prueba
13.200000000000001,13.307833333333347,0.1078333333333461,Prueba
14.200000000000001,13.980000000000002,0.21999999999999886,Prueba
13.4,13.846666666666653,0.446666666666653,Prueba
14.0,14.163666666666664,0.16366666666666418,Prueba
12.600000000000001,12.79106666666666,0.19106666666665895,Prueba
13.200000000000001,13.542000000000003,0.3420000000000023,Prueba
13.600000000000001,13.34200000000001,0.257999999999992,Prueba
13.600000000000001,13.605999999999995,0.005999999999993122,Prueba
13.0,12.823600000000004,0.17639999999999567,Prueba
13.0,13.144000000000004,0.14400000000000368,Prueba
13.8,13.972428571428573,0.17242857142857204,Prueba
12.4,12.584666666666665,0.18466666666666498,Prueba
13.8,14.150000000000004,0.3500000000000032,Prueba
12.4,12.314,0.0860000000000003,Prueba
12.600000000000001,12.316,0.2840000000000007,Prueba
13.0,13.159,0.1590000000000007,Prueba
13.200000000000001,13.247999999999998,0.04799999999999649,Prueba
15.0,14.601999999999991,0.39800000000000857,Prueba
13.0,12.916000000000004,0.08399999999999608,Prueba
13.200000000000001,13.591999999999993,0.39199999999999235,Prueba
12.0,12.206000000000008,0.2060000000000084,Prueba
13.200000000000001,13.574000000000005,0.3740000000000041,Prueba
13.0,12.495000000000012,0.5049999999999883,Prueba
13.4,13.654000000000002,0.25400000000000134,Prueba
13.4,13.652000000000001,0.25200000000000067,Prueba
12.8,13.53933333333333,0.7393333333333292,Prueba
13.200000000000001,13.533999999999994,0.3339999999999925,Prueba
13.0,12.680000000000001,0.3199999999999985,Prueba
13.8,13.789999999999997,0.01000000000000334,Prueba
13.0,12.623999999999999,0.3760000000000012,Prueba
13.600000000000001,13.571999999999996,0.028000000000005798,Prueba
13.0,13.633999999999993,0.6339999999999932,Prueba
12.8,13.135999999999994,0.3359999999999932,Prueba
14.8,14.307999999999998,0.49200000000000266,Prueba
13.8,13.412000000000008,0.3879999999999928,Prueba
13.200000000000001,13.432000000000006,0.23200000000000465,Prueba
13.0,13.066499999999998,0.06649999999999778,Prueba
13.600000000000001,13.87099999999999,0.27099999999998836,Prueba
14.4,14.2906,0.10940000000000083,Prueba
12.8,12.645999999999999,0.1540000000000017,Prueba
13.600000000000001,13.833999999999987,0.23399999999998577,Prueba
14.4,14.10066666666668,0.2993333333333208,Prueba
12.0,12.634,0.6340000000000003,Prueba
13.0,13.155333333333326,0.155333333333326,Prueba
14.0,14.138000000000007,0.138000000000007,Prueba
13.4,13.492000000000003,0.0920000000000023,Prueba
14.200000000000001,13.798333333333323,0.40166666666667794,Prueba
12.600000000000001,13.05216666666666,0.45216666666665795,Prueba
13.600000000000001,13.086000000000022,0.5139999999999798,Prueba
13.200000000000001,12.865999999999996,0.33400000000000496,Prueba
13.600000000000001,13.458000000000013,0.1419999999999888,Prueba
12.600000000000001,12.102000000000002,0.49799999999999933,Prueba
13.4,13.516000000000005,0.11600000000000499,Prueba
13.200000000000001,13.318,0.11799999999999855,Prueba
13.4,13.217666666666672,0.1823333333333288,Prueba
13.200000000000001,13.01,0.19000000000000128,Prueba
13.200000000000001,13.284000000000006,0.08400000000000496,Prueba
13.600000000000001,13.267999999999995,0.33200000000000607,Prueba
12.8,13.497999999999998,0.6979999999999968,Prueba
14.200000000000001,14.422000000000008,0.22200000000000664,Prueba
13.0,13.118000000000006,0.11800000000000566,Prueba
13.8,13.54000000000001,0.2599999999999909,Prueba
13.200000000000001,12.703999999999994,0.49600000000000755,Prueba
13.8,14.206999999999999,0.40699999999999825,Prueba
13.600000000000001,13.438000000000015,0.1619999999999866,Prueba
12.4,12.757000000000005,0.35700000000000465,Prueba
13.8,13.483999999999998,0.3160000000000025,Prueba
12.200000000000001,12.603999999999992,0.40399999999999103,Prueba
13.0,13.184000000000001,0.18400000000000105,Prueba
12.600000000000001,12.647000000000007,0.047000000000005926,Prueba
13.600000000000001,13.59199999999999,0.008000000000011553,Prueba
13.0,12.632666666666669,0.36733333333333107,Prueba
13.8,13.546000000000001,0.25399999999999956,Prueba
14.0,13.786,0.2140000000000004,Prueba
13.0,13.510000000000005,0.5100000000000051,Prueba
13.4,13.57928571428571,0.17928571428570983,Prueba
13.200000000000001,12.904000000000002,0.2959999999999994,Prueba
14.8,14.69199999999999,0.1080000000000112,Prueba
13.8,13.725999999999994,0.07400000000000695,Prueba
13.8,13.54999999999999,0.25000000000001066,Prueba
12.8,13.078333333333342,0.2783333333333413,Prueba
12.8,12.471000000000004,0.3289999999999971,Prueba
12.8,13.267333333333342,0.46733333333334137,Prueba
14.0,14.067999999999994,0.06799999999999429,Prueba
12.8,13.548000000000004,0.7480000000000029,Prueba
13.200000000000001,13.110000000000005,0.0899999999999963,Prueba
13.0,13.473999999999995,0.47399999999999487,Prueba
14.200000000000001,14.075833333333344,0.12416666666665677,Prueba
13.600000000000001,13.78199999999999,0.18199999999998795,Prueba
13.600000000000001,13.6098,0.009799999999998477,Prueba
13.0,13.086000000000006,0.08600000000000563,Prueba
14.8,14.80199999999999,0.0019999999999900098,Prueba
13.600000000000001,13.273999999999994,0.3260000000000076,Prueba
13.4,13.895999999999999,0.49599999999999866,Prueba
14.600000000000001,14.320000000000002,0.27999999999999936,Prueba
13.4,13.205400000000006,0.1945999999999941,Prueba
13.8,13.66799999999999,0.13200000000001033,Prueba
14.200000000000001,14.053200000000002,0.14679999999999893,Prueba
14.200000000000001,13.984000000000012,0.21599999999998865,Prueba
13.4,13.101999999999991,0.2980000000000089,Prueba
14.200000000000001,14.29600000000001,0.09600000000000897,Prueba
14.8,14.539999999999997,0.26000000000000334,Prueba
12.600000000000001,12.82333333333333,0.22333333333332916,Prueba
14.4,14.055833333333341,0.3441666666666592,Prueba
12.8,13.290000000000004,0.49000000000000377,Prueba
13.600000000000001,14.03950000000001,0.4395000000000078,Prueba
13.4,12.900000000000013,0.49999999999998757,Prueba
13.600000000000001,12.493999999999998,1.1060000000000034,Prueba
13.8,13.952999999999998,0.15299999999999692,Prueba
13.200000000000001,12.782,0.41800000000000104,Prueba
13.8,14.070500000000008,0.2705000000000073,Prueba
12.4,12.220000000000004,0.17999999999999616,Prueba
13.0,12.898000000000001,0.10199999999999854,Prueba
13.8,13.813999999999995,0.013999999999994017,Prueba
13.8,13.917666666666664,0.11766666666666303,Prueba
14.8,14.371666666666671,0.42833333333332924,Prueba
13.600000000000001,13.504000000000003,0.09599999999999831,Prueba
13.200000000000001,13.300133333333335,0.10013333333333385,Prueba
12.200000000000001,12.799666666666676,0.5996666666666748,Prueba
13.4,13.70600000000001,0.3060000000000098,Prueba
13.4,12.953999999999999,0.4460000000000015,Prueba
13.0,13.725999999999988,0.7259999999999884,Prueba
13.200000000000001,13.044000000000004,0.15599999999999703,Prueba
13.4,13.817999999999994,0.41799999999999393,Prueba
12.600000000000001,12.725333333333337,0.12533333333333552,Prueba
12.600000000000001,12.416000000000004,0.1839999999999975,Prueba
12.600000000000001,13.040600000000001,0.4405999999999999,Prueba
13.600000000000001,13.378000000000004,0.22199999999999775,Prueba
13.8,13.838999999999992,0.03899999999999082,Prueba
13.4,13.743999999999987,0.343999999999987,Prueba
13.4,13.091466666666667,0.3085333333333331,Prueba
13.600000000000001,13.765999999999993,0.1659999999999915,Prueba
13.600000000000001,13.828000000000008,0.22800000000000686,Prueba
13.600000000000001,13.677999999999999,0.07799999999999763,Prueba
12.600000000000001,12.153999999999996,0.44600000000000506,Prueba
14.0,13.941000000000006,0.058999999999993946,Prueba
14.200000000000001,13.917999999999997,0.2820000000000036,Prueba
12.200000000000001,12.849333333333323,0.6493333333333222,Prueba
13.600000000000001,13.609333333333325,0.009333333333323424,Prueba
13.0,12.829999999999998,0.1700000000000017,Prueba
12.0,12.388,0.3879999999999999,Prueba
13.8,13.64680000000001,0.15319999999999112,Prueba
13.200000000000001,13.460000000000003,0.26000000000000156,Prueba
12.0,12.42200000000001,0.4220000000000095,Prueba
13.4,13.72733333333333,0.32733333333333015,Prueba
13.4,12.991700000000003,0.408299999999997,Prueba
13.0,12.901999999999992,0.09800000000000786,Prueba
15.0,14.505666666666663,0.49433333333333707,Prueba
14.200000000000001,13.801999999999996,0.398000000000005,Prueba
14.8,14.484000000000002,0.31599999999999895,Prueba
14.200000000000001,14.193999999999996,0.0060000000000055564,Prueba
14.4,13.996800000000016,0.403199999999984,Prueba
12.8,12.930000000000001,0.13000000000000078,Prueba
12.600000000000001,12.426000000000005,0.17399999999999594,Prueba
13.600000000000001,13.482000000000003,0.11799999999999855,Prueba
12.8,12.931999999999992,0.1319999999999908,Prueba
13.200000000000001,13.45933333333334,0.2593333333333394,Prueba
14.4,14.003999999999998,0.39600000000000257,Prueba
12.8,12.866000000000012,0.06600000000001138,Prueba
13.8,13.505999999999995,0.2940000000000058,Prueba
13.600000000000001,13.184000000000015,0.41599999999998616,Prueba
13.4,13.38400000000001,0.015999999999991132,Prueba
13.0,13.312600000000005,0.3126000000000051,Prueba
13.0,13.308666666666667,0.3086666666666673,Prueba
14.0,14.182000000000011,0.18200000000001104,Prueba
14.200000000000001,13.925333333333333,0.2746666666666684,Prueba
13.0,12.736999999999984,0.2630000000000159,Prueba
12.8,13.091999999999999,0.29199999999999804,Prueba
14.4,14.106000000000003,0.29399999999999693,Prueba
14.600000000000001,14.384666666666673,0.21533333333332827,Prueba
12.8,12.348400000000016,0.4515999999999849,Prueba
13.0,12.961999999999998,0.03800000000000203,Prueba
13.600000000000001,13.706,0.1059999999999981,Prueba
13.0,13.12600000000001,0.1260000000000101,Prueba
13.600000000000001,13.859999999999987,0.2599999999999856,Prueba
12.600000000000001,12.632000000000003,0.032000000000001805,Prueba
12.4,12.657999999999998,0.25799999999999734,Prueba
13.600000000000001,13.725199999999997,0.12519999999999598,Prueba
14.4,14.74399999999998,0.3439999999999799,Prueba
14.200000000000001,13.57,0.6300000000000008,Prueba
13.200000000000001,13.380000000000006,0.18000000000000504,Prueba
13.0,12.722000000000001,0.2779999999999987,Prueba
12.4,12.074000000000005,0.3259999999999952,Prueba
13.600000000000001,13.214,0.386000000000001,Prueba
13.200000000000001,13.42600000000001,0.22600000000000975,Prueba
13.4,13.829999999999998,0.42999999999999794,Prueba
13.4,13.022000000000006,0.3779999999999948,Prueba
13.600000000000001,13.559333333333328,0.040666666666673734,Prueba
12.8,12.857999999999999,0.05799999999999805,Prueba
14.200000000000001,14.170000000000005,0.029999999999995808,Prueba
14.0,13.778000000000006,0.2219999999999942,Prueba
13.0,12.892000000000005,0.10799999999999521,Prueba
13.200000000000001,12.836333333333327,0.36366666666667413,Prueba
13.200000000000001,13.488000000000005,0.2880000000000038,Prueba
12.600000000000001,12.563999999999998,0.03600000000000314,Prueba
13.4,13.870000000000013,0.4700000000000131,Prueba
13.0,13.236000000000004,0.2360000000000042,Prueba
13.4,13.577999999999998,0.17799999999999727,Prueba
13.200000000000001,12.9026,0.29740000000000144,Prueba
14.4,14.272000000000016,0.12799999999998413,Prueba
13.4,13.232000000000017,0.16799999999998327,Prueba
13.4,13.641999999999994,0.24199999999999378,Prueba
13.200000000000001,13.170000000000002,0.02999999999999936,Prueba
14.4,14.376000000000008,0.023999999999992028,Prueba
13.200000000000001,13.456000000000003,0.256000000000002,Prueba
13.600000000000001,13.711666666666666,0.11166666666666458,Prueba
13.0,13.275999999999994,0.27599999999999447,Prueba
13.8,13.876000000000012,0.07600000000001117,Prueba
13.4,13.338000000000006,0.06199999999999406,Prueba
13.4,13.952,0.5519999999999996,Prueba
13.600000000000001,13.896,0.2959999999999994,Prueba
12.4,12.192000000000013,0.20799999999998775,Prueba
13.600000000000001,13.254000000000017,0.3459999999999841,Prueba
13.200000000000001,13.118,0.08200000000000074,Prueba
12.0,12.229999999999997,0.22999999999999687,Prueba
13.200000000000001,12.560000000000002,0.6399999999999988,Prueba
13.8,13.967999999999996,0.1679999999999957,Prueba
14.200000000000001,14.523999999999987,0.32399999999998563,Prueba
14.0,13.535999999999996,0.46400000000000396,Prueba
12.0,12.315999999999992,0.31599999999999184,Prueba
14.200000000000001,13.532000000000012,0.6679999999999886,Prueba
13.200000000000001,13.663999999999987,0.4639999999999862,Prueba
13.200000000000001,13.627000000000002,0.4270000000000014,Prueba
14.4,14.132,0.2680000000000007,Prueba
14.8,14.4318,0.36819999999999986,Prueba
14.0,13.802499999999991,0.19750000000000867,Prueba
14.200000000000001,13.740666666666655,0.4593333333333458,Prueba
13.0,12.636666666666661,0.3633333333333386,Prueba
13.200000000000001,13.248000000000012,0.0480000000000107,Prueba
14.0,13.97699999999999,0.023000000000010346,Prueba
13.0,12.914000000000001,0.08599999999999852,Prueba
13.0,12.503000000000009,0.496999999999991,Prueba
12.8,13.046000000000006,0.24600000000000577,Prueba
12.600000000000001,12.710000000000003,0.11000000000000121,Prueba
13.0,13.252,0.25200000000000067,Prueba
12.8,13.184000000000008,0.38400000000000745,Prueba
13.0,12.53,0.47000000000000064,Prueba
14.600000000000001,14.487999999999994,0.1120000000000072,Prueba
12.0,12.076,0.07600000000000051,Prueba
12.8,13.119833333333336,0.3198333333333352,Prueba
13.4,13.545999999999994,0.1459999999999937,Prueba
13.600000000000001,14.008999999999991,0.40899999999999004,Prueba
14.0,14.424666666666658,0.4246666666666581,Prueba
14.4,14.623999999999999,0.22399999999999842,Prueba
13.0,13.318000000000001,0.3180000000000014,Prueba
13.200000000000001,13.716,0.5159999999999982,Prueba
14.4,14.126000000000015,0.2739999999999849,Prueba
14.0,13.738000000000007,0.26199999999999335,Prueba
13.0,12.913999999999994,0.08600000000000563,Prueba
12.4,12.690000000000003,0.2900000000000027,Prueba
13.0,13.10400000000001,0.10400000000000986,Prueba
12.200000000000001,12.739999999999984,0.5399999999999832,Prueba
12.8,12.670000000000002,0.129999999999999,Prueba
13.200000000000001,13.306666666666667,0.10666666666666558,Prueba
13.600000000000001,13.575999999999997,0.024000000000004462,Prueba
14.200000000000001,14.278000000000013,0.07800000000001184,Prueba
12.600000000000001,12.338000000000012,0.2619999999999898,Prueba
13.8,13.943666666666672,0.14366666666667172,Prueba
14.8,14.344000000000001,0.4559999999999995,Prueba
12.200000000000001,12.959733333333334,0.7597333333333331,Prueba
12.8,12.460000000000003,0.3399999999999981,Prueba
13.200000000000001,13.248000000000005,0.048000000000003595,Prueba
11.8,12.516666666666673,0.7166666666666721,Prueba
13.0,13.472000000000001,0.4720000000000013,Prueba
14.0,13.792000000000003,0.20799999999999663,Prueba
12.600000000000001,13.160000000000004,0.5600000000000023,Prueba
13.0,13.146000000000006,0.14600000000000612,Prueba
13.4,13.255333333333333,0.1446666666666676,Prueba
13.8,13.591999999999986,0.2080000000000144,Prueba
13.8,12.898333333333333,0.9016666666666673,Prueba
12.600000000000001,12.627999999999988,0.027999999999986258,Prueba
14.200000000000001,13.759999999999986,0.4400000000000155,Prueba
12.600000000000001,13.366000000000007,0.7660000000000053,Prueba
13.200000000000001,13.382,0.1819999999999986,Prueba
15.0,14.414000000000003,0.5859999999999967,Prueba
13.600000000000001,13.707999999999995,0.10799999999999343,Prueba
14.600000000000001,14.623999999999992,0.02399999999999025,Prueba
12.8,12.920866666666669,0.12086666666666801,Prueba
13.200000000000001,12.854,0.34600000000000186,Prueba
13.4,13.677999999999995,0.27799999999999514,Prueba
14.8,14.429999999999996,0.37000000000000455,Prueba
13.0,13.161400000000006,0.16140000000000576,Prueba
14.0,14.05600000000001,0.05600000000000982,Prueba
13.0,13.18800000000001,0.1880000000000095,Prueba
12.200000000000001,12.570844444444448,0.3708444444444474,Prueba
13.600000000000001,13.842000000000011,0.24200000000000976,Prueba
12.8,13.314,0.5139999999999993,Prueba
13.8,13.697999999999995,0.10200000000000564,Prueba
13.8,14.035999999999992,0.23599999999999177,Prueba
14.8,14.015900000000006,0.7840999999999951,Prueba
12.8,12.824000000000002,0.02400000000000091,Prueba
13.600000000000001,13.370000000000006,0.2299999999999951,Prueba
13.600000000000001,13.609200000000001,0.009199999999999875,Prueba
12.600000000000001,12.888000000000007,0.2880000000000056,Prueba
14.4,13.886666666666667,0.5133333333333336,Prueba
13.0,12.738666666666667,0.261333333333333,Prueba
12.8,12.813999999999995,0.013999999999994017,Prueba
12.200000000000001,12.735999999999992,0.5359999999999907,Prueba
13.8,13.566000000000004,0.23399999999999643,Prueba
14.4,14.512000000000002,0.11200000000000188,Prueba
13.0,13.144399999999994,0.14439999999999387,Prueba
13.600000000000001,13.788000000000002,0.1880000000000006,Prueba
13.8,13.669999999999993,0.1300000000000079,Prueba
13.0,12.841999999999995,0.1580000000000048,Prueba
13.4,13.517999999999994,0.11799999999999322,Prueba
12.4,12.791999999999994,0.39199999999999413,Prueba
13.0,12.857999999999986,0.14200000000001367,Prueba
14.0,14.165999999999991,0.1659999999999915,Prueba
13.0,13.051999999999989,0.051999999999988944,Prueba
13.4,13.007999999999996,0.3920000000000048,Prueba
12.200000000000001,12.126000000000003,0.07399999999999807,Prueba
13.8,14.491999999999988,0.6919999999999877,Prueba
13.8,13.492000000000008,0.3079999999999927,Prueba
12.8,12.589999999999993,0.21000000000000796,Prueba
13.8,13.677999999999997,0.12200000000000344,Prueba
13.8,14.256900000000005,0.4569000000000045,Prueba
12.200000000000001,12.746533333333327,0.5465333333333255,Prueba
13.4,13.595999999999993,0.19599999999999262,Prueba
13.600000000000001,13.434999999999995,0.16500000000000625,Prueba
13.200000000000001,13.316999999999993,0.116999999999992,Prueba
12.200000000000001,12.29600000000001,0.09600000000000897,Prueba
13.4,13.566000000000004,0.16600000000000392,Prueba
13.8,14.171999999999995,0.37199999999999456,Prueba
13.200000000000001,12.909999999999995,0.29000000000000625,Prueba
14.200000000000001,14.287999999999986,0.08799999999998498,Prueba
14.0,13.679999999999998,0.32000000000000206,Prueba
12.200000000000001,12.163999999999996,0.03600000000000492,Prueba
13.200000000000001,13.028000000000004,0.17199999999999704,Prueba
14.200000000000001,13.718000000000009,0.4819999999999922,Prueba
12.8,13.149999999999991,0.34999999999999076,Prueba
12.4,12.204000000000017,0.19599999999998374,Prueba
14.200000000000001,13.693733333333336,0.5062666666666651,Prueba
13.4,13.623666666666672,0.2236666666666718,Prueba
13.600000000000001,13.482000000000006,0.117999999999995,Prueba
13.0,12.515999999999998,0.48400000000000176,Prueba
13.8,13.997333333333332,0.19733333333333114,Prueba
13.200000000000001,13.609599999999991,0.4095999999999904,Prueba
13.4,13.828000000000007,0.42800000000000615,Prueba
12.200000000000001,12.52799999999999,0.32799999999998875,Prueba
13.0,13.47399999999999,0.47399999999998954,Prueba
14.0,14.236000000000008,0.23600000000000776,Prueba
13.4,13.862000000000005,0.4620000000000051,Prueba
13.0,12.979333333333331,0.02066666666666883,Prueba
13.4,13.773333333333328,0.37333333333332774,Prueba
13.0,13.017333333333326,0.017333333333326095,Prueba
13.600000000000001,13.956000000000001,0.35599999999999987,Prueba
13.4,14.117733333333343,0.7177333333333422,Prueba
13.4,13.042000000000003,0.357999999999997,Prueba
12.600000000000001,12.596000000000002,0.0039999999999995595,Prueba
14.0,14.052000000000012,0.05200000000001204,Prueba
14.0,13.440000000000008,0.5599999999999916,Prueba
14.4,13.721999999999985,0.678000000000015,Prueba
14.0,13.713999999999997,0.28600000000000314,Prueba
13.200000000000001,13.00633333333333,0.19366666666667065,Prueba
13.4,13.603999999999987,0.20399999999998641,Prueba
14.200000000000001,14.153500000000001,0.046499999999999986,Prueba
14.200000000000001,13.714,0.48600000000000065,Prueba
13.8,13.260000000000014,0.5399999999999867,Prueba
12.8,12.845999999999993,0.04599999999999227,Prueba
12.600000000000001,12.687999999999995,0.08799999999999386,Prueba
14.0,13.466000000000006,0.5339999999999936,Prueba
14.200000000000001,14.059999999999995,0.1400000000000059,Prueba
13.8,13.61,0.19000000000000128,Prueba
14.200000000000001,14.168666666666674,0.03133333333332722,Prueba
13.600000000000001,13.432,0.16800000000000104,Prueba
14.0,13.828,0.1720000000000006,Prueba
13.0,12.472833333333334,0.5271666666666661,Prueba
14.200000000000001,13.849999999999982,0.3500000000000192,Prueba
13.600000000000001,13.344000000000005,0.2559999999999967,Prueba
13.0,13.111066666666668,0.11106666666666776,Prueba
12.600000000000001,12.648000000000007,0.04800000000000537,Prueba
13.600000000000001,13.405999999999992,0.19400000000000972,Prueba
14.4,14.451999999999993,0.0519999999999925,Prueba
12.600000000000001,12.731333333333328,0.13133333333332686,Prueba
12.200000000000001,12.611199999999995,0.4111999999999938,Prueba
13.200000000000001,13.12240000000001,0.07759999999999145,Prueba
12.8,13.025999999999994,0.22599999999999376,Prueba
13.600000000000001,13.665999999999997,0.0659999999999954,Prueba
12.0,12.31400000000001,0.3140000000000107,Prueba
12.600000000000001,12.991499999999998,0.3914999999999971,Prueba
14.200000000000001,14.058000000000003,0.14199999999999768,Prueba
13.600000000000001,13.872000000000009,0.27200000000000735,Prueba
13.4,13.035000000000002,0.36499999999999844,Prueba
12.200000000000001,12.664000000000003,0.4640000000000022,Prueba
14.0,13.797999999999988,0.2020000000000124,Prueba
12.8,13.231999999999998,0.43199999999999683,Prueba
13.0,12.71,0.28999999999999915,Prueba
12.8,12.931999999999999,0.1319999999999979,Prueba
13.0,13.701999999999993,0.7019999999999929,Prueba
13.4,13.675999999999988,0.27599999999998737,Prueba
13.600000000000001,13.42,0.1800000000000015,Prueba
12.8,13.16000000000001,0.3600000000000101,Prueba
13.4,13.414000000000001,0.014000000000001123,Prueba
13.200000000000001,13.363466666666666,0.16346666666666465,Prueba
13.200000000000001,13.401000000000005,0.20100000000000406,Prueba
12.8,13.110000000000007,0.3100000000000058,Prueba
14.0,14.22400000000001,0.22400000000001086,Prueba
13.0,12.843666666666666,0.15633333333333432,Prueba
12.8,12.741999999999997,0.05800000000000338,Prueba
13.4,13.813999999999998,0.4139999999999979,Prueba
12.600000000000001,12.97533333333334,0.37533333333333907,Prueba
13.8,13.290000000000015,0.5099999999999856,Prueba
13.0,12.9817,0.018299999999999983,Prueba
13.8,13.70733333333333,0.09266666666667156,Prueba
13.0,13.32,0.3200000000000003,Prueba
14.600000000000001,13.878666666666666,0.7213333333333356,Prueba
13.4,13.528799999999999,0.12879999999999825,Prueba
13.4,13.384000000000004,0.01599999999999646,Prueba
13.4,13.144,0.2560000000000002,Prueba
14.4,14.541999999999994,0.14199999999999413,Prueba
14.4,14.671999999999995,0.2719999999999949,Prueba
14.0,13.953333333333335,0.04666666666666508,Prueba
12.8,13.184999999999997,0.38499999999999623,Prueba
13.0,13.169333333333348,0.16933333333334843,Prueba
13.200000000000001,13.474,0.27399999999999913,Prueba
14.0,13.252000000000017,0.7479999999999833,Prueba
14.200000000000001,14.08266666666666,0.11733333333334173,Prueba
14.0,13.906000000000006,0.09399999999999409,Prueba
12.600000000000001,13.165999999999997,0.5659999999999954,Prueba
13.200000000000001,13.73200000000001,0.5320000000000089,Prueba
13.4,12.62,0.7800000000000011,Prueba
13.4,13.398000000000001,0.0019999999999988916,Prueba
13.200000000000001,13.390000000000002,0.19000000000000128,Prueba
13.600000000000001,13.846000000000004,0.24600000000000222,Prueba
13.0,13.480800000000004,0.4808000000000039,Prueba
13.600000000000001,13.512000000000002,0.08799999999999919,Prueba
13.4,13.561999999999994,0.1619999999999937,Prueba
13.600000000000001,13.537066666666657,0.06293333333334417,Prueba
13.4,13.001999999999995,0.398000000000005,Prueba
13.200000000000001,13.314000000000005,0.11400000000000432,Prueba
14.4,14.044666666666666,0.35533333333333417,Prueba
12.8,12.557999999999998,0.24200000000000266,Prueba
13.4,13.107999999999983,0.2920000000000176,Prueba
13.0,12.869999999999996,0.13000000000000433,Prueba
13.4,13.088000000000008,0.3119999999999923,Prueba
14.200000000000001,14.141999999999996,0.05800000000000516,Prueba
14.200000000000001,14.209999999999996,0.009999999999994458,Prueba
13.4,12.743999999999996,0.6560000000000041,Prueba
12.600000000000001,12.736000000000004,0.13600000000000279,Prueba
13.4,13.030000000000006,0.3699999999999939,Prueba
13.0,12.85999999999999,0.14000000000000945,Prueba
13.600000000000001,13.354,0.24600000000000222,Prueba
13.600000000000001,13.953999999999992,0.3539999999999903,Prueba
13.0,13.196000000000003,0.19600000000000328,Prueba
14.4,14.306000000000004,0.09399999999999586,Prueba
13.600000000000001,13.585999999999991,0.014000000000010004,Prueba
14.200000000000001,14.083999999999993,0.11600000000000854,Prueba
14.4,14.675333333333324,0.27533333333332344,Prueba
13.4,12.888,0.5120000000000005,Prueba
12.8,12.300000000000002,0.4999999999999982,Prueba
13.4,13.472000000000014,0.07200000000001339,Prueba
12.600000000000001,12.661999999999994,0.061999999999992284,Prueba
14.0,13.541999999999998,0.45800000000000196,Prueba
13.0,13.001999999999992,0.001999999999991786,Prueba
13.4,13.393000000000004,0.0069999999999961204,Prueba
12.200000000000001,12.021999999999993,0.17800000000000793,Prueba
13.600000000000001,13.376,0.22400000000000198,Prueba
12.600000000000001,13.480000000000008,0.8800000000000061,Prueba
12.600000000000001,13.06133333333334,0.46133333333333937,Prueba
13.4,13.803999999999998,0.40399999999999814,Prueba
13.8,13.741999999999988,0.058000000000012264,Prueba
13.600000000000001,13.6304,0.03039999999999843,Prueba
14.4,14.44600000000001,0.04600000000001003,Prueba
14.200000000000001,14.18399999999999,0.016000000000010672,Prueba
13.8,13.533999999999997,0.26600000000000357,Prueba
13.0,13.306000000000006,0.30600000000000627,Prueba
14.200000000000001,14.468000000000009,0.2680000000000078,Prueba
13.8,13.492,0.30799999999999983,Prueba
13.0,13.385333333333334,0.3853333333333335,Prueba
13.200000000000001,12.677333333333333,0.5226666666666677,Prueba
13.200000000000001,12.769999999999996,0.43000000000000504,Prueba
14.0,13.820514285714282,0.17948571428571825,Prueba
12.600000000000001,12.975999999999997,0.3759999999999959,Prueba
13.0,13.266000000000012,0.26600000000001245,Prueba
13.0,13.071799999999996,0.07179999999999609,Prueba
12.600000000000001,12.613999999999997,0.013999999999995794,Prueba
12.0,12.260000000000012,0.2600000000000122,Prueba
13.0,12.905999999999995,0.09400000000000475,Prueba
14.0,14.043733333333332,0.04373333333333207,Prueba
13.4,13.190000000000003,0.2099999999999973,Prueba
14.0,14.521999999999997,0.5219999999999967,Prueba
13.600000000000001,13.162000000000004,0.43799999999999706,Prueba
14.600000000000001,14.831999999999992,0.23199999999999044,Prueba
13.600000000000001,13.389999999999997,0.2100000000000044,Prueba
13.4,13.829999999999995,0.4299999999999944,Prueba
12.4,12.089999999999996,0.31000000000000405,Prueba
14.600000000000001,13.839333333333325,0.7606666666666762,Prueba
13.4,13.391999999999996,0.008000000000004448,Prueba
14.200000000000001,13.987833333333342,0.2121666666666595,Prueba
14.200000000000001,13.807999999999995,0.39200000000000657,Prueba
13.600000000000001,13.468000000000002,0.13199999999999967,Prueba
13.8,13.789999999999997,0.01000000000000334,Prueba
14.4,13.982666666666665,0.41733333333333533,Prueba
13.4,13.218000000000004,0.18199999999999683,Prueba
14.600000000000001,14.156000000000006,0.4439999999999955,Prueba
12.600000000000001,12.990000000000002,0.39000000000000057,Prueba
14.4,14.20400000000001,0.19599999999999085,Prueba
13.600000000000001,13.434000000000012,0.1659999999999897,Prueba
14.0,13.994000000000005,0.005999999999994898,Prueba
13.200000000000001,13.673999999999996,0.47399999999999487,Prueba
13.0,13.541999999999998,0.541999999999998,Prueba
12.600000000000001,12.420000000000005,0.17999999999999616,Prueba
14.200000000000001,14.077333333333335,0.12266666666666559,Prueba
13.0,13.336600000000002,0.33660000000000245,Prueba
14.200000000000001,14.055900000000007,0.14409999999999457,Prueba
13.0,13.213999999999999,0.21399999999999864,Prueba
14.8,14.763999999999983,0.03600000000001735,Prueba
13.4,13.548000000000002,0.14800000000000146,Prueba
13.200000000000001,12.76866666666666,0.4313333333333418,Prueba
13.600000000000001,13.559999999999986,0.040000000000015135,Prueba
12.8,12.920000000000002,0.120000000000001,Prueba
13.8,14.0956,0.29559999999999853,Prueba
11.8,12.029999999999989,0.229999999999988,Prueba
13.600000000000001,13.933999999999996,0.3339999999999943,Prueba
12.600000000000001,12.273999999999987,0.3260000000000147,Prueba
13.0,12.996000000000004,0.003999999999996007,Prueba
12.200000000000001,12.654333333333327,0.4543333333333255,Prueba
13.0,13.087199999999998,0.0871999999999975,Prueba
13.8,13.561999999999996,0.23800000000000487,Prueba
14.8,14.554000000000004,0.2459999999999969,Prueba
12.8,12.843999999999994,0.04399999999999338,Prueba
13.8,13.791999999999994,0.008000000000006224,Prueba
13.200000000000001,13.286000000000008,0.0860000000000074,Prueba
12.200000000000001,12.458000000000006,0.25800000000000445,Prueba
12.0,12.204000000000015,0.20400000000001484,Prueba
14.600000000000001,14.420000000000014,0.17999999999998728,Prueba
13.600000000000001,12.989999999999995,0.6100000000000065,Prueba
14.0,13.88136666666667,0.11863333333332982,Prueba
13.200000000000001,13.190000000000005,0.009999999999996234,Prueba
12.600000000000001,12.735999999999999,0.13599999999999746,Prueba
13.4,13.869999999999989,0.4699999999999882,Prueba
14.0,13.582000000000004,0.4179999999999957,Prueba
13.4,12.997999999999996,0.4020000000000046,Prueba
13.200000000000001,12.666000000000002,0.5339999999999989,Prueba
14.0,13.451999999999996,0.5480000000000036,Prueba
12.600000000000001,13.174000000000012,0.5740000000000105,Prueba
13.0,12.757400000000011,0.24259999999998882,Prueba
13.0,12.615333333333327,0.38466666666667315,Prueba
13.0,12.913999999999994,0.08600000000000563,Prueba
14.0,13.869333333333342,0.1306666666666576,Prueba
13.200000000000001,13.264000000000003,0.06400000000000183,Prueba
13.4,13.640000000000008,0.24000000000000732,Prueba
12.0,12.163999999999996,0.16399999999999615,Prueba
12.600000000000001,12.273999999999996,0.32600000000000584,Prueba
12.600000000000001,13.258666666666663,0.6586666666666616,Prueba
14.4,13.974000000000004,0.4259999999999966,Prueba
14.4,13.941999999999998,0.45800000000000196,Prueba
14.0,13.304000000000006,0.6959999999999944,Prueba
12.200000000000001,12.403999999999991,0.20399999999998997,Prueba
13.8,13.779999999999989,0.020000000000012008,Prueba
13.8,13.756333333333327,0.04366666666667385,Prueba
13.8,13.145333333333326,0.6546666666666745,Prueba
13.600000000000001,13.378000000000007,0.2219999999999942,Prueba
13.0,13.4584,0.45839999999999925,Prueba
13.4,13.749999999999995,0.3499999999999943,Prueba
14.0,13.71,0.28999999999999915,Prueba
14.4,14.4,0.0,Prueba
13.4,13.114666666666663,0.28533333333333744,Prueba
13.0,13.732000000000003,0.7320000000000029,Prueba
14.4,14.186000000000014,0.2139999999999862,Prueba
12.0,12.177999999999997,0.17799999999999727,Prueba
13.4,14.098000000000003,0.6980000000000022,Prueba
13.4,13.475200000000003,0.07520000000000238,Prueba
12.0,12.171999999999995,0.17199999999999527,Prueba
14.0,14.237333333333344,0.2373333333333445,Prueba
13.200000000000001,12.716000000000003,0.4839999999999982,Prueba
13.200000000000001,13.218,0.017999999999998906,Prueba
14.0,14.309999999999993,0.3099999999999934,Prueba
13.8,13.346000000000005,0.4539999999999953,Prueba
12.600000000000001,12.736000000000004,0.13600000000000279,Prueba
12.600000000000001,12.729999999999988,0.12999999999998657,Prueba
13.600000000000001,13.474800000000009,0.12519999999999243,Prueba
14.4,13.929999999999998,0.4700000000000024,Prueba
13.8,13.314,0.48600000000000065,Prueba
12.0,13.159333333333338,1.159333333333338,Prueba
12.8,12.89000000000001,0.09000000000000874,Prueba
13.0,13.366666666666667,0.36666666666666714,Prueba
13.600000000000001,13.606000000000003,0.006000000000002004,Prueba
13.4,13.319999999999983,0.08000000000001783,Prueba
13.0,13.369000000000005,0.3690000000000051,Prueba
15.0,14.670000000000002,0.3299999999999983,Prueba
13.200000000000001,13.268000000000008,0.06800000000000672,Prueba
13.0,13.300999999999998,0.3009999999999984,Prueba
13.0,13.644000000000004,0.6440000000000037,Prueba
14.0,14.046000000000014,0.046000000000013586,Prueba
13.0,13.00799999999999,0.007999999999990237,Prueba
13.0,12.919999999999993,0.08000000000000718,Prueba
13.0,12.981999999999992,0.018000000000007788,Prueba
14.4,14.207,0.19299999999999962,Prueba
12.4,12.56466666666666,0.16466666666666008,Prueba
14.4,14.61999999999999,0.21999999999998998,Prueba
13.4,13.441333333333334,0.04133333333333411,Prueba
12.600000000000001,12.892333333333342,0.29233333333334066,Prueba
13.200000000000001,13.501999999999995,0.3019999999999943,Prueba
13.0,12.85,0.15000000000000036,Prueba
13.0,13.530000000000008,0.5300000000000082,Prueba
14.200000000000001,14.535999999999984,0.33599999999998253,Prueba
14.0,13.720333333333338,0.27966666666666207,Prueba
13.200000000000001,13.19530000000001,0.004699999999990823,Prueba
14.4,14.424000000000005,0.024000000000004462,Prueba
12.200000000000001,12.736266666666657,0.5362666666666556,Prueba
14.4,13.695999999999987,0.7040000000000131,Prueba
12.8,12.844000000000001,0.04400000000000048,Prueba
13.200000000000001,13.781999999999998,0.5819999999999972,Prueba
12.600000000000001,12.610666666666667,0.010666666666665492,Prueba
13.8,14.210000000000003,0.4100000000000019,Prueba
13.600000000000001,13.624666666666679,0.024666666666677273,Prueba
13.8,14.098400000000005,0.29840000000000444,Prueba
13.8,13.406000000000006,0.3939999999999948,Prueba
14.200000000000001,14.031200000000007,0.16879999999999384,Prueba
13.200000000000001,13.247999999999998,0.04799999999999649,Prueba
14.8,14.84199999999999,0.04199999999998916,Prueba
13.600000000000001,13.307266666666681,0.2927333333333202,Prueba
11.8,12.291999999999994,0.4919999999999938,Prueba
14.600000000000001,14.237333333333344,0.3626666666666569,Prueba
13.4,13.729999999999983,0.3299999999999823,Prueba
12.8,12.525999999999996,0.27400000000000446,Prueba
14.0,13.791999999999991,0.20800000000000907,Prueba
14.0,13.472000000000003,0.5279999999999969,Prueba
13.0,12.895499999999995,0.10450000000000514,Prueba
13.8,13.343999999999996,0.45600000000000485,Prueba
14.0,13.615999999999994,0.38400000000000567,Prueba
13.0,12.817999999999994,0.1820000000000057,Prueba
13.200000000000001,13.34799999999999,0.14799999999998903,Prueba
13.600000000000001,13.604,0.003999999999997783,Prueba
14.0,14.368000000000011,0.368000000000011,Prueba
12.200000000000001,12.182000000000007,0.017999999999993577,Prueba
14.0,14.144000000000007,0.14400000000000723,Prueba
13.200000000000001,13.462000000000005,0.262000000000004,Prueba
15.0,14.705999999999985,0.2940000000000147,Prueba
13.8,13.749999999999991,0.05000000000000959,Prueba
13.600000000000001,12.986000000000008,0.6139999999999937,Prueba
12.8,13.24000000000001,0.44000000000001016,Prueba
12.4,12.336000000000015,0.06399999999998585,Prueba
12.8,13.092828571428573,0.2928285714285721,Prueba
14.4,14.100000000000014,0.2999999999999865,Prueba
13.0,13.35800000000001,0.3580000000000094,Prueba
13.200000000000001,13.032,0.16800000000000104,Prueba
13.600000000000001,13.787999999999988,0.1879999999999864,Prueba
13.8,13.797999999999995,0.002000000000005997,Prueba
14.0,13.025999999999994,0.9740000000000055,Prueba
13.200000000000001,13.23000000000002,0.0300000000000189,Prueba
13.8,13.839333333333338,0.039333333333336995,Prueba
13.200000000000001,13.432000000000002,0.2320000000000011,Prueba
12.200000000000001,12.192,0.008000000000000895,Prueba
13.200000000000001,13.230000000000008,0.030000000000006466,Prueba
13.4,13.146000000000008,0.25399999999999245,Prueba
14.200000000000001,14.171500000000007,0.028499999999993975,Prueba
13.4,13.69199999999999,0.29199999999998916,Prueba
14.200000000000001,13.716,0.48400000000000176,Prueba
14.0,14.188000000000004,0.18800000000000416,Prueba
12.200000000000001,12.449000000000005,0.2490000000000041,Prueba
13.4,13.83200000000001,0.43200000000000927,Prueba
12.8,12.857999999999986,0.05799999999998562,Prueba
13.0,12.474000000000006,0.5259999999999945,Prueba
14.200000000000001,13.589799999999999,0.6102000000000025,Prueba
14.200000000000001,14.11,0.09000000000000163,Prueba
12.200000000000001,12.703999999999992,0.5039999999999907,Prueba
14.0,14.428099999999999,0.4280999999999988,Prueba
13.4,13.240666666666659,0.15933333333334154,Prueba
13.8,13.66,0.14000000000000057,Prueba
14.4,14.336000000000004,0.0639999999999965,Prueba
13.8,14.012000000000002,0.21200000000000152,Prueba
12.600000000000001,12.809000000000005,0.20900000000000318,Prueba
13.200000000000001,13.903999999999998,0.7039999999999971,Prueba
14.200000000000001,13.927999999999999,0.272000000000002,Prueba
14.200000000000001,14.289999999999996,0.08999999999999453,Prueba
14.200000000000001,13.887000000000002,0.31299999999999883,Prueba
14.600000000000001,14.422000000000004,0.17799999999999727,Prueba
13.8,13.590971428571427,0.20902857142857378,Prueba
12.8,12.826,0.0259999999999998,Prueba
13.0,13.10600000000001,0.10600000000001053,Prueba
12.600000000000001,13.016000000000012,0.416000000000011,Prueba
14.200000000000001,13.72856666666666,0.4714333333333407,Prueba
13.4,13.248000000000012,0.1519999999999886,Prueba
14.4,14.286,0.11400000000000077,Prueba
14.8,14.507999999999996,0.29200000000000514,Prueba
13.8,13.266000000000012,0.5339999999999883,Prueba
12.8,12.747999999999992,0.052000000000008484,Prueba
13.0,13.084000000000003,0.08400000000000318,Prueba
13.8,14.113500000000013,0.3135000000000119,Prueba
13.600000000000001,13.560000000000002,0.03999999999999915,Prueba
14.0,14.45999999999999,0.4599999999999902,Prueba
12.4,12.729999999999995,0.32999999999999474,Prueba
12.4,12.517999999999994,0.11799999999999322,Prueba
13.0,12.972000000000001,0.027999999999998693,Prueba
12.8,12.462,0.33800000000000097,Prueba
12.0,12.633999999999991,0.6339999999999915,Prueba
14.0,13.697999999999995,0.30200000000000493,Prueba
12.4,12.319999999999999,0.08000000000000185,Prueba
13.8,14.02200000000001,0.2220000000000084,Prueba
12.200000000000001,12.275,0.07499999999999929,Prueba
13.200000000000001,14.037000000000004,0.8370000000000033,Prueba
13.4,13.187000000000005,0.21299999999999564,Prueba
12.8,12.844666666666672,0.04466666666667152,Prueba
12.8,13.092000000000011,0.2920000000000105,Prueba
12.8,12.248000000000005,0.551999999999996,Prueba
14.0,13.927999999999995,0.0720000000000045,Prueba
14.200000000000001,14.090000000000014,0.109999999999987,Prueba
13.600000000000001,13.290000000000003,0.3099999999999987,Prueba
13.4,13.38733333333334,0.01266666666666083,Prueba
14.0,14.089666666666677,0.08966666666667678,Prueba
13.200000000000001,12.800833333333333,0.3991666666666678,Prueba
13.8,13.436000000000002,0.363999999999999,Prueba
13.0,13.146000000000008,0.1460000000000079,Prueba
12.8,12.743999999999998,0.056000000000002714,Prueba
14.0,13.700000000000012,0.2999999999999883,Prueba
14.200000000000001,13.622000000000003,0.5779999999999976,Prueba
13.8,13.941666666666652,0.1416666666666515,Prueba
13.600000000000001,14.055600000000004,0.4556000000000022,Prueba
14.200000000000001,14.675999999999993,0.475999999999992,Prueba
14.200000000000001,14.328000000000005,0.12800000000000367,Prueba
13.200000000000001,12.857999999999997,0.3420000000000041,Prueba
12.600000000000001,13.036000000000001,0.43599999999999994,Prueba
12.600000000000001,12.468000000000002,0.13199999999999967,Prueba
12.600000000000001,13.212000000000023,0.6120000000000214,Prueba
14.200000000000001,14.037857142857144,0.16214285714285737,Prueba
12.600000000000001,12.84199999999999,0.24199999999998845,Prueba
14.0,13.993200000000002,0.006799999999998363,Prueba
14.0,13.875166666666653,0.12483333333334734,Prueba
13.200000000000001,13.324400000000008,0.12440000000000673,Prueba
13.0,13.13800000000001,0.13800000000001056,Prueba
12.8,12.771999999999998,0.028000000000002245,Prueba
13.200000000000001,12.857999999999995,0.34200000000000585,Prueba
12.8,12.690000000000003,0.10999999999999766,Prueba
14.600000000000001,14.342866666666671,0.2571333333333303,Prueba
14.0,13.380000000000004,0.6199999999999957,Prueba
13.0,12.87,0.13000000000000078,Prueba
13.8,13.566000000000004,0.23399999999999643,Prueba
13.8,13.546000000000006,0.25399999999999423,Prueba
14.8,14.469999999999997,0.3300000000000036,Prueba
13.4,13.017999999999997,0.3820000000000032,Prueba
12.600000000000001,13.037499999999993,0.4374999999999911,Prueba
13.4,13.430000000000016,0.030000000000015348,Prueba
13.0,13.72000000000001,0.7200000000000095,Prueba
14.4,13.792,0.6080000000000005,Prueba
13.200000000000001,13.010000000000002,0.1899999999999995,Prueba
12.600000000000001,12.503333333333341,0.09666666666666046,Prueba
12.200000000000001,12.595199999999998,0.39519999999999733,Prueba
13.0,12.841999999999999,0.15800000000000125,Prueba
13.0,13.512,0.5120000000000005,Prueba
12.200000000000001,12.770800000000001,0.5708000000000002,Prueba
13.4,14.018000000000002,0.6180000000000021,Prueba
14.200000000000001,14.300800000000013,0.10080000000001199,Prueba
14.4,14.301333333333334,0.09866666666666646,Prueba
15.0,14.522000000000002,0.477999999999998,Prueba
14.0,13.39600000000001,0.6039999999999903,Prueba
12.600000000000001,13.017999999999994,0.41799999999999216,Prueba
13.8,13.705999999999996,0.09400000000000475,Prueba
12.8,13.014000000000015,0.21400000000001462,Prueba
13.4,13.511333333333335,0.1113333333333344,Prueba
15.0,14.373999999999992,0.6260000000000083,Prueba
14.0,13.524000000000003,0.4759999999999973,Prueba
12.200000000000001,12.882000000000007,0.6820000000000057,Prueba
13.8,14.150400000000005,0.35040000000000404,Prueba
13.8,13.828000000000005,0.02800000000000402,Prueba
13.600000000000001,13.172000000000011,0.42799999999999017,Prueba
14.0,13.432000000000002,0.5679999999999978,Prueba
13.0,13.065999999999999,0.06599999999999895,Prueba
14.200000000000001,13.610000000000003,0.5899999999999981,Prueba
14.8,14.705999999999987,0.09400000000001363,Prueba
14.200000000000001,14.126,0.07400000000000162,Prueba
13.200000000000001,13.42733333333333,0.22733333333332872,Prueba
13.8,13.72799999999999,0.07200000000000983,Prueba
14.200000000000001,14.428000000000004,0.2280000000000033,Prueba
13.0,12.699999999999987,0.30000000000001315,Prueba
12.600000000000001,13.212,0.6119999999999983,Prueba
13.4,13.711599999999999,0.31159999999999854,Prueba
13.4,13.717999999999991,0.31799999999999073,Prueba
14.200000000000001,14.178000000000004,0.02199999999999669,Prueba
13.200000000000001,12.793999999999988,0.406000000000013,Prueba
14.200000000000001,13.945999999999993,0.25400000000000844,Prueba
12.8,12.775999999999996,0.024000000000004462,Prueba
14.0,13.61599999999998,0.3840000000000199,Prueba
13.600000000000001,13.32,0.28000000000000114,Prueba
14.600000000000001,13.910666666666666,0.6893333333333356,Prueba
14.4,14.26,0.14000000000000057,Prueba
12.200000000000001,12.466000000000001,0.266,Prueba
13.600000000000001,13.575619047619035,0.024380952380965937,Prueba
13.600000000000001,13.891066666666656,0.29106666666665504,Prueba
14.0,14.050000000000006,0.05000000000000604,Prueba
12.8,13.284000000000006,0.4840000000000053,Prueba
13.4,13.657999999999992,0.257999999999992,Prueba
14.200000000000001,13.69199999999998,0.5080000000000204,Prueba
14.0,13.931999999999992,0.0680000000000085,Prueba
15.0,14.520000000000003,0.4799999999999969,Prueba
13.8,13.636,0.16400000000000148,Prueba
12.4,12.174000000000003,0.22599999999999731,Prueba
12.4,12.795666666666662,0.3956666666666617,Prueba
13.600000000000001,13.485333333333335,0.11466666666666647,Prueba
13.200000000000001,12.763,0.43700000000000117,Prueba
13.200000000000001,13.189999999999998,0.01000000000000334,Prueba
14.0,14.156666666666672,0.15666666666667162,Prueba
12.8,12.77300000000001,0.026999999999990365,Prueba
15.0,14.751999999999978,0.24800000000002242,Prueba
12.8,13.350000000000007,0.550000000000006,Prueba
13.8,13.681333333333333,0.11866666666666781,Prueba
13.600000000000001,13.578000000000015,0.02199999999998603,Prueba
13.0,13.376000000000007,0.37600000000000655,Prueba
13.8,13.500000000000005,0.2999999999999954,Prueba
14.0,13.763999999999987,0.2360000000000131,Prueba
14.0,13.662000000000011,0.33799999999998853,Prueba
13.600000000000001,14.093999999999987,0.49399999999998556,Prueba
14.0,13.798333333333325,0.2016666666666751,Prueba
14.200000000000001,14.33400000000001,0.13400000000000922,Prueba
13.8,13.557999999999991,0.24200000000000976,Prueba
13.200000000000001,13.116000000000003,0.08399999999999785,Prueba
13.8,13.661999999999985,0.1380000000000159,Prueba
12.8,13.170000000000007,0.3700000000000063,Prueba
13.0,12.93,0.07000000000000028,Prueba
13.600000000000001,13.30399999999999,0.2960000000000118,Prueba
14.0,14.208333333333341,0.20833333333334103,Prueba
12.8,12.620999999999995,0.1790000000000056,Prueba
13.600000000000001,13.566000000000004,0.033999999999997144,Prueba
13.0,12.936,0.06400000000000006,Prueba
14.0,14.150000000000002,0.15000000000000213,Prueba
13.600000000000001,13.585000000000004,0.014999999999997016,Prueba
13.4,13.752000000000004,0.35200000000000387,Prueba
14.200000000000001,13.586999999999996,0.6130000000000049,Prueba
14.200000000000001,13.484000000000007,0.715999999999994,Prueba
13.600000000000001,13.831999999999994,0.2319999999999922,Prueba
13.0,12.974,0.0259999999999998,Prueba
14.0,14.266666666666678,0.26666666666667815,Prueba
13.200000000000001,13.073999999999998,0.126000000000003,Prueba
12.200000000000001,12.286666666666667,0.086666666666666,Prueba
13.200000000000001,13.279300000000003,0.0793000000000017,Prueba
13.600000000000001,13.702999999999983,0.102999999999982,Prueba
14.4,14.071999999999997,0.32800000000000296,Prueba
12.8,12.785999999999994,0.014000000000006452,Prueba
13.8,13.459000000000005,0.34099999999999575,Prueba
13.4,13.526000000000009,0.12600000000000833,Prueba
13.200000000000001,13.042066666666669,0.15793333333333237,Prueba
13.8,13.393666666666661,0.40633333333333965,Prueba
13.4,13.053000000000011,0.3469999999999889,Prueba
12.600000000000001,12.352,0.2480000000000011,Prueba
13.8,13.468600000000002,0.3313999999999986,Prueba
13.8,13.747999999999989,0.05200000000001204,Prueba
13.8,13.80650000000001,0.00650000000000972,Prueba
12.8,12.642000000000001,0.15799999999999947,Prueba
13.600000000000001,14.23400000000001,0.6340000000000092,Prueba
13.0,12.932999999999998,0.06700000000000195,Prueba
13.4,13.14566666666666,0.2543333333333404,Prueba
13.8,13.677999999999987,0.1220000000000141,Prueba
13.4,13.228000000000009,0.17199999999999172,Prueba
15.0,14.829999999999993,0.17000000000000703,Prueba
12.4,12.604000000000008,0.20400000000000773,Prueba
13.600000000000001,13.05399999999999,0.5460000000000118,Prueba
14.200000000000001,13.987999999999994,0.21200000000000685,Prueba
12.8,12.586000000000011,0.21399999999998975,Prueba
13.8,13.779999999999996,0.020000000000004903,Prueba
12.200000000000001,12.130666666666668,0.0693333333333328,Prueba
13.8,13.304000000000007,0.49599999999999334,Prueba
13.600000000000001,13.807999999999998,0.20799999999999663,Prueba
12.8,12.862000000000002,0.062000000000001165,Prueba
13.0,12.889333333333328,0.11066666666667224,Prueba
14.4,14.286000000000007,0.11399999999999366,Prueba
14.0,14.211333333333336,0.21133333333333582,Prueba
12.200000000000001,12.154000000000005,0.04599999999999582,Prueba
14.8,14.60599999999999,0.1940000000000115,Prueba
13.8,13.066000000000004,0.7339999999999964,Prueba
13.600000000000001,13.418000000000005,0.18199999999999683,Prueba
13.8,13.597999999999999,0.20200000000000173,Prueba
13.600000000000001,13.831999999999999,0.23199999999999754,Prueba
13.0,12.875999999999992,0.12400000000000766,Prueba
13.0,13.018000000000002,0.01800000000000246,Prueba
13.0,12.848133333333333,0.15186666666666682,Prueba
13.8,13.60999999999999,0.19000000000001016,Prueba
13.200000000000001,12.912,0.28800000000000026,Prueba
12.8,13.081999999999999,0.28199999999999825,Prueba
13.200000000000001,13.11,0.09000000000000163,Prueba
13.8,13.792,0.008000000000000895,Prueba
14.0,13.707999999999991,0.2920000000000087,Prueba
13.200000000000001,13.471999999999998,0.2719999999999967,Prueba
12.600000000000001,13.200000000000003,0.6000000000000014,Prueba
12.4,12.588000000000005,0.18800000000000416,Prueba
13.200000000000001,13.543999999999993,0.3439999999999923,Prueba
13.600000000000001,13.470000000000011,0.12999999999999012,Prueba
13.4,13.296000000000008,0.1039999999999921,Prueba
12.600000000000001,12.687999999999994,0.08799999999999208,Prueba
12.4,12.889000000000003,0.48900000000000254,Prueba
13.0,13.086000000000006,0.08600000000000563,Prueba
14.200000000000001,13.868000000000006,0.3319999999999954,Prueba
13.8,13.102999999999998,0.6970000000000027,Prueba
13.8,13.687999999999999,0.11200000000000188,Prueba
13.8,13.75999999999998,0.040000000000020464,Prueba
13.4,13.441933333333337,0.041933333333336265,Prueba
13.600000000000001,13.338000000000006,0.2619999999999951,Prueba
13.8,14.502999999999991,0.7029999999999905,Prueba
12.4,12.637999999999993,0.23799999999999244,Prueba
13.600000000000001,13.377966666666673,0.22203333333332864,Prueba
13.0,13.569999999999995,0.569999999999995,Prueba
13.600000000000001,13.67799999999999,0.07799999999998875,Prueba
12.8,12.623999999999999,0.17600000000000193,Prueba
13.0,12.937999999999994,0.062000000000006494,Prueba
13.200000000000001,13.366000000000003,0.16600000000000215,Prueba
14.0,13.995999999999997,0.004000000000003112,Prueba
13.600000000000001,13.351733333333323,0.2482666666666784,Prueba
14.4,14.75199999999998,0.351999999999979,Prueba
13.200000000000001,12.980000000000002,0.21999999999999886,Prueba
12.600000000000001,12.942666666666675,0.34266666666667334,Prueba
14.0,13.808000000000007,0.19199999999999307,Prueba
13.600000000000001,13.413999999999996,0.18600000000000527,Prueba
14.4,14.28400000000001,0.11599999999999078,Prueba
13.8,13.587000000000003,0.2129999999999974,Prueba
12.600000000000001,12.846000000000004,0.24600000000000222,Prueba
14.200000000000001,13.721999999999985,0.47800000000001575,Prueba
12.200000000000001,12.292000000000003,0.0920000000000023,Prueba
13.4,13.225999999999997,0.17400000000000304,Prueba
14.0,14.240000000000007,0.24000000000000732,Prueba
12.200000000000001,12.535833333333331,0.3358333333333299,Prueba
14.4,14.411999999999987,0.011999999999986244,Prueba
13.4,13.217333333333345,0.18266666666665543,Prueba
13.200000000000001,12.889999999999995,0.3100000000000058,Prueba
12.600000000000001,12.873999999999997,0.2739999999999956,Prueba
13.200000000000001,13.378000000000004,0.1780000000000026,Prueba
12.8,12.729999999999997,0.07000000000000384,Prueba
13.8,13.727299999999989,0.07270000000001176,Prueba
13.8,13.90959999999999,0.1095999999999897,Prueba
13.600000000000001,13.160000000000004,0.4399999999999977,Prueba
13.4,13.546000000000001,0.1460000000000008,Prueba
14.600000000000001,14.442000000000009,0.15799999999999237,Prueba
14.200000000000001,14.166000000000002,0.03399999999999892,Prueba
13.600000000000001,13.400933333333327,0.19906666666667405,Prueba
13.600000000000001,13.251333333333342,0.34866666666665935,Prueba
13.8,13.241999999999994,0.5580000000000069,Prueba
13.0,12.96200000000001,0.0379999999999896,Prueba
13.200000000000001,13.300000000000004,0.1000000000000032,Prueba
12.8,13.036000000000008,0.23600000000000776,Prueba
13.4,13.043000000000001,0.3569999999999993,Prueba
13.8,13.579999999999993,0.22000000000000774,Prueba
13.4,13.508000000000006,0.10800000000000587,Prueba
13.600000000000001,13.35400000000001,0.24599999999999156,Prueba
13.4,13.641999999999998,0.24199999999999733,Prueba
13.600000000000001,13.88999999999998,0.28999999999997783,Prueba
12.600000000000001,12.733999999999998,0.1339999999999968,Prueba
14.4,13.883999999999993,0.5160000000000071,Prueba
14.600000000000001,14.052,0.5480000000000018,Prueba
13.0,12.811333333333334,0.18866666666666632,Prueba
13.8,13.77866666666667,0.021333333333330984,Prueba
12.8,13.038866666666658,0.23886666666665768,Prueba
13.4,12.964999999999993,0.4350000000000076,Prueba
14.600000000000001,14.34400000000001,0.25599999999999135,Prueba
12.600000000000001,12.907999999999994,0.3079999999999927,Prueba
13.4,13.463999999999992,0.06399999999999118,Prueba
14.200000000000001,14.211999999999998,0.011999999999996902,Prueba
13.0,13.38166666666667,0.3816666666666695,Prueba
13.4,13.489999999999995,0.08999999999999453,Prueba
13.8,13.589999999999993,0.21000000000000796,Prueba
14.4,13.975999999999997,0.42400000000000304,Prueba
13.4,13.366742857142862,0.03325714285713843,Prueba
13.8,13.706000000000003,0.09399999999999764,Prueba
13.8,13.969999999999995,0.1699999999999946,Prueba
14.0,13.854,0.1460000000000008,Prueba
13.4,13.807999999999982,0.4079999999999817,Prueba
14.4,13.938000000000004,0.4619999999999962,Prueba
13.600000000000001,13.827999999999996,0.22799999999999443,Prueba
13.0,13.044000000000004,0.044000000000004036,Prueba
14.0,13.90399999999999,0.09600000000001074,Prueba
13.0,13.026,0.0259999999999998,Prueba
12.200000000000001,12.72399999999999,0.5239999999999885,Prueba
13.4,13.23800000000001,0.16199999999999015,Prueba
13.0,12.838000000000001,0.16199999999999903,Prueba
12.200000000000001,12.84199999999999,0.6419999999999888,Prueba
14.0,14.124133333333338,0.12413333333333831,Prueba
12.4,12.470000000000002,0.07000000000000206,Prueba
13.200000000000001,12.875400000000004,0.32459999999999667,Prueba
13.200000000000001,13.426000000000005,0.22600000000000442,Prueba
12.600000000000001,12.222000000000005,0.37799999999999656,Prueba
12.8,12.965200000000003,0.16520000000000223,Prueba
14.600000000000001,14.773999999999987,0.17399999999998528,Prueba
13.4,13.418000000000006,0.01800000000000601,Prueba
12.4,12.636,0.23599999999999888,Prueba
12.600000000000001,12.753333333333332,0.15333333333333066,Prueba
13.200000000000001,13.178333333333335,0.0216666666666665,Prueba
14.0,13.180000000000005,0.819999999999995,Prueba
13.0,13.288100000000002,0.2881000000000018,Prueba
13.600000000000001,13.60999999999999,0.009999999999989129,Prueba
14.600000000000001,13.966499999999995,0.6335000000000068,Prueba
13.200000000000001,13.176000000000009,0.023999999999992028,Prueba
14.200000000000001,13.710666666666674,0.4893333333333274,Prueba
12.600000000000001,13.12999999999999,0.5299999999999887,Prueba
13.0,13.500000000000007,0.5000000000000071,Prueba
13.4,13.38800000000001,0.011999999999989797,Prueba
13.8,13.844099999999996,0.04409999999999492,Prueba
13.600000000000001,13.693999999999992,0.09399999999999054,Prueba
13.0,13.258000000000006,0.2580000000000062,Prueba
14.0,14.004999999999995,0.0049999999999954525,Prueba
12.0,11.969999999999986,0.03000000000001357,Prueba
11.8,12.083999999999996,0.28399999999999537,Prueba
13.8,14.139999999999992,0.339999999999991,Prueba
13.200000000000001,13.106000000000009,0.09399999999999231,Prueba
13.600000000000001,13.470000000000006,0.12999999999999545,Prueba
13.600000000000001,13.899999999999993,0.29999999999999183,Prueba
13.0,12.933999999999996,0.06600000000000428,Prueba
14.0,14.041333333333327,0.041333333333327005,Prueba
14.0,13.406999999999988,0.5930000000000124,Prueba
13.600000000000001,13.631000000000013,0.03100000000001124,Prueba
13.200000000000001,13.176000000000018,0.023999999999983146,Prueba
13.4,13.582,0.18200000000000038,Prueba
13.600000000000001,13.481999999999998,0.11800000000000388,Prueba
14.0,14.486000000000004,0.4860000000000042,Prueba
12.4,12.636,0.23599999999999888,Prueba
12.600000000000001,12.626666666666676,0.026666666666674388,Prueba
14.4,14.251999999999999,0.14800000000000146,Prueba
14.0,14.094000000000003,0.09400000000000297,Prueba
13.600000000000001,13.838000000000006,0.23800000000000487,Prueba
13.200000000000001,13.01,0.19000000000000128,Prueba
13.4,13.35200000000001,0.04799999999999116,Prueba
13.0,12.98,0.019999999999999574,Prueba
13.8,13.292000000000009,0.507999999999992,Prueba
13.200000000000001,13.120000000000006,0.07999999999999474,Prueba
13.200000000000001,13.43999999999999,0.23999999999998956,Prueba
13.4,14.012000000000015,0.6120000000000143,Prueba
13.200000000000001,13.524000000000003,0.3240000000000016,Prueba
12.4,13.156000000000008,0.7560000000000073,Prueba
14.600000000000001,14.016000000000002,0.5839999999999996,Prueba
13.600000000000001,13.919666666666663,0.3196666666666612,Prueba
12.8,12.46199999999999,0.33800000000000985,Prueba
13.4,13.094000000000001,0.30599999999999916,Prueba
13.4,12.834000000000009,0.5659999999999918,Prueba
13.8,13.646133333333331,0.15386666666666926,Prueba
13.8,13.702,0.09800000000000075,Prueba
14.200000000000001,13.714000000000004,0.4859999999999971,Prueba
13.600000000000001,14.024000000000006,0.4240000000000048,Prueba
12.4,11.909999999999986,0.4900000000000144,Prueba
14.600000000000001,14.305999999999992,0.29400000000000936,Prueba
13.8,13.964000000000004,0.16400000000000325,Prueba
14.600000000000001,14.49799999999999,0.10200000000001097,Prueba
14.200000000000001,13.703999999999997,0.496000000000004,Prueba
12.4,13.050000000000004,0.6500000000000039,Prueba
13.600000000000001,14.069,0.4689999999999994,Prueba
13.8,13.92,0.11999999999999922,Prueba
12.4,12.788000000000002,0.3880000000000017,Prueba
14.0,13.8072,0.19280000000000008,Prueba
12.600000000000001,12.355000000000016,0.244999999999985,Prueba
13.0,13.515200000000009,0.515200000000009,Prueba
12.4,12.71849999999999,0.31849999999998957,Prueba
13.600000000000001,13.66133333333332,0.0613333333333177,Prueba
13.4,13.678000000000003,0.27800000000000225,Prueba
13.200000000000001,13.3225,0.12249999999999872,Prueba
13.600000000000001,13.940000000000007,0.3400000000000052,Prueba
13.200000000000001,13.362000000000002,0.1620000000000008,Prueba
12.200000000000001,12.35033333333334,0.15033333333333943,Prueba
12.4,12.787999999999986,0.3879999999999857,Prueba
14.0,14.010000000000012,0.010000000000012221,Prueba
14.4,13.762,0.6379999999999999,Prueba
14.0,14.090000000000016,0.09000000000001585,Prueba
12.600000000000001,12.64966666666666,0.04966666666665809,Prueba
12.600000000000001,13.316000000000006,0.7160000000000046,Prueba
14.200000000000001,13.812999999999999,0.38700000000000223,Prueba
13.600000000000001,13.268000000000002,0.33199999999999896,Prueba
13.0,13.103,0.10299999999999976,Prueba
12.8,12.944,0.14400000000000013,Prueba
12.4,12.21200000000002,0.18799999999998107,Prueba
13.600000000000001,13.541999999999994,0.058000000000006935,Prueba
13.200000000000001,13.244000000000014,0.04400000000001292,Prueba
13.4,14.28462857142857,0.8846285714285695,Prueba
13.0,13.248000000000008,0.2480000000000082,Prueba
13.600000000000001,14.026,0.4259999999999984,Prueba
13.600000000000001,13.496000000000011,0.10399999999999032,Prueba
13.0,12.606000000000009,0.39399999999999125,Prueba
13.600000000000001,13.263333333333332,0.33666666666666956,Prueba
13.600000000000001,13.40205714285715,0.1979428571428521,Prueba
14.200000000000001,14.269333333333332,0.06933333333333103,Prueba
13.0,13.068333333333342,0.06833333333334224,Prueba
12.600000000000001,12.592,0.008000000000000895,Prueba
14.4,13.638000000000009,0.7619999999999916,Prueba
13.600000000000001,13.413999999999998,0.1860000000000035,Prueba
13.200000000000001,12.989999999999998,0.21000000000000263,Prueba
13.0,12.811999999999994,0.18800000000000594,Prueba
14.0,13.648000000000009,0.35199999999999143,Prueba
14.0,13.870000000000003,0.12999999999999723,Prueba
13.8,14.016000000000002,0.21600000000000108,Prueba
14.4,14.183500000000004,0.21649999999999636,Prueba
13.0,13.280000000000019,0.2800000000000189,Prueba
13.600000000000001,13.747000000000007,0.14700000000000557,Prueba
14.0,14.212000000000005,0.21200000000000507,Prueba
13.600000000000001,13.883799999999997,0.28379999999999583,Prueba
12.0,12.264000000000005,0.2640000000000047,Prueba
13.0,13.326333333333345,0.3263333333333449,Prueba
14.200000000000001,13.755999999999993,0.44400000000000794,Prueba
12.4,12.704999999999993,0.3049999999999926,Prueba
13.200000000000001,13.010666666666665,0.18933333333333557,Prueba
13.8,13.263333333333327,0.5366666666666742,Prueba
13.4,13.146000000000006,0.25399999999999423,Prueba
14.0,14.441500000000005,0.4415000000000049,Prueba
13.4,13.396000000000004,0.003999999999996007,Prueba
14.200000000000001,14.118199999999996,0.08180000000000476,Prueba
12.8,13.336000000000004,0.5360000000000031,Prueba
13.600000000000001,13.834000000000009,0.2340000000000071,Prueba
14.0,14.025999999999996,0.02599999999999625,Prueba
13.8,14.232000000000001,0.4320000000000004,Prueba
13.600000000000001,14.226,0.6259999999999994,Prueba
14.0,13.422500000000003,0.577499999999997,Prueba
13.0,12.858000000000002,0.14199999999999768,Prueba
13.0,13.024666666666668,0.02466666666666839,Prueba
12.600000000000001,12.828000000000005,0.2280000000000033,Prueba
13.600000000000001,13.830666666666673,0.23066666666667146,Prueba
13.4,13.326000000000016,0.07399999999998386,Prueba
12.600000000000001,12.685999999999995,0.08599999999999319,Prueba
12.200000000000001,12.241999999999985,0.04199999999998383,Prueba
13.600000000000001,13.735999999999988,0.1359999999999868,Prueba
12.200000000000001,12.605999999999996,0.40599999999999525,Prueba
13.4,13.430000000000007,0.030000000000006466,Prueba
13.600000000000001,13.780666666666663,0.18066666666666187,Prueba
14.4,14.629999999999995,0.2299999999999951,Prueba
12.600000000000001,13.475999999999997,0.8759999999999959,Prueba
13.200000000000001,13.32466666666667,0.12466666666666981,Prueba
14.4,14.244000000000012,0.15599999999998815,Prueba
13.200000000000001,13.712000000000003,0.5120000000000022,Prueba
13.200000000000001,13.142666666666669,0.05733333333333235,Prueba
12.8,12.550933333333335,0.24906666666666588,Prueba
14.0,13.775999999999993,0.2240000000000073,Prueba
13.8,13.886199999999999,0.08619999999999806,Prueba
13.8,13.825999999999999,0.025999999999998025,Prueba
13.200000000000001,13.510666666666658,0.3106666666666573,Prueba
13.0,13.031000000000011,0.03100000000001124,Prueba
13.600000000000001,12.696000000000009,0.9039999999999928,Prueba
14.0,14.036000000000001,0.036000000000001364,Prueba
14.200000000000001,13.565999999999992,0.6340000000000092,Prueba
14.0,14.074666666666667,0.07466666666666733,Prueba
12.4,12.240000000000004,0.1599999999999966,Prueba
13.200000000000001,13.039999999999996,0.16000000000000547,Prueba
12.8,13.236000000000008,0.43600000000000705,Prueba
14.600000000000001,14.038,0.5620000000000012,Prueba
12.600000000000001,13.158000000000005,0.5580000000000034,Prueba
13.200000000000001,12.532,0.668000000000001,Prueba
12.0,12.231200000000001,0.23120000000000118,Prueba
13.4,13.260000000000002,0.1399999999999988,Prueba
13.4,13.417999999999997,0.01799999999999713,Prueba
12.600000000000001,12.655999999999983,0.0559999999999814,Prueba
13.4,13.12,0.28000000000000114,Prueba
13.8,13.409666666666663,0.39033333333333786,Prueba
12.8,12.685999999999996,0.11400000000000432,Prueba
12.600000000000001,12.517333333333339,0.08266666666666289,Prueba
13.600000000000001,13.596000000000004,0.003999999999997783,Prueba
12.4,12.637999999999998,0.23799999999999777,Prueba
13.4,13.060000000000016,0.33999999999998387,Prueba
13.0,13.16000000000001,0.1600000000000108,Prueba
14.4,14.174333333333328,0.22566666666667246,Prueba
13.8,14.022,0.22199999999999953,Prueba
13.600000000000001,13.151999999999996,0.4480000000000057,Prueba
13.4,13.010000000000007,0.38999999999999346,Prueba
13.0,13.078000000000008,0.07800000000000828,Prueba
14.200000000000001,14.184000000000001,0.016000000000000014,Prueba
13.600000000000001,13.342666666666668,0.2573333333333334,Prueba
14.0,13.580000000000009,0.41999999999999105,Prueba
13.8,13.512000000000006,0.2879999999999949,Prueba
13.0,13.025499999999992,0.025499999999992085,Prueba
12.8,12.93133333333333,0.13133333333332864,Prueba
14.0,13.378000000000007,0.6219999999999928,Prueba
13.0,13.32200000000001,0.32200000000000983,Prueba
13.4,13.767999999999997,0.3679999999999968,Prueba
12.4,12.508000000000006,0.10800000000000587,Prueba
13.600000000000001,13.675999999999995,0.0759999999999934,Prueba
13.600000000000001,13.968,0.36799999999999855,Prueba
13.600000000000001,13.52700000000001,0.07299999999999152,Prueba
12.8,13.014000000000008,0.21400000000000752,Prueba
12.8,12.940000000000005,0.14000000000000412,Prueba
13.600000000000001,13.727999999999986,0.12799999999998413,Prueba
13.600000000000001,13.558000000000007,0.041999999999994486,Prueba
13.4,13.453999999999999,0.053999999999998494,Prueba
13.4,13.85599999999999,0.45599999999998886,Prueba
13.0,13.26200000000001,0.26200000000000934,Prueba
13.8,13.531999999999998,0.26800000000000246,Prueba
13.8,13.946000000000009,0.1460000000000079,Prueba
14.4,13.901999999999994,0.49800000000000644,Prueba
14.4,14.025000000000013,0.37499999999998757,Prueba
13.0,12.887999999999993,0.1120000000000072,Prueba
14.0,13.44490476190476,0.5550952380952392,Prueba
14.200000000000001,14.236000000000004,0.03600000000000314,Prueba
15.0,14.533999999999997,0.46600000000000286,Prueba
12.8,12.485999999999999,0.31400000000000183,Prueba
13.0,13.360400000000013,0.3604000000000127,Prueba
13.0,13.334999999999994,0.33499999999999375,Prueba
13.200000000000001,13.477999999999994,0.27799999999999336,Prueba
14.4,14.527999999999986,0.1279999999999859,Prueba
13.200000000000001,13.236000000000011,0.036000000000010246,Prueba
13.200000000000001,13.314000000000007,0.1140000000000061,Prueba
14.0,14.455999999999996,0.45599999999999596,Prueba
12.8,13.329999999999993,0.5299999999999923,Prueba
14.600000000000001,14.066000000000004,0.5339999999999971,Prueba
14.0,14.144000000000007,0.14400000000000723,Prueba
13.600000000000001,13.763999999999992,0.16399999999999082,Prueba
13.0,13.13000000000001,0.13000000000000966,Prueba
14.200000000000001,13.815999999999988,0.3840000000000128,Prueba
14.0,13.811999999999998,0.1880000000000024,Prueba
12.8,12.793999999999997,0.00600000000000378,Prueba
13.200000000000001,13.479999999999997,0.2799999999999958,Prueba
14.0,13.723999999999997,0.27600000000000335,Prueba
13.600000000000001,12.85066666666666,0.7493333333333414,Prueba
13.8,13.110000000000003,0.6899999999999977,Prueba
13.4,13.740666666666655,0.3406666666666549,Prueba
13.4,13.026,0.37400000000000055,Prueba
13.0,12.8905,0.1095000000000006,Prueba
13.200000000000001,13.693999999999992,0.4939999999999909,Prueba
13.200000000000001,13.649999999999988,0.44999999999998685,Prueba
13.4,13.08200000000001,0.31799999999999073,Prueba
12.8,12.54600000000001,0.2539999999999907,Prueba
13.8,13.887999999999987,0.08799999999998676,Prueba
13.600000000000001,13.432000000000006,0.1679999999999957,Prueba
12.4,12.178000000000003,0.22199999999999775,Prueba
13.200000000000001,13.34133333333333,0.14133333333332843,Prueba
12.600000000000001,12.655999999999992,0.05599999999999028,Prueba
13.200000000000001,13.365999999999996,0.16599999999999504,Prueba
